"Code";"Name";"total;total;2021;[person]";"total;tertiary;2021;[person]";"total;secondary and post-secondary - total;2021;[person]";"total;secondary and post-secondary - general secondary;2021;[person]";"total;secondary and post-secondary - vocational secondary;2021;[person]";"total;basic vocational/sectoral;2021;[person]";"total;lower secondary;2021;[person]";"total;primary completed;2021;[person]";"total;primary not completed and without school education;2021;[person]";"total;unknown;2021;[person]";"males;total;2021;[person]";"males;tertiary;2021;[person]";"males;secondary and post-secondary - total;2021;[person]";"males;secondary and post-secondary - general secondary;2021;[person]";"males;secondary and post-secondary - vocational secondary;2021;[person]";"males;basic vocational/sectoral;2021;[person]";"males;lower secondary;2021;[person]";"males;primary completed;2021;[person]";"males;primary not completed and without school education;2021;[person]";"males;unknown;2021;[person]";"females;total;2021;[person]";"females;tertiary;2021;[person]";"females;secondary and post-secondary - total;2021;[person]";"females;secondary and post-secondary - general secondary;2021;[person]";"females;secondary and post-secondary - vocational secondary;2021;[person]";"females;basic vocational/sectoral;2021;[person]";"females;lower secondary;2021;[person]";"females;primary completed;2021;[person]";"females;primary not completed and without school education;2021;[person]";"females;unknown;2021;[person]";
0201000;"Powiat bolesławiecki";76739;13420;26886;7994;16114;19575;2207;9772;2344;2535;36913;5069;12655;3114;8749;11332;1222;4126;1128;1381;39826;8351;14231;4880;7365;8243;985;5646;1216;1154;
0202000;"Powiat dzierżoniowski";86543;14680;31483;9645;18302;19891;2415;11947;2518;3609;40719;5554;14435;3734;9592;11080;1380;5258;1168;1844;45824;9126;17048;5911;8710;8811;1035;6689;1350;1765;
0203000;"Powiat głogowski";75191;15725;27891;8358;16723;17123;2175;7877;2423;1977;36199;6070;13254;3157;9294;10086;1263;3251;1176;1099;38992;9655;14637;5201;7429;7037;912;4626;1247;878;
0204000;"Powiat górowski";29042;3962;9693;2563;6148;8087;1091;4556;958;695;14367;1408;4531;972;3233;4902;657;2021;471;377;14675;2554;5162;1591;2915;3185;434;2535;487;318;
0205000;"Powiat jaworski";42493;7222;14572;4547;8554;11316;1224;5524;1299;1336;20689;2722;6641;1717;4495;6795;725;2436;632;738;21804;4500;7931;2830;4059;4521;499;3088;667;598;
0206000;"Powiat karkonoski";54667;10784;19116;6195;10820;13010;1642;6231;1710;2174;26111;4193;8594;2382;5570;7589;930;2803;850;1152;28556;6591;10522;3813;5250;5421;712;3428;860;1022;
0207000;"Powiat kamiennogórski";36913;5690;12066;3972;7228;10939;1043;4848;1116;1211;17830;2034;5533;1605;3615;6334;600;2127;542;660;19083;3656;6533;2367;3613;4605;443;2721;574;551;
0208000;"Powiat kłodzki";134790;23132;50494;16189;28618;31362;3715;17800;3814;4473;64042;8787;22963;6269;14915;18134;2118;7732;1901;2407;70748;14345;27531;9920;13703;13228;1597;10068;1913;2066;
0209000;"Powiat legnicki";47367;8649;16663;4435;10825;11250;1471;6561;1531;1242;23012;3324;7911;1649;5862;6661;877;2886;695;658;24355;5325;8752;2786;4963;4589;594;3675;836;584;
0210000;"Powiat lubański";46595;7635;17323;4894;10854;12092;1363;5321;1349;1512;22404;2917;7883;1885;5533;7015;787;2345;677;780;24191;4718;9440;3009;5321;5077;576;2976;672;732;
0211000;"Powiat lubiński";90704;20526;32444;9819;19163;20148;2298;9965;2624;2699;43328;8099;15296;3729;10649;11718;1317;4092;1326;1480;47376;12427;17148;6090;8514;8430;981;5873;1298;1219;
0212000;"Powiat lwówecki";38811;6037;13531;4600;7558;10778;1138;4845;1156;1326;18874;2285;6136;1782;3941;6356;647;2141;604;705;19937;3752;7395;2818;3617;4422;491;2704;552;621;
0213000;"Powiat milicki";31027;4722;10682;3694;5962;8878;918;4052;1134;641;15250;1732;4861;1468;3132;5385;527;1823;561;361;15777;2990;5821;2226;2830;3493;391;2229;573;280;
0214000;"Powiat oleśnicki";91536;17419;32373;10927;18135;22604;2722;11334;2855;2229;44360;6649;14933;4501;9484;13498;1554;5043;1441;1242;47176;10770;17440;6426;8651;9106;1168;6291;1414;987;
0215000;"Powiat oławski";66642;14309;24456;8415;13154;14649;1804;7439;2015;1970;32169;5529;11391;3572;7014;8829;1019;3258;1040;1103;34473;8780;13065;4843;6140;5820;785;4181;975;867;
0216000;"Powiat polkowicki";52620;8859;17721;5539;10591;14176;1582;6944;1798;1540;25745;3312;8481;2059;5964;8414;886;2922;887;843;26875;5547;9240;3480;4627;5762;696;4022;911;697;
0217000;"Powiat strzeliński";36837;6247;13681;4240;8211;9038;998;4896;1101;876;18010;2229;6653;1789;4493;5470;556;2101;532;469;18827;4018;7028;2451;3718;3568;442;2795;569;407;
0218000;"Powiat średzki";48878;10340;16410;5259;9645;11646;1463;6255;1689;1075;23937;4012;7698;2248;4958;7145;838;2852;807;585;24941;6328;8712;3011;4687;4501;625;3403;882;490;
0219000;"Powiat świdnicki";134638;27206;48388;14435;28889;31193;3830;15719;3861;4441;64164;10616;22151;5508;15120;18167;2226;6834;1861;2309;70474;16590;26237;8927;13769;13026;1604;8885;2000;2132;
0220000;"Powiat trzebnicki";74466;16214;24764;8433;13455;18440;2069;8692;2331;1956;36281;6298;11540;3551;7083;11141;1142;3894;1145;1121;38185;9916;13224;4882;6372;7299;927;4798;1186;835;
0221000;"Powiat wałbrzyski";47771;8218;16075;5251;9243;11842;1662;6815;1440;1719;22696;3102;7283;1972;4830;6960;952;2872;656;871;25075;5116;8792;3279;4413;4882;710;3943;784;848;
0222000;"Powiat wołowski";40252;7666;14845;4313;8901;9646;1063;4810;1185;1037;19511;2817;7081;1807;4763;5812;592;2081;571;557;20741;4849;7764;2506;4138;3834;471;2729;614;480;
0223000;"Powiat wrocławski";142581;50377;44766;16126;23571;22330;4009;13248;4919;2932;69370;21322;22071;7264;13100;13510;2309;6053;2481;1624;73211;29055;22695;8862;10471;8820;1700;7195;2438;1308;
0224000;"Powiat ząbkowicki";55208;8945;21196;5762;13190;13224;1501;6949;1650;1743;26570;3219;9718;2102;6970;8098;839;2990;794;912;28638;5726;11478;3660;6220;5126;662;3959;856;831;
0225000;"Powiat zgorzelecki";77257;13025;27728;8772;16371;18635;2282;10259;2374;2954;37304;5137;12867;3443;8665;10855;1258;4410;1155;1622;39953;7888;14861;5329;7706;7780;1024;5849;1219;1332;
0226000;"Powiat złotoryjski";36516;5906;11742;3443;7238;10250;1139;5255;1171;1053;17762;2217;5384;1302;3773;6070;652;2332;548;559;18754;3689;6358;2141;3465;4180;487;2923;623;494;
0261000;"City with powiat status Jelenia Góra";69432;17735;25986;8297;14656;13398;1682;6018;1664;2949;31898;7122;11413;3222;7306;7554;960;2507;807;1535;37534;10613;14573;5075;7350;5844;722;3511;857;1414;
0262000;"City with powiat status Legnica";83631;20807;30470;9772;17293;16447;2364;8187;2101;3255;38915;8251;13774;3936;8869;9251;1397;3399;1074;1769;44716;12556;16696;5836;8424;7196;967;4788;1027;1486;
0264000;"City with powiat status Wrocław";591335;247094;194817;76201;93104;70786;11271;37845;11958;17564;274380;106341;90265;33332;48814;40408;6367;15970;5895;9134;316955;140753;104552;42869;44290;30378;4904;21875;6063;8430;
0265000;"City with powiat status Wałbrzych since 2013";93685;18328;32591;10846;17810;21671;2755;11884;2330;4126;43537;7216;14442;3991;9236;12274;1511;4703;1133;2258;50148;11112;18149;6855;8574;9397;1244;7181;1197;1868;
0401000;"Powiat aleksandrowski";47168;8101;16032;5232;8916;12856;1559;6280;1444;896;22687;2893;7330;2082;4708;7528;914;2778;765;479;24481;5208;8702;3150;4208;5328;645;3502;679;417;
0402000;"Powiat brodnicki";66389;10440;20757;6791;12343;18526;2200;10869;2201;1396;32708;3943;9513;2878;6128;11400;1262;4676;1143;771;33681;6497;11244;3913;6215;7126;938;6193;1058;625;
0403000;"Powiat bydgoski";103150;26519;32151;10976;18348;23420;3554;11439;3551;2516;50745;10861;15388;4355;10215;14136;2088;4938;1872;1462;52405;15658;16763;6621;8133;9284;1466;6501;1679;1054;
0404000;"Powiat chełmiński";43201;6165;13413;4577;7573;12372;1610;6835;1441;1365;20977;2335;6125;1908;3823;7169;894;2964;744;746;22224;3830;7288;2669;3750;5203;716;3871;697;619;
0405000;"Powiat golubsko-dobrzyński";37717;5202;12242;4932;6315;10578;1301;6482;1158;754;18577;1866;5599;1971;3328;6504;745;2849;607;407;19140;3336;6643;2961;2987;4074;556;3633;551;347;
0406000;"Powiat grudziądzki";33300;4552;10090;3483;5771;9402;1282;5982;1217;775;16623;1699;4737;1459;3028;5753;738;2628;627;441;16677;2853;5353;2024;2743;3649;544;3354;590;334;
0407000;"Powiat inowrocławski";135028;22430;48561;15684;28568;35355;3684;18339;3778;2881;64764;8691;22110;6306;14468;20996;2154;7299;1886;1628;70264;13739;26451;9378;14100;14359;1530;11040;1892;1253;
0408000;"Powiat lipnowski";54670;7516;16897;5851;9702;14429;2138;10847;1780;1063;26951;2665;7823;2183;5248;8877;1275;4853;884;574;27719;4851;9074;3668;4454;5552;863;5994;896;489;
0409000;"Powiat mogileński";38325;5683;12997;4106;7777;11434;1162;5253;1178;618;18641;2078;5898;1544;4032;7048;652;2025;589;351;19684;3605;7099;2562;3745;4386;510;3228;589;267;
0410000;"Powiat nakielski";71711;10867;21768;6925;13195;21801;2644;10770;2296;1565;35189;4158;9811;2686;6627;13371;1501;4331;1168;849;36522;6709;11957;4239;6568;8430;1143;6439;1128;716;
0411000;"Powiat radziejowski";34028;4942;11113;2923;7430;8996;1027;6631;1020;299;16699;1754;5318;1088;3988;5576;556;2873;462;160;17329;3188;5795;1835;3442;3420;471;3758;558;139;
0412000;"Powiat rypiński";36136;4944;10937;3492;6576;8857;1326;8193;1247;632;17677;1777;4830;1338;3208;5482;760;3845;619;364;18459;3167;6107;2154;3368;3375;566;4348;628;268;
0413000;"Powiat sępoleński";33826;4453;10323;3099;6225;10243;1260;5643;1210;694;16738;1594;4503;1112;3094;6587;718;2307;632;397;17088;2859;5820;1987;3131;3656;542;3336;578;297;
0414000;"Powiat świecki";82391;11992;26117;8695;15008;24514;2722;12214;2714;2118;40287;4499;11805;3403;7721;14715;1561;5129;1423;1155;42104;7493;14312;5292;7287;9799;1161;7085;1291;963;
0415000;"Powiat toruński";93299;18311;29935;10543;16582;23134;3480;13085;3327;2027;45827;7260;14187;4345;9070;13730;2058;5726;1752;1114;47472;11051;15748;6198;7512;9404;1422;7359;1575;913;
0416000;"Powiat tucholski";40210;5628;11909;3532;7438;13008;1540;6115;1330;680;19929;2061;5302;1298;3729;8031;877;2584;703;371;20281;3567;6607;2234;3709;4977;663;3531;627;309;
0417000;"Powiat wąbrzeski";28488;3834;9149;2821;5403;8020;1144;4725;886;730;14059;1450;4132;1135;2728;4927;629;2091;453;377;14429;2384;5017;1686;2675;3093;515;2634;433;353;
0418000;"Powiat włocławski";72400;10897;22599;7834;12939;18670;2337;14584;2357;956;35669;3877;10663;2977;7112;11658;1350;6414;1161;546;36731;7020;11936;4857;5827;7012;987;8170;1196;410;
0419000;"Powiat żniński";58848;8783;19257;5477;12421;18316;1811;7850;1778;1053;28808;3244;8622;2017;6202;11335;1042;3077;884;604;30040;5539;10635;3460;6219;6981;769;4773;894;449;
0461000;"City with powiat status Bydgoszcz";297903;86628;102430;34518;57112;59106;7598;25903;6810;9428;137658;36124;45238;13615;28629;33277;4356;10167;3432;5064;160245;50504;57192;20903;28483;25829;3242;15736;3378;4364;
0462000;"City with powiat status Grudziądz";79760;14605;29252;10442;15157;18973;2391;9523;2161;2855;37314;5893;13018;4248;7700;10754;1333;3670;1093;1553;42446;8712;16234;6194;7457;8219;1058;5853;1068;1302;
0463000;"City with powiat status Toruń";174283;52847;60939;20544;32796;31228;4518;15406;3958;5387;80008;21690;27548;8673;16624;17079;2591;6276;1999;2825;94275;31157;33391;11871;16172;14149;1927;9130;1959;2562;
0464000;"City with powiat status Włocławek";93166;20232;34112;12414;17819;20253;2585;10881;2289;2814;43007;7862;15164;4730;9348;11404;1459;4504;1107;1507;50159;12370;18948;7684;8471;8849;1126;6377;1182;1307;
0601000;"Powiat bialski";91805;17063;31990;10266;19044;20802;2974;14100;3233;1643;45529;6408;15713;4134;10742;12662;1761;6517;1535;933;46276;10655;16277;6132;8302;8140;1213;7583;1698;710;
0602000;"Powiat biłgorajski";85748;16573;29059;8669;17865;19207;2311;13849;2996;1753;41894;6019;14169;3231;10126;11746;1311;6371;1372;906;43854;10554;14890;5438;7739;7461;1000;7478;1624;847;
0603000;"Powiat chełmski";65266;10110;21813;6283;13865;15035;2295;12420;2250;1343;32230;3745;10597;2295;7834;8943;1354;5765;1059;767;33036;6365;11216;3988;6031;6092;941;6655;1191;576;
0604000;"Powiat hrubieszowski";52616;8472;19181;6144;11317;11064;1453;9583;1588;1275;25593;3248;8951;2312;6148;6699;850;4399;750;696;27023;5224;10230;3832;5169;4365;603;5184;838;579;
0605000;"Powiat janowski";38523;6981;12214;4000;7047;8739;1026;7391;1357;815;19022;2572;5952;1523;4082;5390;602;3462;620;424;19501;4409;6262;2477;2965;3349;424;3929;737;391;
0606000;"Powiat krasnostawski";54201;9502;20272;4837;13341;10938;1505;9201;1743;1040;26290;3552;9705;1749;7455;6596;901;4099;889;548;27911;5950;10567;3088;5886;4342;604;5102;854;492;
0607000;"Powiat kraśnicki";80681;14513;29576;9738;16326;17811;2241;12179;2370;1991;38829;5291;13961;3809;9090;10543;1322;5571;1131;1010;41852;9222;15615;5929;7236;7268;919;6608;1239;981;
0608000;"Powiat lubartowski";74278;13714;23756;7299;13954;17891;2207;13010;2455;1245;36088;5040;11082;2737;7620;10947;1277;5937;1165;640;38190;8674;12674;4562;6334;6944;930;7073;1290;605;
0609000;"Powiat lubelski";136865;34443;47207;13804;29170;26238;4047;18014;4728;2188;66604;13493;23281;5653;16324;15721;2343;8226;2326;1214;70261;20950;23926;8151;12846;10517;1704;9788;2402;974;
0610000;"Powiat łęczyński";47801;9405;17473;4596;11122;10288;1464;6740;1504;927;23271;3346;8556;1770;6230;6277;816;3038;724;514;24530;6059;8917;2826;4892;4011;648;3702;780;413;
0611000;"Powiat łukowski";86678;15056;27561;9490;15631;21515;2794;15217;3165;1370;42772;5204;13243;4052;8490;12944;1609;7389;1599;784;43906;9852;14318;5438;7141;8571;1185;7828;1566;586;
0612000;"Powiat opolski";49813;8100;18061;4983;11319;11489;1466;8073;1570;1054;24096;2954;8442;1831;6084;6872;816;3660;782;570;25717;5146;9619;3152;5235;4617;650;4413;788;484;
0613000;"Powiat parczewski";29015;5219;10586;2849;6488;5975;868;4868;859;640;14209;1935;5045;1088;3578;3700;516;2213;433;367;14806;3284;5541;1761;2910;2275;352;2655;426;273;
0614000;"Powiat puławski";96299;22591;35154;9180;22196;20332;2659;10900;2767;1896;45523;8689;16135;3892;11185;12063;1575;4719;1351;991;50776;13902;19019;5288;11011;8269;1084;6181;1416;905;
0615000;"Powiat radzyński";48525;8163;16502;5199;9516;11838;1714;7880;1630;798;24027;2928;7795;2063;5231;7261;1008;3779;812;444;24498;5235;8707;3136;4285;4577;706;4101;818;354;
0616000;"Powiat rycki";45801;8991;18405;4705;12117;9572;1258;5350;1521;704;22490;3554;9156;1862;6833;5659;726;2300;690;405;23311;5437;9249;2843;5284;3913;532;3050;831;299;
0617000;"Powiat świdnicki";61549;15328;23288;6948;13794;11267;1653;7001;1787;1225;29341;5986;11082;2642;7756;6675;1003;3039;892;664;32208;9342;12206;4306;6038;4592;650;3962;895;561;
0618000;"Powiat tomaszowski";69919;12474;24493;7301;14994;15097;2015;11923;2231;1686;34157;4701;11576;2669;8230;9419;1202;5300;1068;891;35762;7773;12917;4632;6764;5678;813;6623;1163;795;
0619000;"Powiat włodawski";31818;5782;11671;3688;6847;6141;1008;5432;1049;735;15584;2248;5530;1396;3835;3743;608;2542;508;405;16234;3534;6141;2292;3012;2398;400;2890;541;330;
0620000;"Powiat zamojski";90075;15798;30610;9110;18810;21096;2727;14854;3093;1897;44202;5775;14630;3401;10456;13028;1568;6748;1462;991;45873;10023;15980;5709;8354;8068;1159;8106;1631;906;
0661000;"City with powiat status Biała Podlaska";47883;14502;18378;6159;9944;7846;1124;3664;1254;1115;22541;5870;8467;2602;5189;4612;679;1680;633;600;25342;8632;9911;3557;4755;3234;445;1984;621;515;
0662000;"City with powiat status Chełm";52801;14746;20861;6369;12165;8308;1368;4832;1349;1337;24338;5782;9567;2485;6482;4717;806;2074;672;720;28463;8964;11294;3884;5683;3591;562;2758;677;617;
0663000;"City with powiat status Lublin";292096;114470;100686;36381;50861;35631;6688;20173;6713;7735;132652;46700;45606;15043;26569;19981;3765;9162;3416;4022;159444;67770;55080;21338;24292;15650;2923;11011;3297;3713;
0664000;"City with powiat status Zamość";53035;15533;21198;7323;11065;8034;1238;4236;1338;1458;24519;6142;9735;2875;6022;4628;701;1893;653;767;28516;9391;11463;4448;5043;3406;537;2343;685;691;
0801000;"Powiat gorzowski";61787;12507;20033;6774;11445;14677;2154;8325;2266;1825;30494;4952;9357;2636;6183;9058;1232;3753;1106;1036;31293;7555;10676;4138;5262;5619;922;4572;1160;789;
0802000;"Powiat krośnieński";46906;7204;16705;6177;8988;12237;1500;6236;1510;1514;22874;2830;7628;2555;4653;7258;874;2698;755;831;24032;4374;9077;3622;4335;4979;626;3538;755;683;
0803000;"Powiat międzyrzecki";48528;8302;16828;4544;10689;12575;1449;6264;1774;1336;23723;3273;7798;1833;5517;7570;817;2690;872;703;24805;5029;9030;2711;5172;5005;632;3574;902;633;
0804000;"Powiat nowosolski";72448;11914;26326;7996;15745;18023;2402;9176;2376;2231;34998;4592;11827;2877;8223;10843;1412;3959;1135;1230;37450;7322;14499;5119;7522;7180;990;5217;1241;1001;
0805000;"Powiat słubicki";40014;6908;14579;4769;8470;8770;1389;5404;1395;1569;19444;2714;6716;1956;4358;5234;805;2450;674;851;20570;4194;7863;2813;4112;3536;584;2954;721;718;
0806000;"Powiat strzelecko-drezdenecki";41296;5984;13065;4389;7451;11792;1299;6896;1455;805;20319;2155;5933;1630;3965;7221;712;3112;748;438;20977;3829;7132;2759;3486;4571;587;3784;707;367;
0807000;"Powiat sulęciński";29313;4566;10576;3569;6054;7280;953;4008;1010;920;14551;1747;5062;1421;3348;4474;532;1744;495;497;14762;2819;5514;2148;2706;2806;421;2264;515;423;
0808000;"Powiat świebodziński";47209;8186;16714;5516;9605;12299;1430;5687;1565;1328;22898;3153;7588;2217;4922;7342;840;2498;801;676;24311;5033;9126;3299;4683;4957;590;3189;764;652;
0809000;"Powiat zielonogórski";64482;11985;21763;7499;12201;17314;1962;7718;2092;1648;31618;4695;9933;2949;6407;10547;1107;3390;1050;896;32864;7290;11830;4550;5794;6767;855;4328;1042;752;
0810000;"Powiat żagański";66221;10414;24427;6708;15387;16258;2115;8778;2140;2089;32003;3992;11328;2693;7919;9543;1207;3724;1048;1161;34218;6422;13099;4015;7468;6715;908;5054;1092;928;
0811000;"Powiat żarski";81270;12877;29512;9286;17753;21063;2584;10091;2644;2499;39126;5010;13481;3615;9100;12222;1469;4349;1276;1319;42144;7867;16031;5671;8653;8841;1115;5742;1368;1180;
0812000;"Powiat wschowski";32541;4791;10439;3111;6261;10068;1059;4121;1165;898;15883;1709;4729;1157;3264;5920;600;1847;579;499;16658;3082;5710;1954;2997;4148;459;2274;586;399;
0861000;"City with powiat status Gorzów Wielkopolski";105129;26205;38169;13804;20206;21041;2913;10156;2973;3672;49087;10574;16655;5026;10495;12478;1661;4232;1508;1979;56042;15631;21514;8778;9711;8563;1252;5924;1465;1693;
0862000;"City with powiat status Zielona Góra";121615;39961;43670;16204;22416;19436;2858;9021;3145;3524;56781;16991;19318;6362;11461;11575;1641;3914;1568;1774;64834;22970;24352;9842;10955;7861;1217;5107;1577;1750;
1001000;"Powiat bełchatowski";94355;20540;33260;12118;17829;20591;2412;13146;2917;1489;45819;7676;15914;5011;9955;12553;1454;5914;1449;859;48536;12864;17346;7107;7874;8038;958;7232;1468;630;
1002000;"Powiat kutnowski";82354;14732;30042;8876;18278;18356;2266;13364;2254;1340;39154;5519;13775;3223;9770;10850;1321;5780;1121;788;43200;9213;16267;5653;8508;7506;945;7584;1133;552;
1003000;"Powiat łaski";42945;8173;14860;5261;8300;10248;1219;6388;1304;753;20702;2976;6980;2119;4480;6073;731;2891;639;412;22243;5197;7880;3142;3820;4175;488;3497;665;341;
1004000;"Powiat łęczycki";41967;6504;14396;4256;9092;8982;1410;8837;1358;480;20234;2392;6815;1607;4874;5329;814;3964;648;272;21733;4112;7581;2649;4218;3653;596;4873;710;208;
1005000;"Powiat łowicki";65783;12644;23956;6470;15778;14588;1823;9938;1964;870;31560;4616;11444;2596;8307;8746;1023;4317;919;495;34223;8028;12512;3874;7471;5842;800;5621;1045;375;
1006000;"Powiat łódzki wschodni";63333;15478;22849;8150;12610;11382;1775;8866;2088;895;30135;6046;10947;3246;7084;6646;1004;3992;993;507;33198;9432;11902;4904;5526;4736;771;4874;1095;388;
1007000;"Powiat opoczyński";63071;11010;21879;8256;12125;14335;1639;11389;2274;545;31057;3915;10893;3475;6929;8846;934;5126;1044;299;32014;7095;10986;4781;5196;5489;705;6263;1230;246;
1008000;"Powiat pabianicki";104780;24650;38115;14115;20053;19214;2735;14622;3002;2442;48754;9501;17775;5851;10695;10613;1587;6531;1425;1322;56026;15149;20340;8264;9358;8601;1148;8091;1577;1120;
1009000;"Powiat pajęczański";43197;7000;13340;4786;7410;11996;1187;7613;1551;510;21289;2429;6292;1807;4163;7643;693;3232;720;280;21908;4571;7048;2979;3247;4353;494;4381;831;230;
1010000;"Powiat piotrkowski";77845;12906;27146;9060;16186;17363;2439;14189;2705;1097;38176;4451;13241;3605;9035;10638;1453;6440;1325;628;39669;8455;13905;5455;7151;6725;986;7749;1380;469;
1011000;"Powiat poddębicki";34719;5524;11218;3462;6906;8486;1071;6892;1115;413;16983;1928;5414;1469;3686;5062;622;3190;531;236;17736;3596;5804;1993;3220;3424;449;3702;584;177;
1012000;"Powiat radomszczański";95905;16988;32746;9937;20011;23353;2804;15526;2892;1596;46660;6069;15345;3567;10989;14581;1659;6691;1445;870;49245;10919;17401;6370;9022;8772;1145;8835;1447;726;
1013000;"Powiat rawski";40520;7270;14199;4393;8742;9478;1072;6636;1284;581;19741;2568;6773;1693;4739;5653;603;3170;657;317;20779;4702;7426;2700;4003;3825;469;3466;627;264;
1014000;"Powiat sieradzki";98842;18638;33389;12554;18040;23656;2843;15878;3054;1384;47836;6728;15531;4985;9747;14442;1670;7215;1499;751;51006;11910;17858;7569;8293;9214;1173;8663;1555;633;
1015000;"Powiat skierniewicki";32376;5724;10869;3125;7143;8287;1082;5018;1087;309;15961;2021;5428;1226;4027;5028;636;2134;543;171;16415;3703;5441;1899;3116;3259;446;2884;544;138;
1016000;"Powiat tomaszowski";98105;18386;35241;10776;21610;22631;2680;14315;3084;1768;46421;6711;16655;4150;11621;12834;1568;6227;1455;971;51684;11675;18586;6626;9989;9797;1112;8088;1629;797;
1017000;"Powiat wieluński";64350;11451;20609;6210;12548;18818;1769;8643;2100;960;31225;4066;9377;2216;6670;11607;988;3667;1004;516;33125;7385;11232;3994;5878;7211;781;4976;1096;444;
1018000;"Powiat wieruszowski";36068;5640;11433;2604;7926;11279;1111;5094;1162;349;17794;1919;5248;880;4143;6923;658;2245;604;197;18274;3721;6185;1724;3783;4356;453;2849;558;152;
1019000;"Powiat zduńskowolski";56056;10526;20632;8096;10437;12587;1852;7697;1734;1028;26872;3885;9619;3126;5912;7274;1133;3515;865;581;29184;6641;11013;4970;4525;5313;719;4182;869;447;
1020000;"Powiat zgierski";145493;33894;52511;18636;28203;27813;4316;19618;4245;3096;68632;13041;24423;7855;14761;16024;2536;8803;2085;1720;76861;20853;28088;10781;13442;11789;1780;10815;2160;1376;
1021000;"Powiat brzeziński";26323;4845;9308;3158;5499;6037;734;4272;790;337;12606;1780;4464;1262;2990;3432;450;1914;379;187;13717;3065;4844;1896;2509;2605;284;2358;411;150;
1061000;"City with powiat status Łódź";597630;183496;219263;86150;107209;89749;14446;61431;13269;15976;268174;73251;96208;34557;53536;48777;8187;26655;6644;8452;329456;110245;123055;51593;53673;40972;6259;34776;6625;7524;
1062000;"City with powiat status Piotrków Trybunalski";60556;15402;24388;9527;12189;9876;1422;6527;1647;1294;27917;5966;11057;3654;6610;5784;830;2718;824;738;32639;9436;13331;5873;5579;4092;592;3809;823;556;
1063000;"City with powiat status Skierniewice";40159;12096;15074;5268;8392;6532;1068;3535;1138;716;18895;4775;7024;2131;4481;3858;642;1586;569;441;21264;7321;8050;3137;3911;2674;426;1949;569;275;
1201000;"Powiat bocheński";89762;17610;32369;9689;19766;23083;2592;9511;2945;1652;43933;6347;15489;3683;11017;14255;1423;4081;1472;866;45829;11263;16880;6006;8749;8828;1169;5430;1473;786;
1202000;"Powiat brzeski";78485;13381;25906;7079;16425;23623;2267;8915;2563;1830;38515;4763;11776;2612;8496;14698;1255;3853;1232;938;39970;8618;14130;4467;7929;8925;1012;5062;1331;892;
1203000;"Powiat chrzanowski";106559;21918;39556;12491;22975;24193;2942;12959;2706;2285;50984;8392;18827;4457;13283;14557;1723;4953;1297;1235;55575;13526;20729;8034;9692;9636;1219;8006;1409;1050;
1204000;"Powiat dąbrowski";50340;7919;17465;5053;10765;13641;1511;6632;1498;1674;24811;2827;8025;1777;5775;8419;829;3069;788;854;25529;5092;9440;3276;4990;5222;682;3563;710;820;
1205000;"Powiat gorlicki";91159;15670;32128;7601;21046;25151;2704;11018;2912;1576;44829;6036;14581;2941;10639;15341;1599;4923;1493;856;46330;9634;17547;4660;10407;9810;1105;6095;1419;720;
1206000;"Powiat krakowski";249758;64891;81673;26881;47190;57882;7222;26341;7939;3810;121195;26016;39194;10757;26278;34387;4198;11383;3935;2082;128563;38875;42479;16124;20912;23495;3024;14958;4004;1728;
1207000;"Powiat limanowski";108136;18282;34460;9431;22245;30589;3654;15311;4064;1776;53688;6018;15568;3553;11265;19726;1991;7364;2092;929;54448;12264;18892;5878;10980;10863;1663;7947;1972;847;
1208000;"Powiat miechowski";41583;7605;15932;3588;11025;9365;1096;5737;1258;590;20335;2797;7711;1401;5934;5728;606;2566;602;325;21248;4808;8221;2187;5091;3637;490;3171;656;265;
1209000;"Powiat myślenicki";107969;21502;34833;9812;22117;30283;3114;12695;3939;1603;53047;7478;16485;4042;11629;18784;1705;5815;1906;874;54922;14024;18348;5770;10488;11499;1409;6880;2033;729;
1210000;"Powiat nowosądecki";177458;30351;60834;17430;38059;48373;5812;22111;6484;3493;87879;10943;28003;6539;20049;30506;3246;10027;3295;1859;89579;19408;32831;10891;18010;17867;2566;12084;3189;1634;
1211000;"Powiat nowotarski";161879;26397;46724;17313;24672;43026;5460;28232;5588;6452;78565;9333;20603;6716;12486;25194;3069;14285;2825;3256;83314;17064;26121;10597;12186;17832;2391;13947;2763;3196;
1212000;"Powiat olkuski";95024;22007;36765;10742;22728;18902;2166;10987;2662;1535;45697;8621;17636;4441;12246;11592;1207;4525;1290;826;49327;13386;19129;6301;10482;7310;959;6462;1372;709;
1213000;"Powiat oświęcimski";130899;26487;47019;13985;29055;34285;3267;13545;3891;2405;62943;10186;22286;5358;15757;19837;1873;5526;1953;1282;67956;16301;24733;8627;13298;14448;1394;8019;1938;1123;
1214000;"Powiat proszowicki";37067;5400;12335;3571;7842;10855;1048;5723;1044;662;18203;1838;5771;1301;4205;6501;595;2603;509;386;18864;3562;6564;2270;3637;4354;453;3120;535;276;
1215000;"Powiat suski";70990;11746;23085;7484;13614;19851;2347;10506;2399;1056;34797;4071;10365;2808;6995;12414;1325;4902;1166;554;36193;7675;12720;4676;6619;7437;1022;5604;1233;502;
1216000;"Powiat tarnowski";169417;28500;54720;16441;33620;50524;4746;21458;5390;4079;83541;10454;25383;6044;18079;30928;2688;9308;2663;2117;85876;18046;29337;10397;15541;19596;2058;12150;2727;1962;
1217000;"Powiat tatrzański";57356;10726;18015;5880;10404;13057;1965;9566;1748;2279;27374;4145;7861;2313;5035;7445;1147;4724;919;1133;29982;6581;10154;3567;5369;5612;818;4842;829;1146;
1218000;"Powiat wadowicki";134934;23069;44515;12752;27912;41215;4002;15698;4260;2175;65674;8482;20459;4996;14467;24354;2292;6815;2137;1135;69260;14587;24056;7756;13445;16861;1710;8883;2123;1040;
1219000;"Powiat wielicki";115556;30912;38361;12788;21325;26456;3307;10809;3553;2158;56085;12231;18321;5234;11820;15826;1904;4802;1838;1163;59471;18681;20040;7554;9505;10630;1403;6007;1715;995;
1261000;"City with powiat status Kraków";702053;302993;223991;89569;105538;88018;13513;42371;13987;17180;323310;127810;104297;37706;57954;49657;7673;17935;7151;8787;378743;175183;119694;51863;47584;38361;5840;24436;6836;8393;
1262000;"City with powiat status Nowy Sącz";70031;19495;27272;9315;14708;12789;1710;4665;2005;2095;33020;7829;12336;3659;7772;7802;972;2043;989;1049;37011;11666;14936;5656;6936;4987;738;2622;1016;1046;
1263000;"City with powiat status Tarnów";94241;26101;34979;12305;18368;18440;2140;7318;2123;3140;43855;10724;15880;4673;9981;10327;1222;3054;1075;1573;50386;15377;19099;7632;8387;8113;918;4264;1048;1567;
1401000;"Powiat białobrzeski";27916;4306;8383;2777;5065;7576;948;5338;991;374;13948;1564;3988;1177;2621;4600;550;2550;484;212;13968;2742;4395;1600;2444;2976;398;2788;507;162;
1402000;"Powiat ciechanowski";74840;16914;26402;9434;14584;16276;2182;9647;2153;1266;36590;6659;12187;3842;7635;10144;1252;4503;1116;729;38250;10255;14215;5592;6949;6132;930;5144;1037;537;
1403000;"Powiat garwoliński";89043;16512;31573;9853;19347;21800;2732;12290;3172;964;43916;5574;15245;3966;10599;13421;1590;5968;1569;549;45127;10938;16328;5887;8748;8379;1142;6322;1603;415;
1404000;"Powiat gostyniński";38010;6703;13574;4512;7852;8289;1128;6536;1155;625;18322;2280;6401;1630;4444;5178;670;2871;588;334;19688;4423;7173;2882;3408;3111;458;3665;567;291;
1405000;"Powiat grodziski";85264;27677;29750;11381;15187;12711;2484;8198;2732;1712;40487;11119;14351;4843;8496;7442;1427;3760;1410;978;44777;16558;15399;6538;6691;5269;1057;4438;1322;734;
1406000;"Powiat grójecki";83976;16493;30292;9836;18053;18838;2457;11905;2598;1393;40981;6318;14356;3909;9701;11240;1405;5541;1327;794;42995;10175;15936;5927;8352;7598;1052;6364;1271;599;
1407000;"Powiat kozienicki";50586;9831;17134;5350;10585;12411;1438;7590;1504;678;24769;3695;8162;1942;5841;7452;877;3483;733;367;25817;6136;8972;3408;4744;4959;561;4107;771;311;
1408000;"Powiat legionowski";106979;35789;39118;15130;19645;14272;3169;9156;3607;1868;51132;14815;18992;6683;10963;8254;1822;4294;1885;1070;55847;20974;20126;8447;8682;6018;1347;4862;1722;798;
1409000;"Powiat lipski";28380;4949;9629;3139;5539;7141;747;4653;917;344;13973;1736;4735;1245;3184;4411;444;2041;419;187;14407;3213;4894;1894;2355;2730;303;2612;498;157;
1410000;"Powiat łosicki";25526;4531;8915;2536;5701;5546;849;4615;818;252;12668;1653;4282;859;3233;3545;501;2159;392;136;12858;2878;4633;1677;2468;2001;348;2456;426;116;
1411000;"Powiat makowski";36903;6430;13735;4600;8074;7963;1138;5740;1285;612;18317;2322;6605;1878;4435;5073;671;2663;632;351;18586;4108;7130;2722;3639;2890;467;3077;653;261;
1412000;"Powiat miński";133261;33574;47764;16899;26041;26571;3976;15038;4444;1894;64469;12474;23205;7145;14636;16191;2277;6984;2256;1082;68792;21100;24559;9754;11405;10380;1699;8054;2188;812;
1413000;"Powiat mławski";60437;10483;21462;7027;12894;14973;1841;8415;1991;1272;29454;4033;9806;2864;6466;9179;1069;3694;931;742;30983;6450;11656;4163;6428;5794;772;4721;1060;530;
1414000;"Powiat nowodworski";68568;15264;25271;8716;14332;13978;2148;8562;2044;1301;33172;5858;12206;3867;7661;8216;1246;3852;1077;717;35396;9406;13065;4849;6671;5762;902;4710;967;584;
1415000;"Powiat ostrołęcki";73809;12751;23655;7320;15004;16267;2508;14168;2967;1493;37331;4544;11753;3124;8198;10419;1516;6906;1382;811;36478;8207;11902;4196;6806;5848;992;7262;1585;682;
1416000;"Powiat ostrowski";60525;10505;20934;5475;14225;14128;1881;10067;2064;946;29730;3742;9871;1978;7558;8797;1074;4697;1034;515;30795;6763;11063;3497;6667;5331;807;5370;1030;431;
1417000;"Powiat otwocki";107544;30327;38985;13685;21128;18915;3026;10750;3515;2026;51055;11548;18726;6013;11453;11030;1738;5116;1773;1124;56489;18779;20259;7672;9675;7885;1288;5634;1742;902;
1418000;"Powiat piaseczyński";172906;64674;58014;22835;28282;20799;5043;15225;5790;3361;82179;26781;28349;10408;15757;12318;2832;7158;2988;1753;90727;37893;29665;12427;12525;8481;2211;8067;2802;1608;
1419000;"Powiat płocki";94614;17269;30505;10032;17751;23276;3158;15617;3438;1351;46787;6490;14676;3741;10149;14157;1898;7043;1740;783;47827;10779;15829;6291;7602;9119;1260;8574;1698;568;
1420000;"Powiat płoński";73645;12678;24248;10051;12226;17716;2475;13009;2456;1063;36035;4680;11415;4199;6609;10482;1444;6143;1252;619;37610;7998;12833;5852;5617;7234;1031;6866;1204;444;
1421000;"Powiat pruszkowski";148946;53727;53401;20276;26979;18083;3919;12154;4589;3073;70059;22032;25623;8766;14938;10624;2281;5501;2334;1664;78887;31695;27778;11510;12041;7459;1638;6653;2255;1409;
1422000;"Powiat przasnyski";42802;7625;15002;5136;8437;9005;1436;7422;1605;707;21181;2812;7209;2094;4664;5632;853;3518;766;391;21621;4813;7793;3042;3773;3373;583;3904;839;316;
1423000;"Powiat przysuski";34462;5707;11107;3651;6798;8517;954;6369;1391;417;16989;1970;5473;1474;3811;5154;529;3036;597;230;17473;3737;5634;2177;2987;3363;425;3333;794;187;
1424000;"Powiat pułtuski";43456;8691;14845;5395;8299;9907;1442;6461;1496;614;21277;3130;7184;2211;4655;5953;837;3080;736;357;22179;5561;7661;3184;3644;3954;605;3381;760;257;
1425000;"Powiat radomski";128392;25467;42189;12801;26821;29323;4640;20105;4421;2247;63410;9498;20416;5022;14761;17390;2769;9829;2246;1262;64982;15969;21773;7779;12060;11933;1871;10276;2175;985;
1426000;"Powiat siedlecki";68160;12364;21873;7591;12737;17085;2167;11117;2602;952;34095;4325;10734;3215;7051;10584;1253;5344;1299;556;34065;8039;11139;4376;5686;6501;914;5773;1303;396;
1427000;"Powiat sierpecki";42831;7238;14447;4000;9363;10424;1495;7224;1333;670;21035;2609;6873;1424;5096;6335;894;3272;650;402;21796;4629;7574;2576;4267;4089;601;3952;683;268;
1428000;"Powiat sochaczewski";71942;14959;26570;8725;15799;15595;2163;9542;2229;884;34757;5579;12688;3357;8719;9274;1235;4336;1127;518;37185;9380;13882;5368;7080;6321;928;5206;1102;366;
1429000;"Powiat sokołowski";44773;8327;14755;4466;9222;11376;1101;7174;1415;625;22058;3021;7031;1856;4841;7037;653;3291;698;327;22715;5306;7724;2610;4381;4339;448;3883;717;298;
1430000;"Powiat szydłowiecki";33025;5826;10995;3561;6611;8624;906;4990;1066;618;16357;2022;5254;1277;3772;5378;559;2270;543;331;16668;3804;5741;2284;2839;3246;347;2720;523;287;
1432000;"Powiat warszawski zachodni";109101;38456;37052;13698;19622;14817;3157;10238;3656;1725;52187;16089;18078;6089;10750;8703;1793;4723;1862;939;56914;22367;18974;7609;8872;6114;1364;5515;1794;786;
1433000;"Powiat węgrowski";54110;8455;18281;7420;9115;14086;1552;9186;1832;718;26752;2813;8938;3187;5206;8527;923;4266;866;419;27358;5642;9343;4233;3909;5559;629;4920;966;299;
1434000;"Powiat wołomiński";222058;63613;80128;32075;40776;36664;6730;23648;7376;3899;106525;23879;39819;14601;22862;21666;3885;11300;3757;2219;115533;39734;40309;17474;17914;14998;2845;12348;3619;1680;
1435000;"Powiat wyszkowski";62377;12143;21188;6628;12969;14712;1932;9266;2208;928;30671;4232;10116;2636;7030;9055;1172;4474;1114;508;31706;7911;11072;3992;5939;5657;760;4792;1094;420;
1436000;"Powiat zwoleński";30116;5046;9638;3144;5841;7390;961;5665;989;427;14925;1808;4567;1245;3139;4538;578;2677;511;246;15191;3238;5071;1899;2702;2852;383;2988;478;181;
1437000;"Powiat żuromiński";31723;4871;9918;3288;5820;7688;1043;6499;1312;392;15579;1758;4695;1242;3198;4781;630;2891;605;219;16144;3113;5223;2046;2622;2907;413;3608;707;173;
1438000;"Powiat żyrardowski";65239;14578;23677;8904;12537;13431;1908;8480;1935;1230;30957;5376;11133;3457;7009;7720;1079;3964;984;701;34282;9202;12544;5447;5528;5711;829;4516;951;529;
1461000;"City with powiat status Ostrołęka";43126;12079;16514;5397;9543;6866;1144;4189;1172;1162;20247;4603;7641;2246;4986;4219;656;1949;576;603;22879;7476;8873;3151;4557;2647;488;2240;596;559;
1462000;"City with powiat status Płock";100722;27585;38139;12535;20746;17868;2582;9441;2671;2436;46691;10920;17384;4744;11247;10352;1476;3875;1344;1340;54031;16665;20755;7791;9499;7516;1106;5566;1327;1096;
1463000;"City with powiat status Radom";176775;51159;62902;21529;35580;29927;4833;18561;4858;4535;82682;20623;28616;8269;18856;17126;2875;8489;2472;2481;94093;30536;34286;13260;16724;12801;1958;10072;2386;2054;
1464000;"City with powiat status Siedlce";65025;21669;23446;8532;12361;9993;1532;5190;1866;1329;30350;8416;10918;3603;6581;6078;901;2365;950;722;34675;13253;12528;4929;5780;3915;631;2825;916;607;
1465000;"City with powiat status Capital City Warszawa";1608993;763230;514590;217732;229607;134016;33469;91159;35324;37205;728825;320799;236948;96227;119483;74420;18477;41075;18030;19076;880168;442431;277642;121505;110124;59596;14992;50084;17294;18129;
1601000;"Powiat brzeski";76537;14802;28739;7992;18037;17081;2196;8867;2435;2417;37036;5844;13196;3275;9155;10388;1254;3827;1214;1313;39501;8958;15543;4717;8882;6693;942;5040;1221;1104;
1602000;"Powiat głubczycki";38919;6301;13177;4420;7383;10164;1188;5821;1127;1141;19007;2417;6074;1836;3848;6315;649;2395;538;619;19912;3884;7103;2584;3535;3849;539;3426;589;522;
1603000;"Powiat kędzierzyńsko-kozielski";78943;15135;27001;8243;16213;20713;2205;9138;2109;2642;37629;5962;12332;3089;8564;12285;1212;3505;1062;1271;41314;9173;14669;5154;7649;8428;993;5633;1047;1371;
1604000;"Powiat kluczborski";55467;9627;19458;5149;12278;14525;1541;7110;1500;1706;26843;3645;9038;1981;6427;8741;897;2872;782;868;28624;5982;10420;3168;5851;5784;644;4238;718;838;
1605000;"Powiat krapkowicki";53313;9493;15895;5055;9254;15974;1423;7169;1382;1977;25609;3588;7287;1976;4835;9568;828;2690;699;949;27704;5905;8608;3079;4419;6406;595;4479;683;1028;
1606000;"Powiat namysłowski";36592;6394;12723;3782;7767;9531;1030;4839;1134;941;17698;2467;5918;1652;3899;5629;593;2032;562;497;18894;3927;6805;2130;3868;3902;437;2807;572;444;
1607000;"Powiat nyski";116471;21499;41824;13347;24127;29605;3042;13547;3166;3788;56175;8224;18970;5252;12396;17996;1717;5703;1553;2012;60296;13275;22854;8095;11731;11609;1325;7844;1613;1776;
1608000;"Powiat oleski";54562;9215;17524;4780;10866;16263;1300;7113;1465;1682;26325;3466;8030;1698;5844;9806;720;2732;768;803;28237;5749;9494;3082;5022;6457;580;4381;697;879;
1609000;"Powiat opolski";105701;21503;32527;10586;18902;30423;2744;12091;2770;3643;51115;8194;15314;4216;10227;18487;1527;4384;1392;1817;54586;13309;17213;6370;8675;11936;1217;7707;1378;1826;
1610000;"Powiat prudnicki";46526;8033;15446;4794;9043;13176;1179;5861;1356;1475;22193;2962;7054;1944;4615;7787;620;2342;667;761;24333;5071;8392;2850;4428;5389;559;3519;689;714;
1611000;"Powiat strzelecki";63133;11018;19315;5361;12182;19222;1681;8078;1640;2179;30667;4270;9026;2022;6514;11510;915;3000;874;1072;32466;6748;10289;3339;5668;7712;766;5078;766;1107;
1661000;"City with powiat status Opole";112033;40725;39045;14536;20185;16296;2413;7511;2669;3374;51702;16960;17451;5883;10300;9854;1373;3102;1291;1671;60331;23765;21594;8653;9885;6442;1040;4409;1378;1703;
1801000;"Powiat bieszczadzki";18363;3351;6306;2163;3395;4308;508;2765;511;614;9025;1318;2938;856;1854;2582;294;1295;264;334;9338;2033;3368;1307;1541;1726;214;1470;247;280;
1802000;"Powiat brzozowski";55072;9548;18052;4467;12028;13866;1716;8995;1751;1144;27017;3426;8580;1567;6591;8727;1012;3806;859;607;28055;6122;9472;2900;5437;5139;704;5189;892;537;
1803000;"Powiat dębicki";114327;21486;41489;12193;25898;27249;3057;14876;3413;2757;56131;8297;19721;4583;14165;16533;1725;6685;1735;1435;58196;13189;21768;7610;11733;10716;1332;8191;1678;1322;
1804000;"Powiat jarosławski";101790;20221;35343;10155;22656;23803;2998;13997;3032;2396;49341;7664;16635;3985;11897;14304;1668;6326;1492;1252;52449;12557;18708;6170;10759;9499;1330;7671;1540;1144;
1805000;"Powiat jasielski";96522;18028;33138;9126;20236;25530;2675;12503;2665;1983;47048;7179;14966;3551;10321;15806;1495;5261;1328;1013;49474;10849;18172;5575;9915;9724;1180;7242;1337;970;
1806000;"Powiat kolbuszowski";53247;8833;17928;5298;11156;13845;1586;7794;1649;1612;26322;3185;8513;1985;6142;8410;895;3700;810;809;26925;5648;9415;3313;5014;5435;691;4094;839;803;
1807000;"Powiat krośnieński";94676;18420;33017;9374;20259;24013;2628;11891;2977;1730;46347;7186;15539;3393;11287;14807;1539;4842;1524;910;48329;11234;17478;5981;8972;9206;1089;7049;1453;820;
1808000;"Powiat leżajski";58700;10940;19559;6568;10916;15350;1588;7655;1885;1723;28830;4171;9210;2394;6220;9374;917;3345;923;890;29870;6769;10349;4174;4696;5976;671;4310;962;833;
1809000;"Powiat lubaczowski";46969;8574;15402;5258;8857;11567;1306;7523;1564;1033;23230;3276;7278;2198;4719;7168;773;3489;723;523;23739;5298;8124;3060;4138;4399;533;4034;841;510;
1810000;"Powiat łańcucki";68608;15617;25359;7065;15941;14772;2071;7645;2107;1037;33416;5925;12074;2844;8562;9044;1249;3569;1013;542;35192;9692;13285;4221;7379;5728;822;4076;1094;495;
1811000;"Powiat mielecki";115188;22749;39988;12213;24295;31068;3041;12131;3377;2834;56240;8736;18843;4678;13213;18478;1742;5279;1705;1457;58948;14013;21145;7535;11082;12590;1299;6852;1672;1377;
1812000;"Powiat niżański";56678;10141;18931;6098;11002;14109;1562;8372;1698;1865;27836;3864;8859;2060;6355;8680;933;3760;801;939;28842;6277;10072;4038;4647;5429;629;4612;897;926;
1813000;"Powiat przemyski";61906;10695;21526;6719;13212;14915;1929;9480;2026;1335;30913;3945;10531;2766;7318;9465;1133;4073;1035;731;30993;6750;10995;3953;5894;5450;796;5407;991;604;
1814000;"Powiat przeworski";66100;12346;23836;6554;15546;15499;1968;9402;2072;977;32315;4525;11470;2455;8513;9628;1148;3991;1045;508;33785;7821;12366;4099;7033;5871;820;5411;1027;469;
1815000;"Powiat ropczycko-sędziszowski";62585;11280;23714;5808;16189;13544;2000;8895;2021;1131;30749;4240;11479;2018;9011;8335;1138;4073;972;512;31836;7040;12235;3790;7178;5209;862;4822;1049;619;
1816000;"Powiat rzeszowski";145699;33391;50279;15702;30450;32503;4129;17985;4767;2645;71439;13015;24248;6004;17083;20146;2360;7974;2326;1370;74260;20376;26031;9698;13367;12357;1769;10011;2441;1275;
1817000;"Powiat sanocki";79551;16413;28506;7696;17967;18284;2198;9832;2292;2026;38580;6484;13543;2752;9939;10949;1209;4217;1131;1047;40971;9929;14963;4944;8028;7335;989;5615;1161;979;
1818000;"Powiat stalowowolski";90549;20096;32570;10155;19185;18895;2330;10972;2352;3334;43650;8146;15165;3748;10523;11351;1350;4770;1183;1685;46899;11950;17405;6407;8662;7544;980;6202;1169;1649;
1819000;"Powiat strzyżowski";52142;9170;17485;5393;10427;13931;1465;7415;1673;1003;25733;3377;8008;1969;5608;8938;865;3226;830;489;26409;5793;9477;3424;4819;4993;600;4189;843;514;
1820000;"Powiat tarnobrzeski";45261;8096;15783;5067;9407;11260;1173;6478;1262;1209;22045;2954;7567;1911;5277;6759;645;2843;629;648;23216;5142;8216;3156;4130;4501;528;3635;633;561;
1821000;"Powiat leski";22650;4298;7905;2249;4944;4929;609;3670;653;586;11125;1714;3743;812;2707;2984;361;1713;328;282;11525;2584;4162;1437;2237;1945;248;1957;325;304;
1861000;"City with powiat status Krosno";39545;11962;15224;4800;8239;6586;1019;2734;977;1043;18407;5030;6773;1772;4399;3853;543;1145;515;548;21138;6932;8451;3028;3840;2733;476;1589;462;495;
1862000;"City with powiat status Przemyśl";51723;14350;20656;7517;10804;8157;1256;4354;1340;1610;23867;5863;9292;2997;5610;4687;713;1826;696;790;27856;8487;11364;4520;5194;3470;543;2528;644;820;
1863000;"City with powiat status Rzeszów";167258;69345;57341;21395;29543;19818;3395;9799;3872;3688;78397;30035;26820;8869;16178;11486;1948;4268;1958;1882;88861;39310;30521;12526;13365;8332;1447;5531;1914;1806;
1864000;"City with powiat status Tarnobrzeg";40019;10752;15462;4995;8869;7375;860;3478;1063;1029;18853;4295;7224;1828;4967;4364;484;1431;559;496;21166;6457;8238;3167;3902;3011;376;2047;504;533;
2001000;"Powiat augustowski";48739;9281;17027;5179;10184;9681;1451;7977;1695;1627;23621;3497;8059;2073;5510;5912;821;3712;822;798;25118;5784;8968;3106;4674;3769;630;4265;873;829;
2002000;"Powiat białostocki";131163;32272;46165;14361;26874;23844;3659;17043;4577;3603;64256;12740;22492;5673;15490;14648;2121;8140;2182;1933;66907;19532;23673;8688;11384;9196;1538;8903;2395;1670;
2003000;"Powiat bielski";45796;8835;16289;4720;9929;8276;1355;8200;1908;933;22388;3363;7597;1856;5190;5399;776;3875;860;518;23408;5472;8692;2864;4739;2877;579;4325;1048;415;
2004000;"Powiat grajewski";39447;6339;13867;4263;8222;7678;1362;7433;1267;1501;19340;2305;6334;1594;4364;5012;793;3454;646;796;20107;4034;7533;2669;3858;2666;569;3979;621;705;
2005000;"Powiat hajnowski";36073;6969;13495;4181;7910;6554;831;6027;1455;742;17305;2815;6333;1611;4352;4123;517;2601;529;387;18768;4154;7162;2570;3558;2431;314;3426;926;355;
2006000;"Powiat kolneński";31490;4982;9538;3174;5517;6874;1090;6875;1135;996;15714;1781;4533;1170;3117;4298;614;3411;561;516;15776;3201;5005;2004;2400;2576;476;3464;574;480;
2007000;"Powiat łomżyński";42751;7056;12927;4058;8007;9476;1471;8819;1623;1379;21530;2635;6274;1600;4410;5857;883;4366;760;755;21221;4421;6653;2458;3597;3619;588;4453;863;624;
2008000;"Powiat moniecki";33723;4986;11087;4272;5713;6887;1090;7200;1168;1305;16635;1793;5268;1759;3163;4309;634;3448;548;635;17088;3193;5819;2513;2550;2578;456;3752;620;670;
2009000;"Powiat sejneński";16844;3262;5970;2314;2998;2455;482;3593;697;385;8308;1184;2921;854;1867;1676;290;1735;294;208;8536;2078;3049;1460;1131;779;192;1858;403;177;
2010000;"Powiat siemiatycki";37208;6194;12710;3688;8041;7251;1001;7787;1306;959;18162;2370;5922;1504;4118;4473;598;3784;536;479;19046;3824;6788;2184;3923;2778;403;4003;770;480;
2011000;"Powiat sokólski";55778;9146;20855;5826;13082;9939;1639;10553;1983;1663;27401;3561;10288;2341;7397;6112;945;4804;818;873;28377;5585;10567;3485;5685;3827;694;5749;1165;790;
2012000;"Powiat suwalski";29839;5034;9625;2522;6429;5706;1139;6473;1254;608;15226;1906;4795;963;3632;3708;701;3203;584;329;14613;3128;4830;1559;2797;1998;438;3270;670;279;
2013000;"Powiat wysokomazowiecki";47162;8194;16708;4441;10788;9886;1275;8298;1671;1130;23636;3097;8221;1746;6030;6216;751;3932;832;587;23526;5097;8487;2695;4758;3670;524;4366;839;543;
2014000;"Powiat zambrowski";36566;6688;12044;4162;6715;8130;1039;6239;1235;1191;18045;2488;5688;1709;3639;4921;628;3049;624;647;18521;4200;6356;2453;3076;3209;411;3190;611;544;
2061000;"City with powiat status Białystok";255358;88688;93504;33148;48230;34055;5710;20247;6392;6762;118027;35763;43498;14017;26134;19585;3330;9223;3166;3462;137331;52925;50006;19131;22096;14470;2380;11024;3226;3300;
2062000;"City with powiat status Łomża";52982;14708;19179;6295;10885;9278;1277;5177;1405;1958;25003;5854;8588;2565;5419;5605;744;2468;720;1024;27979;8854;10591;3730;5466;3673;533;2709;685;934;
2063000;"City with powiat status Suwałki";59449;15210;21992;7249;12309;9602;1917;6952;1905;1871;28077;5794;9991;2774;6533;5951;1122;3323;912;984;31372;9416;12001;4475;5776;3651;795;3629;993;887;
2201000;"Powiat bytowski";65028;10102;19800;6789;11423;18104;2265;10628;2280;1849;32156;3543;8919;2654;5761;11508;1264;4798;1172;952;32872;6559;10881;4135;5662;6596;1001;5830;1108;897;
2202000;"Powiat chojnicki";81204;13094;25545;8923;14226;24167;2572;10857;2755;2214;39695;4824;11547;3440;7426;14914;1447;4294;1454;1215;41509;8270;13998;5483;6800;9253;1125;6563;1301;999;
2203000;"Powiat człuchowski";46684;7062;15031;5316;8469;12456;1701;7357;1614;1463;22896;2610;6888;2232;4298;7618;985;3199;808;788;23788;4452;8143;3084;4171;4838;716;4158;806;675;
2204000;"Powiat gdański";104588;28618;34835;12458;18734;19343;3830;11564;3514;2884;51128;11390;17019;5193;10639;11895;2226;5254;1735;1609;53460;17228;17816;7265;8095;7448;1604;6310;1779;1275;
2205000;"Powiat kartuski";118078;24694;36548;15049;18326;29196;4370;16522;4378;2370;58461;9139;17311;6448;9813;18653;2463;7308;2289;1298;59617;15555;19237;8601;8513;10543;1907;9214;2089;1072;
2206000;"Powiat kościerski";60245;9426;19361;5647;12347;17879;2076;7996;2190;1317;29811;3294;9126;2381;6284;11079;1155;3285;1147;725;30434;6132;10235;3266;6063;6800;921;4711;1043;592;
2207000;"Powiat kwidzyński";69490;11320;24019;7526;14348;16605;2459;9722;2612;2753;34094;4370;10997;2934;7367;10365;1403;4119;1343;1497;35396;6950;13022;4592;6981;6240;1056;5603;1269;1256;
2208000;"Powiat lęborski";54757;9912;18124;6335;9986;13191;1886;8076;1811;1757;26640;3687;8258;2745;4963;8125;1072;3606;931;961;28117;6225;9866;3590;5023;5066;814;4470;880;796;
2209000;"Powiat malborski";53468;9695;18617;6510;10358;12564;1798;7414;1762;1618;25875;3810;8526;2578;5417;7600;1036;3127;887;889;27593;5885;10091;3932;4941;4964;762;4287;875;729;
2210000;"Powiat nowodworski";29635;4503;9782;3380;5469;7762;1056;4533;1002;997;14646;1622;4497;1331;2905;4809;600;2072;503;543;14989;2881;5285;2049;2564;2953;456;2461;499;454;
2211000;"Powiat pucki";75072;15773;24849;9007;13314;17292;2531;10320;2458;1849;36900;6264;11860;3788;7255;10820;1449;4172;1322;1013;38172;9509;12989;5219;6059;6472;1082;6148;1136;836;
2212000;"Powiat słupski";82381;14489;25417;8440;14794;20394;3206;13400;3154;2321;40925;5676;12104;3410;8022;12431;1765;6052;1600;1297;41456;8813;13313;5030;6772;7963;1441;7348;1554;1024;
2213000;"Powiat starogardzki";106157;17205;34727;11646;20076;29310;3647;14643;3628;2997;52038;6342;15838;4949;9931;18069;2104;6139;1868;1678;54119;10863;18889;6697;10145;11241;1543;8504;1760;1319;
2214000;"Powiat tczewski";95979;16627;31831;11929;16847;25735;3414;12186;3355;2831;46738;6444;14583;4949;8669;15421;1944;5048;1744;1554;49241;10183;17248;6980;8178;10314;1470;7138;1611;1277;
2215000;"Powiat wejherowski";186420;41582;61325;23567;30968;42217;6981;22885;6047;5383;91218;16153;29188;10032;17075;25698;3950;10088;3128;3013;95202;25429;32137;13535;13893;16519;3031;12797;2919;2370;
2216000;"Powiat sztumski";33963;4701;10891;3749;6157;8990;1240;5590;1198;1353;16862;1732;5026;1543;3191;5632;699;2364;650;759;17101;2969;5865;2206;2966;3358;541;3226;548;594;
2261000;"City with powiat status Gdańsk";425120;162649;143313;56974;68877;56781;9687;30089;9619;12982;198648;68276;66287;23776;37004;33644;5490;13074;5012;6865;226472;94373;77026;33198;31873;23137;4197;17015;4607;6117;
2262000;"City with powiat status Gdynia";216211;76419;75245;28384;36694;32160;5217;15724;4922;6524;100577;32691;34091;11711;19211;18445;2896;6497;2508;3449;115634;43728;41154;16673;17483;13715;2321;9227;2414;3075;
2263000;"City with powiat status Słupsk";77817;20116;28684;10971;14898;15194;1917;7444;1865;2597;35894;7875;12929;4332;7714;8676;1047;3135;921;1311;41923;12241;15755;6639;7184;6518;870;4309;944;1286;
2264000;"City with powiat status Sopot";29764;12396;10087;4179;4484;3372;564;1748;510;1087;13514;5198;4511;1767;2249;1934;307;741;262;561;16250;7198;5576;2412;2235;1438;257;1007;248;526;
2401000;"Powiat będziński";129553;32192;49200;14953;29458;25655;3288;13166;3603;2449;61295;12894;23010;5410;16201;15165;1935;5177;1776;1338;68258;19298;26190;9543;13257;10490;1353;7989;1827;1111;
2402000;"Powiat bielski";140495;31105;48420;14282;30171;37769;4081;12470;4235;2415;67868;12291;23025;5584;16321;21707;2319;5097;2143;1286;72627;18814;25395;8698;13850;16062;1762;7373;2092;1129;
2403000;"Powiat cieszyński";151326;30422;51961;15376;31793;41804;4400;14936;4453;3350;72601;12031;23543;5872;16316;24369;2492;6143;2307;1716;78725;18391;28418;9504;15477;17435;1908;8793;2146;1634;
2404000;"Powiat częstochowski";116162;22673;39816;11617;25150;29951;3191;15520;3386;1625;56701;8578;18968;4513;13583;18421;1857;6281;1677;919;59461;14095;20848;7104;11567;11530;1334;9239;1709;706;
2405000;"Powiat gliwicki";97669;19565;32669;10006;18903;26599;2703;10796;2844;2493;46929;7842;15326;3545;10627;15576;1540;4014;1348;1283;50740;11723;17343;6461;8276;11023;1163;6782;1496;1210;
2406000;"Powiat kłobucki";72448;13431;24280;7186;15188;21038;1873;8867;2184;775;35533;4936;11439;2821;8128;13084;1101;3511;1034;428;36915;8495;12841;4365;7060;7954;772;5356;1150;347;
2407000;"Powiat lubliniecki";65438;12376;21509;6821;12670;19116;1818;7054;1838;1727;31981;4801;10076;2666;6888;11363;1053;2858;931;899;33457;7575;11433;4155;5782;7753;765;4196;907;828;
2408000;"Powiat mikołowski";84203;20721;29306;9687;16886;20828;2252;7006;2503;1587;40567;8481;13811;3432;9638;12189;1280;2664;1311;831;43636;12240;15495;6255;7248;8639;972;4342;1192;756;
2409000;"Powiat myszkowski";60529;12788;22367;7184;13057;13754;1609;7343;1712;956;28945;4866;10548;2880;7022;8304;900;2981;829;517;31584;7922;11819;4304;6035;5450;709;4362;883;439;
2410000;"Powiat pszczyński";93124;18971;30841;9881;18155;27692;2734;8456;2897;1533;45383;7261;14461;3692;9941;16335;1543;3424;1504;855;47741;11710;16380;6189;8214;11357;1191;5032;1393;678;
2411000;"Powiat raciborski";89022;17401;28065;8661;16468;25404;2543;10165;2309;3135;42501;6858;12818;3294;8703;14875;1419;3797;1139;1595;46521;10543;15247;5367;7765;10529;1124;6368;1170;1540;
2412000;"Powiat rybnicki";65086;11143;20211;5757;12262;21503;2003;7121;1907;1198;31726;4457;9485;1904;6854;12579;1136;2433;980;656;33360;6686;10726;3853;5408;8924;867;4688;927;542;
2413000;"Powiat tarnogórski";120386;29871;42922;12076;26137;27044;3048;11123;3303;3075;57905;12503;20545;4702;14511;15395;1778;4334;1769;1581;62481;17368;22377;7374;11626;11649;1270;6789;1534;1494;
2414000;"Powiat bieruńsko-lędziński";50174;10785;17638;5078;11140;13173;1452;4725;1449;952;24577;4280;8751;1819;6509;7661;850;1756;744;535;25597;6505;8887;3259;4631;5512;602;2969;705;417;
2415000;"Powiat wodzisławski";131576;23510;42544;13107;25255;40678;3807;14513;3725;2799;63385;9273;19804;4413;14008;23646;2086;5178;1903;1495;68191;14237;22740;8694;11247;17032;1721;9335;1822;1304;
2416000;"Powiat zawierciański";101211;21840;39336;10991;24817;21684;2425;11477;2836;1613;48335;8451;18758;4154;13641;12964;1394;4504;1408;856;52876;13389;20578;6837;11176;8720;1031;6973;1428;757;
2417000;"Powiat żywiecki";129231;25127;45381;13878;28213;33926;3678;14566;3965;2588;62795;9334;21634;5307;15389;20127;2128;6230;1969;1373;66436;15793;23747;8571;12824;13799;1550;8336;1996;1215;
2461000;"City with powiat status Bielsko-Biała";147605;41569;52308;16987;30196;30701;3896;11210;3768;4153;68871;17457;23412;6677;15257;16850;2192;4828;1907;2225;78734;24112;28896;10310;14939;13851;1704;6382;1861;1928;
2462000;"City with powiat status Bytom";135135;25987;48495;14844;27797;32374;4030;15578;3584;5087;64090;10489;22484;5655;15067;18075;2292;6221;1778;2751;71045;15498;26011;9189;12730;14299;1738;9357;1806;2336;
2463000;"City with powiat status Chorzów";91247;19828;31840;10485;17798;20854;2909;10373;2520;2923;42936;8034;14465;4016;9363;11759;1639;4121;1306;1612;48311;11794;17375;6469;8435;9095;1270;6252;1214;1311;
2464000;"City with powiat status Częstochowa";189797;53956;70364;22447;40694;34843;4503;17080;4540;4511;87820;22461;31922;8690;21342;19647;2545;6616;2264;2365;101977;31495;38442;13757;19352;15196;1958;10464;2276;2146;
2465000;"City with powiat status Dąbrowa Górnicza";103365;25591;39781;11792;24189;20823;2337;9877;2581;2375;48949;10338;18462;4126;13347;12154;1354;4042;1329;1270;54416;15253;21319;7666;10842;8669;983;5835;1252;1105;
2466000;"City with powiat status Gliwice";152919;44932;54565;17853;29836;28204;3885;13139;3810;4384;72737;19656;24918;6699;16144;16274;2178;5445;1939;2327;80182;25276;29647;11154;13692;11930;1707;7694;1871;2057;
2467000;"City with powiat status Jastrzębie-Zdrój";74526;12218;24945;8448;13763;20967;2451;9586;2136;2223;35863;4529;11358;3025;7472;12478;1431;3750;1067;1250;38663;7689;13587;5423;6291;8489;1020;5836;1069;973;
2468000;"City with powiat status Jaworzno";78075;17758;29897;8973;18393;16172;2010;8385;2148;1705;37335;6870;14621;3250;10651;9478;1200;3157;1060;949;40740;10888;15276;5723;7742;6694;810;5228;1088;756;
2469000;"City with powiat status Katowice";254105;82182;87232;30184;47509;45364;6031;21447;5386;6463;118688;34978;39551;11534;25093;25958;3382;8569;2721;3529;135417;47204;47681;18650;22416;19406;2649;12878;2665;2934;
2470000;"City with powiat status Mysłowice";62628;14864;22506;6634;13695;14219;1812;6000;1737;1490;30042;6003;10750;2372;7734;8228;1021;2352;880;808;32586;8861;11756;4262;5961;5991;791;3648;857;682;
2471000;"City with powiat status Piekary Śląskie";46502;9059;16377;4785;9812;12379;1197;5106;1252;1132;22052;3625;7808;1736;5570;6888;657;1848;613;613;24450;5434;8569;3049;4242;5491;540;3258;639;519;
2472000;"City with powiat status Ruda Śląska";116165;22213;39986;12487;23062;30984;3588;13331;3223;2840;55495;8757;18954;4573;12962;17428;2080;5030;1702;1544;60670;13456;21032;7914;10100;13556;1508;8301;1521;1296;
2473000;"City with powiat status Rybnik";115752;23806;39756;12852;22312;31059;3321;11960;3023;2827;55825;9895;18191;4608;12168;18268;1874;4525;1546;1526;59927;13911;21565;8244;10144;12791;1447;7435;1477;1301;
2474000;"City with powiat status Siemianowice Śląskie";56672;12359;19810;6211;11473;13801;1592;6373;1355;1382;26571;4964;9073;2339;6101;7790;876;2431;654;783;30101;7395;10737;3872;5372;6011;716;3942;701;599;
2475000;"City with powiat status Sosnowiec";173106;41081;67063;20504;40265;35822;4207;16841;3850;4242;80823;16300;30755;7153;21826;20354;2415;6771;1902;2326;92283;24781;36308;13351;18439;15468;1792;10070;1948;1916;
2476000;"City with powiat status Świętochłowice";40709;7346;13732;4597;7563;10690;1389;5183;1091;1278;19327;2927;6272;1719;4048;6011;750;2052;607;708;21382;4419;7460;2878;3515;4679;639;3131;484;570;
2477000;"City with powiat status Tychy";108205;27489;39532;13075;22484;23433;2753;9553;2660;2785;51305;11318;18475;4971;12318;13375;1570;3790;1327;1450;56900;16171;21057;8104;10166;10058;1183;5763;1333;1335;
2478000;"City with powiat status Zabrze";139369;28170;49337;15859;26994;31291;4135;16453;3795;6188;66565;11334;22858;6051;14907;17914;2360;6895;1940;3264;72804;16836;26479;9808;12087;13377;1775;9558;1855;2924;
2479000;"City with powiat status Żory";52919;10192;17538;5584;9920;14827;1572;5741;1631;1418;25590;3946;8049;2085;5367;8695;878;2422;808;792;27329;6246;9489;3499;4553;6132;694;3319;823;626;
2601000;"Powiat buski";61235;11865;20484;4954;13812;15203;1470;9434;1742;1037;29761;4331;9771;1867;7419;9423;812;4070;844;510;31474;7534;10713;3087;6393;5780;658;5364;898;527;
2602000;"Powiat jędrzejowski";72269;14042;24674;7178;15372;16845;2026;11212;2436;1034;35543;5200;12029;2577;8848;10472;1159;4913;1215;555;36726;8842;12645;4601;6524;6373;867;6299;1221;479;
2603000;"Powiat kazimierski";28954;4159;10705;2397;7527;6580;638;5335;880;657;14173;1552;5093;918;3913;4014;350;2399;447;318;14781;2607;5612;1479;3614;2566;288;2936;433;339;
2604000;"Powiat kielecki";181073;40349;57296;18770;34630;41162;5372;28114;6073;2707;89745;14670;28813;7532;20153;26243;3089;12438;2985;1507;91328;25679;28483;11238;14477;14919;2283;15676;3088;1200;
2605000;"Powiat konecki";67551;12289;22173;6585;13717;16222;1662;12124;2014;1067;33056;4439;10683;2410;7807;10153;946;5260;985;590;34495;7850;11490;4175;5910;6069;716;6864;1029;477;
2606000;"Powiat opatowski";44147;7229;14436;5075;8183;11653;1189;7669;1351;620;21730;2580;6825;1811;4689;7194;649;3500;658;324;22417;4649;7611;3264;3494;4459;540;4169;693;296;
2607000;"Powiat ostrowiecki";92541;18673;33228;10652;18884;21970;2455;11542;2435;2238;43812;7036;15061;3778;10365;12890;1412;4985;1221;1207;48729;11637;18167;6874;8519;9080;1043;6557;1214;1031;
2608000;"Powiat pińczowski";33219;6320;11846;3327;7493;7527;794;5243;891;598;16294;2363;5742;1243;4204;4780;453;2220;439;297;16925;3957;6104;2084;3289;2747;341;3023;452;301;
2609000;"Powiat sandomierski";65454;14065;24244;7490;14682;14021;1757;8364;1686;1317;31635;5409;11321;2767;7963;8693;1007;3696;825;684;33819;8656;12923;4723;6719;5328;750;4668;861;633;
2610000;"Powiat skarżyski";63384;14894;24906;7082;15251;12963;1465;6214;1564;1378;30165;5910;11893;2561;8698;7556;848;2472;759;727;33219;8984;13013;4521;6553;5407;617;3742;805;651;
2611000;"Powiat starachowicki";76217;15684;27978;8507;16485;17255;2008;9883;1969;1440;36663;6014;13218;3101;9322;10475;1128;4060;984;784;39554;9670;14760;5406;7163;6780;880;5823;985;656;
2612000;"Powiat staszowski";60934;11889;20079;6179;12386;15940;1556;8688;1831;951;29994;4347;9806;2137;7243;9759;903;3807;902;470;30940;7542;10273;4042;5143;6181;653;4881;929;481;
2613000;"Powiat włoszczowski";38323;7003;12595;3649;8060;9398;1026;6590;1184;527;19018;2532;6021;1400;4370;6088;592;2909;590;286;19305;4471;6574;2249;3690;3310;434;3681;594;241;
2661000;"City with powiat status Kielce";164442;61177;58782;20010;32308;21471;3263;12378;3702;3669;75691;24908;26721;7889;17073;13161;1919;5232;1870;1880;88751;36269;32061;12121;15235;8310;1344;7146;1832;1789;
2801000;"Powiat bartoszycki";47499;7466;15626;5642;8413;11387;1547;8423;1596;1454;22993;2895;7207;2427;4346;6597;883;3861;758;792;24506;4571;8419;3215;4067;4790;664;4562;838;662;
2802000;"Powiat braniewski";33539;5461;11175;4022;6123;7557;1299;5886;1032;1129;16668;2246;5308;1729;3261;4618;758;2643;500;595;16871;3215;5867;2293;2862;2939;541;3243;532;534;
2803000;"Powiat działdowski";53760;8288;17807;5817;10383;12888;1820;10094;1765;1098;26256;3088;8195;2326;5394;8158;1058;4241;919;597;27504;5200;9612;3491;4989;4730;762;5853;846;501;
2804000;"Powiat elbląski";47704;6793;14574;4597;8656;12806;1953;8575;1589;1414;23925;2528;6736;1902;4428;7908;1172;3977;797;807;23779;4265;7838;2695;4228;4898;781;4598;792;607;
2805000;"Powiat ełcki";76506;14927;27996;8953;15609;13532;2936;10904;2700;3511;37203;5833;13026;3874;8168;8336;1719;5092;1310;1887;39303;9094;14970;5079;7441;5196;1217;5812;1390;1624;
2806000;"Powiat giżycki";47838;9453;16469;5203;9452;9823;1660;7384;1519;1530;23205;3733;7761;2242;5027;5736;984;3482;694;815;24633;5720;8708;2961;4425;4087;676;3902;825;715;
2807000;"Powiat iławski";77576;12549;24356;7572;14760;19703;2608;13365;2725;2270;38033;4835;11350;3104;7642;11965;1447;5688;1448;1300;39543;7714;13006;4468;7118;7738;1161;7677;1277;970;
2808000;"Powiat kętrzyński";51818;8526;18063;5161;11087;11107;1842;9051;1594;1635;25177;3281;8330;2023;5786;6645;1061;4190;777;893;26641;5245;9733;3138;5301;4462;781;4861;817;742;
2809000;"Powiat lidzbarski";34150;5586;11947;3852;6850;7909;1115;5309;1152;1132;16615;2111;5538;1545;3574;4773;646;2393;529;625;17535;3475;6409;2307;3276;3136;469;2916;623;507;
2810000;"Powiat mrągowski";42535;7305;14338;4556;8348;9542;1519;6953;1443;1435;20548;2763;6527;1843;4242;5653;874;3302;685;744;21987;4542;7811;2713;4106;3889;645;3651;758;691;
2811000;"Powiat nidzicki";27012;4022;8791;3399;4557;5796;1125;5641;894;743;13374;1449;4010;1294;2475;3671;657;2710;453;424;13638;2573;4781;2105;2082;2125;468;2931;441;319;
2812000;"Powiat nowomiejski";36056;4814;10383;3613;6031;11105;1261;6539;1216;738;17874;1676;4788;1472;3097;6982;699;2692;632;405;18182;3138;5595;2141;2934;4123;562;3847;584;333;
2813000;"Powiat olecki";28184;4778;9971;3154;5616;5197;1209;4937;1085;1007;13961;1777;4750;1409;2964;3302;660;2398;526;548;14223;3001;5221;1745;2652;1895;549;2539;559;459;
2814000;"Powiat olsztyński";109655;25588;34398;11842;18949;22041;3692;16524;3876;3536;53814;10255;16195;4914;10242;13584;2156;7834;1849;1941;55841;15333;18203;6928;8707;8457;1536;8690;2027;1595;
2815000;"Powiat ostródzki";87404;13865;28475;9360;16375;20101;3268;15810;3074;2811;42736;5349;12911;3708;8405;12335;1913;7194;1512;1522;44668;8516;15564;5652;7970;7766;1355;8616;1562;1289;
2816000;"Powiat piski";46342;7152;15366;6027;7946;9133;1975;9496;1663;1557;22899;2715;7150;2562;4157;5644;1143;4619;796;832;23443;4437;8216;3465;3789;3489;832;4877;867;725;
2817000;"Powiat szczycieński";58273;10497;18009;5946;10427;12546;2236;10995;2040;1950;28730;3973;8322;2583;5165;7763;1333;5281;993;1065;29543;6524;9687;3363;5262;4783;903;5714;1047;885;
2818000;"Powiat gołdapski";21842;3475;7534;2875;3753;4175;939;4131;816;772;10796;1340;3580;1307;2009;2570;553;1955;387;411;11046;2135;3954;1568;1744;1605;386;2176;429;361;
2819000;"Powiat węgorzewski";18782;3157;6424;2202;3408;4144;657;3266;634;500;9301;1239;3108;998;1855;2479;371;1494;335;275;9481;1918;3316;1204;1553;1665;286;1772;299;225;
2861000;"City with powiat status Elbląg";101580;24436;36448;12093;20360;21509;2926;9594;2712;3955;47868;9874;16480;4995;10323;12315;1634;4033;1357;2175;53712;14562;19968;7098;10037;9194;1292;5561;1355;1780;
2862000;"City with powiat status Olsztyn";148504;54062;51937;19326;26307;19168;3463;11748;3655;4471;67953;21823;23215;7963;13473;11460;1970;5260;1864;2361;80551;32239;28722;11363;12834;7708;1493;6488;1791;2110;
3001000;"Powiat chodzieski";39771;6228;12766;3853;7837;12139;1191;5281;1312;854;19371;2292;5635;1423;3896;7346;702;2192;704;500;20400;3936;7131;2430;3941;4793;489;3089;608;354;
3002000;"Powiat czarnkowsko-trzcianecki";72876;11813;25405;6867;16430;18970;2318;10012;2572;1786;35926;4318;11872;2512;8724;11951;1314;4144;1332;995;36950;7495;13533;4355;7706;7019;1004;5868;1240;791;
3003000;"Powiat gnieźnieński";121395;22410;40190;13474;22879;34225;3646;14359;3989;2576;58738;8711;18550;5392;11916;20050;2069;5857;2062;1439;62657;13699;21640;8082;10963;14175;1577;8502;1927;1137;
3004000;"Powiat gostyński";63119;9574;20382;5976;12742;20307;1746;8267;2021;822;31026;3511;9361;2244;6630;12567;995;3096;1017;479;32093;6063;11021;3732;6112;7740;751;5171;1004;343;
3005000;"Powiat grodziski";43209;6103;12789;3880;7733;15358;1378;5552;1387;642;21391;2219;5837;1414;4082;9305;772;2176;688;394;21818;3884;6952;2466;3651;6053;606;3376;699;248;
3006000;"Powiat jarociński";59953;10001;21099;5181;14263;17195;1820;7029;1977;832;28937;3746;9869;1991;7383;10270;1043;2551;1002;456;31016;6255;11230;3190;6880;6925;777;4478;975;376;
3007000;"Powiat kaliski";70643;12478;21394;5338;14972;18959;2189;12586;2267;770;34605;4381;10286;1926;8042;11399;1266;5767;1084;422;36038;8097;11108;3412;6930;7560;923;6819;1183;348;
3008000;"Powiat kępiński";48392;7422;16115;4181;10816;15805;1345;5547;1542;616;23821;2608;7201;1534;5346;9927;775;2169;824;317;24571;4814;8914;2647;5470;5878;570;3378;718;299;
3009000;"Powiat kolski";72155;11334;23361;6695;14799;18739;2210;12895;2413;1203;35013;4125;10803;2402;7845;11551;1277;5465;1138;654;37142;7209;12558;4293;6954;7188;933;7430;1275;549;
3010000;"Powiat koniński";110097;18765;34221;9850;22208;29830;3447;18374;3893;1567;54378;6798;16412;3622;12178;18853;1973;7569;1894;879;55719;11967;17809;6228;10030;10977;1474;10805;1999;688;
3011000;"Powiat kościański";66357;11641;21203;5872;13427;20976;1881;7874;1859;923;32298;4271;9820;2297;6906;12772;1043;2921;926;545;34059;7370;11383;3575;6521;8204;838;4953;933;378;
3012000;"Powiat krotoszyński";64771;10423;22379;5576;14882;19874;1904;7229;1948;1014;31552;3840;10222;2087;7586;12094;1053;2818;973;552;33219;6583;12157;3489;7296;7780;851;4411;975;462;
3013000;"Powiat leszczyński";48523;8633;15167;4251;9750;15249;1571;5572;1605;726;24018;3341;7105;1671;5090;9331;861;2159;810;411;24505;5292;8062;2580;4660;5918;710;3413;795;315;
3014000;"Powiat międzychodzki";30866;4271;10279;2621;6781;9321;1083;4188;1068;656;15227;1565;4517;1008;3256;5828;622;1729;587;379;15639;2706;5762;1613;3525;3493;461;2459;481;277;
3015000;"Powiat nowotomyski";63330;10527;19870;6796;11239;20648;1795;7242;2081;1167;30796;3876;9067;2627;5857;12473;1013;2661;1067;639;32534;6651;10803;4169;5382;8175;782;4581;1014;528;
3016000;"Powiat obornicki";49904;8136;16054;4767;9695;15049;1687;6135;1729;1114;24559;3049;7093;1774;4828;9283;954;2664;882;634;25345;5087;8961;2993;4867;5766;733;3471;847;480;
3017000;"Powiat ostrowski";137187;26396;50206;15542;30028;36989;3780;13325;3891;2600;66457;10419;23409;5326;16840;22065;2126;4983;2026;1429;70730;15977;26797;10216;13188;14924;1654;8342;1865;1171;
3018000;"Powiat ostrzeszowski";46959;7542;16027;3685;11185;14156;1283;5766;1480;705;23016;2707;7224;1315;5589;8866;707;2399;742;371;23943;4835;8803;2370;5596;5290;576;3367;738;334;
3019000;"Powiat pilski";114955;23402;40799;11983;25030;26081;3862;13755;3595;3461;55742;9463;18779;4554;13126;15779;2257;5689;1884;1891;59213;13939;22020;7429;11904;10302;1605;8066;1711;1570;
3020000;"Powiat pleszewski";53058;8940;17268;4314;11757;16089;1669;6566;1849;677;26032;3290;7903;1562;6024;10040;966;2516;952;365;27026;5650;9365;2752;5733;6049;703;4050;897;312;
3021000;"Powiat poznański";354878;114516;113181;42911;57845;68936;10608;29625;11339;6673;170871;47656;54356;18377;32001;41215;5951;12278;5729;3686;184007;66860;58825;24534;25844;27721;4657;17347;5610;2987;
3022000;"Powiat rawicki";50612;7827;16652;4922;10242;16338;1521;5676;1742;856;24786;2851;7675;1970;5268;9734;839;2279;908;500;25826;4976;8977;2952;4974;6604;682;3397;834;356;
3023000;"Powiat słupecki";49905;8411;15664;4290;10203;14443;1507;7555;1632;693;24613;2995;7216;1616;5217;9256;860;3055;838;393;25292;5416;8448;2674;4986;5187;647;4500;794;300;
3024000;"Powiat szamotulski";77684;13695;26252;8124;15500;22066;2705;9074;2491;1401;37770;5203;11977;3191;8014;13373;1535;3623;1297;762;39914;8492;14275;4933;7486;8693;1170;5451;1194;639;
3025000;"Powiat średzki";49921;9804;15547;4764;9553;14239;1664;6463;1520;684;24315;3687;7339;1918;5059;8653;943;2523;768;402;25606;6117;8208;2846;4494;5586;721;3940;752;282;
3026000;"Powiat śremski";51777;9402;17278;5280;10506;15050;1646;5909;1657;835;25093;3499;8042;2015;5611;9076;917;2262;848;449;26684;5903;9236;3265;4895;5974;729;3647;809;386;
3027000;"Powiat turecki";70316;12769;23052;6631;14553;17849;2126;11115;2343;1062;34170;4590;10883;2542;7818;10844;1291;4797;1187;578;36146;8179;12169;4089;6735;7005;835;6318;1156;484;
3028000;"Powiat wągrowiecki";58634;8846;18483;5729;11060;18402;1889;8045;1959;1010;28858;3191;8241;2170;5533;11462;1043;3320;1024;577;29776;5655;10242;3559;5527;6940;846;4725;935;433;
3029000;"Powiat wolsztyński";47966;7397;14463;4419;8667;16203;1498;5992;1610;803;23491;2616;6654;1704;4548;9862;824;2247;851;437;24475;4781;7809;2715;4119;6341;674;3745;759;366;
3030000;"Powiat wrzesiński";66536;12824;21486;6183;13749;18826;1860;8493;2008;1039;32240;4860;10018;2466;7116;11326;1059;3379;999;599;34296;7964;11468;3717;6633;7500;801;5114;1009;440;
3031000;"Powiat złotowski";58373;8950;19172;5107;12396;14817;2149;9116;2008;2161;28703;3394;8704;1904;6284;9265;1247;3897;1027;1169;29670;5556;10468;3203;6112;5552;902;5219;981;992;
3061000;"City with powiat status Kalisz";84677;21306;30625;10498;17034;16769;2422;9191;2256;2108;38810;8486;13443;3720;8794;9455;1380;3828;1123;1095;45867;12820;17182;6778;8240;7314;1042;5363;1133;1013;
3062000;"City with powiat status Konin";62140;15432;23770;7243;14384;12104;1579;6349;1534;1372;28882;6008;10723;2509;7695;7319;912;2419;754;747;33258;9424;13047;4734;6689;4785;667;3930;780;625;
3063000;"City with powiat status Leszno";53859;14078;19661;6543;11003;11241;1481;4387;1479;1532;25233;5904;8853;2464;5715;6419;826;1689;722;820;28626;8174;10808;4079;5288;4822;655;2698;757;712;
3064000;"City with powiat status Poznań";482205;189773;159157;65884;74284;68947;10753;30623;9536;13416;221713;80360;72094;27511;38619;38768;6055;12304;4978;7154;260492;109413;87063;38373;35665;30179;4698;18319;4558;6262;
3201000;"Powiat białogardzki";39670;6022;13246;4541;7478;9572;1422;6596;1340;1472;19365;2276;5967;1746;3882;5831;828;3012;672;779;20305;3746;7279;2795;3596;3741;594;3584;668;693;
3202000;"Powiat choszczeński";39739;5955;12844;4800;6900;9492;1370;7574;1341;1163;19581;2259;5949;2016;3605;5786;819;3448;683;637;20158;3696;6895;2784;3295;3706;551;4126;658;526;
3203000;"Powiat drawski";47487;7429;16022;6403;7930;11782;1713;7309;1633;1599;23171;2841;7348;2622;4195;7113;995;3217;782;875;24316;4588;8674;3781;3735;4669;718;4092;851;724;
3204000;"Powiat goleniowski";70693;12978;23883;9079;12451;15989;2560;10505;2383;2395;34720;5063;11203;3872;6590;9691;1447;4775;1215;1326;35973;7915;12680;5207;5861;6298;1113;5730;1168;1069;
3205000;"Powiat gryficki";50343;8331;17379;7630;7798;12274;1571;7429;1667;1692;24849;3169;8159;3435;4068;7704;861;3183;848;925;25494;5162;9220;4195;3730;4570;710;4246;819;767;
3206000;"Powiat gryfiński";68588;11195;21968;7777;12237;16933;2166;11769;2428;2129;33860;4236;10310;3129;6576;10596;1231;5157;1172;1158;34728;6959;11658;4648;5661;6337;935;6612;1256;971;
3207000;"Powiat kamieński";39884;6682;14380;5402;7490;8782;1299;6232;1221;1288;19423;2550;6681;2366;3833;5336;771;2778;593;714;20461;4132;7699;3036;3657;3446;528;3454;628;574;
3208000;"Powiat kołobrzeski";68419;14368;25154;8262;13935;14487;1980;8071;1963;2396;32386;5571;11395;3375;7164;8730;1117;3385;919;1269;36033;8797;13759;4887;6771;5757;863;4686;1044;1127;
3209000;"Powiat koszaliński";57314;10459;17663;6148;10085;13734;2311;9291;2014;1842;28402;3977;8368;2565;5348;8422;1295;4321;984;1035;28912;6482;9295;3583;4737;5312;1016;4970;1030;807;
3210000;"Powiat myśliborski";55563;8760;18767;6180;10744;13668;1798;8872;1860;1838;27191;3279;8539;2331;5658;8469;1022;3940;940;1002;28372;5481;10228;3849;5086;5199;776;4932;920;836;
3211000;"Powiat policki";70433;22562;22284;8504;11199;11939;2108;7004;2298;2238;34263;9368;10841;3732;6305;7181;1225;3289;1116;1243;36170;13194;11443;4772;4894;4758;883;3715;1182;995;
3212000;"Powiat pyrzycki";32576;4861;10741;3810;6085;7911;1047;5900;1161;955;16149;1762;5027;1434;3339;5002;592;2646;574;546;16427;3099;5714;2376;2746;2909;455;3254;587;409;
3213000;"Powiat sławieński";47132;7313;15769;5737;8813;11842;1630;7596;1483;1499;22911;2623;7278;2188;4743;7258;913;3315;708;816;24221;4690;8491;3549;4070;4584;717;4281;775;683;
3214000;"Powiat stargardzki";103146;21375;36418;11957;20975;21896;3308;13926;3031;3192;50373;8421;17206;4862;11405;13480;1934;6038;1507;1787;52773;12954;19212;7095;9570;8416;1374;7888;1524;1405;
3215000;"Powiat szczecinecki";64968;11516;23163;7803;13280;13840;2245;9846;2066;2292;31335;4567;10421;3048;6777;8617;1310;4223;948;1249;33633;6949;12742;4755;6503;5223;935;5623;1118;1043;
3216000;"Powiat świdwiński";38924;5844;13381;4374;7521;9417;1304;6314;1320;1344;19061;2268;6167;1766;4009;5690;767;2803;627;739;19863;3576;7214;2608;3512;3727;537;3511;693;605;
3217000;"Powiat wałecki";44491;8113;15643;4995;9166;9915;1621;6436;1423;1340;21556;3171;7158;1959;4781;6206;899;2751;659;712;22935;4942;8485;3036;4385;3709;722;3685;764;628;
3218000;"Powiat łobeski";30007;3920;9626;3840;4590;7594;1165;5685;1010;1007;14856;1475;4285;1562;2350;4839;695;2515;481;566;15151;2445;5341;2278;2240;2755;470;3170;529;441;
3261000;"City with powiat status Koszalin";93083;27737;33499;12588;17375;15552;2411;8143;2407;3334;43306;11272;15025;5088;8843;9115;1411;3542;1213;1728;49777;16465;18474;7500;8532;6437;1000;4601;1194;1606;
3262000;"City with powiat status Szczecin";349790;114407;120489;45235;60770;55798;8287;29405;8241;13163;164075;47364;55413;18828;32175;32753;4639;12737;4168;7001;185715;67043;65076;26407;28595;23045;3648;16668;4073;6162;
3263000;"City with powiat status Świnoujście";35988;8001;14013;4676;7736;7080;886;3573;951;1484;17126;3337;6545;2007;4026;4008;502;1491;471;772;18862;4664;7468;2669;3710;3072;384;2082;480;712;
