"Code";"Name";"total;total;2021;[person]";"total;tertiary;2021;[person]";"total;secondary and post-secondary - total;2021;[person]";"total;basic vocational/sectoral;2021;[person]";"total;lower secondary, primary, primary not completed and without school education;2021;[person]";"males;total;2021;[person]";"males;tertiary;2021;[person]";"males;secondary and post-secondary - total;2021;[person]";"males;basic vocational/sectoral;2021;[person]";"males;lower secondary, primary, primary not completed and without school education;2021;[person]";"females;total;2021;[person]";"females;tertiary;2021;[person]";"females;secondary and post-secondary - total;2021;[person]";"females;basic vocational/sectoral;2021;[person]";"females;lower secondary, primary, primary not completed and without school education;2021;[person]";
0201000;"Powiat bolesławiecki";38792;9881;15604;9966;2712;20869;3796;8414;6613;1645;17923;6085;7190;3353;1067;
0202000;"Powiat dzierżoniowski";39657;10204;16804;8663;3253;21238;3837;8992;5807;2137;18419;6367;7812;2856;1116;
0203000;"Powiat głogowski";36209;11926;15055;7129;1688;19946;4777;8697;5093;1086;16263;7149;6358;2036;602;
0204000;"Powiat górowski";13765;2875;5454;4083;1222;7834;1037;3008;2879;826;5931;1838;2446;1204;396;
0205000;"Powiat jaworski";20715;5344;8030;5648;1421;11289;2051;4278;3862;919;9426;3293;3752;1786;502;
0206000;"Powiat karkonoski";25660;7568;10094;5781;1763;13383;2940;5111;3898;1165;12277;4628;4983;1883;598;
0207000;"Powiat kamiennogórski";17296;4077;6450;5326;1242;9416;1440;3348;3624;868;7880;2637;3102;1702;374;
0208000;"Powiat kłodzki";60022;16041;26156;12796;4310;31623;6046;13616;8736;2755;28399;9995;12540;4060;1555;
0209000;"Powiat legnicki";24235;6672;9932;5718;1630;13220;2659;5398;3930;1041;11015;4013;4534;1788;589;
0210000;"Powiat lubański";21746;5452;9199;5519;1298;11710;2084;4836;3759;864;10036;3368;4363;1760;434;
0211000;"Powiat lubiński";44027;15625;17219;8430;2020;23922;6414;9875;5888;1257;20105;9211;7344;2542;763;
0212000;"Powiat lwówecki";17575;4240;7092;4831;1135;9647;1601;3745;3357;763;7928;2639;3347;1474;372;
0213000;"Powiat milicki";16174;3543;6356;4862;1239;9065;1315;3389;3410;822;7109;2228;2967;1452;417;
0214000;"Powiat oleśnicki";50426;13569;20101;12620;3552;27253;5238;10641;8593;2393;23173;8331;9460;4027;1159;
0215000;"Powiat oławski";36495;11312;14856;7557;2278;19416;4467;7959;5179;1479;17079;6845;6897;2378;799;
0216000;"Powiat polkowicki";26442;6954;10443;6852;1749;14735;2697;5946;4697;1098;11707;4257;4497;2155;651;
0217000;"Powiat strzeliński";18984;4827;8422;4470;1033;10439;1753;4764;3122;648;8545;3074;3658;1348;385;
0218000;"Powiat średzki";28010;8439;10708;6683;1882;14990;3360;5664;4606;1175;13020;5079;5044;2077;707;
0219000;"Powiat świdnicki";66834;20385;26575;14615;4334;35964;8106;14265;10168;2835;30870;12279;12310;4447;1499;
0220000;"Powiat trzebnicki";41088;12737;15138;10116;2573;22207;5084;8072;7011;1688;18881;7653;7066;3105;885;
0221000;"Powiat wałbrzyski";21512;5821;8516;4983;1879;11623;2246;4470;3489;1220;9889;3575;4046;1494;659;
0222000;"Powiat wołowski";20291;5815;8363;4739;1156;11100;2180;4658;3321;794;9191;3635;3705;1418;362;
0223000;"Powiat wrocławski";90479;43297;29218;12729;4134;47214;18872;16258;8697;2706;43265;24425;12960;4032;1428;
0224000;"Powiat ząbkowicki";25917;6302;11650;6104;1604;14101;2292;6270;4336;1033;11816;4010;5380;1768;571;
0225000;"Powiat zgorzelecki";36330;9352;15351;8497;2610;19268;3652;8100;5677;1549;17062;5700;7251;2820;1061;
0226000;"Powiat złotoryjski";17456;4325;6488;5057;1390;9612;1695;3446;3470;877;7844;2630;3042;1587;513;
0261000;"City with powiat status Jelenia Góra";32309;12047;12526;5404;1586;16374;4859;6548;3544;968;15935;7188;5978;1860;618;
0262000;"City with powiat status Legnica";40849;15167;15661;6955;2236;21049;6148;8465;4615;1304;19800;9019;7196;2340;932;
0264000;"City with powiat status Wrocław";345939;195319;103658;30082;11571;174387;86993;57124;19980;6960;171552;108326;46534;10102;4611;
0265000;"City with powiat status Wałbrzych since 2013";40714;12429;15904;8339;3162;21375;5008;8319;5603;1867;19339;7421;7585;2736;1295;
0401000;"Powiat aleksandrowski";22682;5932;8955;6134;1498;12399;2183;4829;4227;1053;10283;3749;4126;1907;445;
0402000;"Powiat brodnicki";34865;8101;12690;10516;3237;19669;3099;6789;7393;2182;15196;5002;5901;3123;1055;
0403000;"Powiat bydgoski";57876;21747;19696;12445;3237;31343;9141;10863;8647;2168;26533;12606;8833;3798;1069;
0404000;"Powiat chełmiński";21150;4555;7980;6384;2045;11804;1750;4246;4327;1353;9346;2805;3734;2057;692;
0405000;"Powiat golubsko-dobrzyński";19011;4123;7468;5658;1605;10763;1505;4069;3999;1086;8248;2618;3399;1659;519;
0406000;"Powiat grudziądzki";17021;3578;6456;5089;1726;9800;1384;3522;3640;1131;7221;2194;2934;1449;595;
0407000;"Powiat inowrocławski";65826;16766;27476;16670;4312;36638;6563;14954;11875;2825;29188;10203;12522;4795;1487;
0408000;"Powiat lipnowski";26100;5721;9695;7694;2813;14871;2069;5361;5406;1916;11229;3652;4334;2288;897;
0409000;"Powiat mogileński";19474;4337;7794;6097;1126;11243;1653;4302;4453;746;8231;2684;3492;1644;380;
0410000;"Powiat nakielski";36422;8421;12933;11695;3009;20591;3253;6818;8337;1936;15831;5168;6115;3358;1073;
0411000;"Powiat radziejowski";16891;3892;6745;4736;1467;9721;1435;3840;3422;984;7170;2457;2905;1314;483;
0412000;"Powiat rypiński";18010;3852;6384;4966;2693;10304;1403;3432;3507;1875;7706;2449;2952;1459;818;
0413000;"Powiat sępoleński";16990;3316;6157;5859;1545;9705;1189;3125;4311;995;7285;2127;3032;1548;550;
0414000;"Powiat świecki";41258;9108;15734;12605;3406;23187;3403;8382;8806;2297;18071;5705;7352;3799;1109;
0415000;"Powiat toruński";50211;14739;18753;12363;3910;27689;6014;10218;8524;2618;22522;8725;8535;3839;1292;
0416000;"Powiat tucholski";20437;4321;7184;7152;1627;11586;1591;3730;5057;1102;8851;2730;3454;2095;525;
0417000;"Powiat wąbrzeski";13967;2866;5364;4156;1443;8035;1091;2844;3032;963;5932;1775;2520;1124;480;
0418000;"Powiat włocławski";36307;8558;13923;10210;3445;20597;3137;7746;7277;2318;15710;5421;6177;2933;1127;
0419000;"Powiat żniński";29591;6781;11333;9476;1780;17091;2588;6131;7021;1188;12500;4193;5202;2455;592;
0461000;"City with powiat status Bydgoszcz";149713;64115;51981;24426;7192;77625;27374;27820;16575;4550;72088;36741;24161;7851;2642;
0462000;"City with powiat status Grudziądz";36261;10276;15489;7660;2287;19381;4180;8102;5283;1450;16880;6096;7387;2377;837;
0463000;"City with powiat status Toruń";88317;39416;30863;12613;4445;45129;16669;16816;8254;2747;43188;22747;14047;4359;1698;
0464000;"City with powiat status Włocławek";42377;14497;16585;8332;2499;22302;5736;9069;5624;1560;20075;8761;7516;2708;939;
0601000;"Powiat bialski";45518;13163;18275;10753;2943;25435;5111;10459;7410;2185;20083;8052;7816;3343;758;
0602000;"Powiat biłgorajski";42571;12393;16581;10666;2664;23592;4682;9523;7303;1898;18979;7711;7058;3363;766;
0603000;"Powiat chełmski";30052;7578;12400;7035;2761;17022;2921;7051;4862;1979;13030;4657;5349;2173;782;
0604000;"Powiat hrubieszowski";23429;6140;9991;5240;1844;12905;2417;5438;3604;1296;10524;3723;4553;1636;548;
0605000;"Powiat janowski";18673;5199;6965;4898;1435;10371;1967;3887;3331;1057;8302;3232;3078;1567;378;
0606000;"Powiat krasnostawski";24432;6861;10888;5031;1480;13471;2653;6201;3462;1036;10961;4208;4687;1569;444;
0607000;"Powiat kraśnicki";37756;10590;15997;8468;2455;20346;3919;8863;5678;1713;17410;6671;7134;2790;742;
0608000;"Powiat lubartowski";37357;10643;13807;9718;2906;20382;4037;7543;6549;2078;16975;6606;6264;3169;828;
0609000;"Powiat lubelski";75684;28298;29195;14005;3599;40381;11415;16531;9482;2568;35303;16883;12664;4523;1031;
0610000;"Powiat łęczyński";24652;7380;10647;4920;1512;13391;2741;6139;3345;1042;11261;4639;4508;1575;470;
0611000;"Powiat łukowski";45834;11988;16999;12497;3944;25469;4253;9596;8442;2897;20365;7735;7403;4055;1047;
0612000;"Powiat opolski";24511;6070;10478;5903;1822;13300;2280;5643;3967;1251;11211;3790;4835;1936;571;
0613000;"Powiat parczewski";13766;3861;5920;2903;952;7611;1475;3310;2067;661;6155;2386;2610;836;291;
0614000;"Powiat puławski";47043;16726;18512;9312;2049;25043;6662;10295;6368;1436;22000;10064;8217;2944;613;
0615000;"Powiat radzyński";24846;6278;9858;6521;1966;13836;2332;5438;4433;1481;11010;3946;4420;2088;485;
0616000;"Powiat rycki";23204;6852;10570;4749;832;12810;2745;6172;3194;562;10394;4107;4398;1555;270;
0617000;"Powiat świdnicki";30367;11704;12259;4889;1273;16039;4674;6933;3378;884;14328;7030;5326;1511;389;
0618000;"Powiat tomaszowski";33316;9102;13550;7942;2424;18423;3536;7454;5588;1649;14893;5566;6096;2354;775;
0619000;"Powiat włodawski";14098;4221;5910;2696;1139;7795;1686;3351;1866;796;6303;2535;2559;830;343;
0620000;"Powiat zamojski";43793;11871;17251;11310;3035;24301;4444;9703;7759;2168;19492;7427;7548;3551;867;
0661000;"City with powiat status Biała Podlaska";23800;10757;8717;3257;821;12357;4464;4897;2259;570;11443;6293;3820;998;251;
0662000;"City with powiat status Chełm";23318;10418;9193;2737;772;11918;4193;5181;1874;541;11400;6225;4012;863;231;
0663000;"City with powiat status Lublin";150753;84747;46133;13520;4608;74746;35901;25871;8915;2967;76007;48846;20262;4605;1641;
0664000;"City with powiat status Zamość";24273;10883;9482;2939;733;12426;4432;5371;1963;517;11847;6451;4111;976;216;
0801000;"Powiat gorzowski";33327;9869;11948;8280;2762;18212;3971;6403;5756;1772;15115;5898;5545;2524;990;
0802000;"Powiat krośnieński";22638;5125;9269;6159;1756;12538;1933;4922;4251;1205;10100;3192;4347;1908;551;
0803000;"Powiat międzyrzecki";24346;6124;9681;6496;1747;13442;2418;5208;4494;1116;10904;3706;4473;2002;631;
0804000;"Powiat nowosolski";34533;8535;14225;8522;2724;18911;3309;7515;5928;1808;15622;5226;6710;2594;916;
0805000;"Powiat słubicki";20595;5146;8475;4747;1861;11006;2005;4390;3169;1227;9589;3141;4085;1578;634;
0806000;"Powiat strzelecko-drezdenecki";20463;4504;7336;6431;2017;11412;1641;3828;4459;1355;9051;2863;3508;1972;662;
0807000;"Powiat sulęciński";14890;3412;6189;3964;1151;8169;1317;3348;2687;699;6721;2095;2841;1277;452;
0808000;"Powiat świebodziński";24261;6121;9651;6481;1665;13251;2442;5064;4407;1107;11010;3679;4587;2074;558;
0809000;"Powiat zielonogórski";33651;9221;12667;9123;2267;18500;3639;6682;6425;1510;15151;5582;5985;2698;757;
0810000;"Powiat żagański";30799;7514;13356;7390;2129;16944;2901;7274;5136;1360;13855;4613;6082;2254;769;
0811000;"Powiat żarski";38559;9226;16307;9942;2561;21011;3591;8679;6792;1608;17548;5635;7628;3150;953;
0812000;"Powiat wschowski";16170;3487;5862;5308;1317;9083;1273;3155;3634;891;7087;2214;2707;1674;426;
0861000;"City with powiat status Gorzów Wielkopolski";52126;19101;19652;9617;2927;27043;7848;10196;6668;1804;25083;11253;9456;2949;1123;
0862000;"City with powiat status Zielona Góra";64787;30385;22476;8631;2396;33428;13177;12140;6042;1528;31359;17208;10336;2589;868;
1001000;"Powiat bełchatowski";50266;16431;20000;10390;3039;27279;6373;11281;7259;2075;22987;10058;8719;3131;964;
1002000;"Powiat kutnowski";41491;11464;17490;9218;3043;22501;4443;9438;6356;2077;18990;7021;8052;2862;966;
1003000;"Powiat łaski";22985;6360;9068;5733;1627;12222;2328;4868;3783;1117;10763;4032;4200;1950;510;
1004000;"Powiat łęczycki";22348;5323;9313;5262;2303;12113;1987;4959;3477;1595;10235;3336;4354;1785;708;
1005000;"Powiat łowicki";35768;10247;15198;8019;2040;19156;3848;8352;5393;1396;16612;6399;6846;2626;644;
1006000;"Powiat łódzki wschodni";35304;12602;13994;6192;2210;18335;5058;7645;3977;1470;16969;7544;6349;2215;740;
1007000;"Powiat opoczyński";32594;8910;13577;7675;2321;18180;3266;7950;5280;1609;14414;5644;5627;2395;712;
1008000;"Powiat pabianicki";54916;19241;21600;9451;3923;28315;7599;11687;6033;2569;26601;11642;9913;3418;1354;
1009000;"Powiat pajęczański";22730;5562;8045;7140;1868;12803;2029;4470;5018;1206;9927;3533;3575;2122;662;
1010000;"Powiat piotrkowski";41558;10521;17817;9620;3284;22833;3731;9960;6640;2282;18725;6790;7857;2980;1002;
1011000;"Powiat poddębicki";18750;4481;7248;5029;1830;10274;1601;3994;3288;1282;8476;2880;3254;1741;548;
1012000;"Powiat radomszczański";47680;13123;18820;11961;3453;26477;4837;10536;8505;2374;21203;8286;8284;3456;1079;
1013000;"Powiat rawski";22836;5951;9336;5780;1545;12328;2158;5075;3878;1077;10508;3793;4261;1902;468;
1014000;"Powiat sieradzki";53892;14779;20555;14112;4110;29152;5405;11117;9528;2873;24740;9374;9438;4584;1237;
1015000;"Powiat skierniewicki";18283;4905;7431;4814;1037;9979;1778;4148;3254;735;8304;3127;3283;1560;302;
1016000;"Powiat tomaszowski";49328;14274;20369;11102;3037;26296;5302;11276;7260;2103;23032;8972;9093;3842;934;
1017000;"Powiat wieluński";34353;8907;12243;11229;1727;19006;3294;6612;7759;1178;15347;5613;5631;3470;549;
1018000;"Powiat wieruszowski";20859;4574;7484;7277;1444;11624;1600;3932;5003;1032;9235;2974;3552;2274;412;
1019000;"Powiat zduńskowolski";28675;8129;11925;6284;2056;15399;3067;6435;4234;1470;13276;5062;5490;2050;586;
1020000;"Powiat zgierski";78076;26747;30936;14219;5161;40388;10532;16519;9255;3447;37688;16215;14417;4964;1714;
1021000;"Powiat brzeziński";14333;3958;5971;3315;974;7553;1477;3283;2066;662;6780;2481;2688;1249;312;
1061000;"City with powiat status Łódź";308712;137174;110617;38367;17839;153348;56677;58468;24293;10999;155364;80497;52149;14074;6840;
1062000;"City with powiat status Piotrków Trybunalski";29629;11435;12447;4036;1441;15284;4545;6874;2773;917;14345;6890;5573;1263;524;
1063000;"City with powiat status Skierniewice";21479;9357;8059;2997;835;11104;3785;4525;2058;572;10375;5572;3534;939;263;
1201000;"Powiat bocheński";50188;14017;20494;13223;2100;27138;5132;11342;9063;1368;23050;8885;9152;4160;732;
1202000;"Powiat brzeski";42636;10299;16177;13834;1987;23516;3775;8416;9765;1316;19120;6524;7761;4069;671;
1203000;"Powiat chrzanowski";51197;16697;21412;10034;2495;27207;6501;11884;6854;1598;23990;10196;9528;3180;897;
1204000;"Powiat dąbrowski";24395;5512;9493;7431;1781;13562;2041;5030;5147;1232;10833;3471;4463;2284;549;
1205000;"Powiat gorlicki";45629;11416;18253;13134;2521;25530;4512;9780;9314;1717;20099;6904;8473;3820;804;
1206000;"Powiat krakowski";145209;53854;52096;31711;6303;76272;22197;28157;20977;4134;68937;31657;23939;10734;2169;
1207000;"Powiat limanowski";60226;14266;21728;19469;4348;33426;4852;11306;14015;2990;26800;9414;10422;5454;1358;
1208000;"Powiat miechowski";21805;6125;9959;4653;936;11797;2281;5573;3228;628;10008;3844;4386;1425;308;
1209000;"Powiat myślenicki";62964;17490;23121;18679;3262;33828;6197;12404;12777;2174;29136;11293;10717;5902;1088;
1210000;"Powiat nowosądecki";95932;23471;37314;29034;5395;53644;8720;19946;20783;3730;42288;14751;17368;8251;1665;
1211000;"Powiat nowotarski";82713;18634;26704;25511;11064;44529;6642;13294;16753;7337;38184;11992;13410;8758;3727;
1212000;"Powiat olkuski";48147;17166;20517;8341;1715;25597;6846;11579;5822;1084;22550;10320;8938;2519;631;
1213000;"Powiat oświęcimski";66163;20421;27003;15529;2636;35304;8001;14752;10437;1741;30859;12420;12251;5092;895;
1214000;"Powiat proszowicki";20557;4371;8361;6212;1459;11163;1516;4378;4184;984;9394;2855;3983;2028;475;
1215000;"Powiat suski";38218;9067;14416;11621;2901;20811;3235;7382;8059;1996;17407;5832;7034;3562;905;
1216000;"Powiat tarnowski";89141;21716;33540;28760;4442;49518;8165;17965;19964;2981;39623;13551;15575;8796;1461;
1217000;"Powiat tatrzański";28750;7350;9889;7230;3959;14795;2886;4774;4533;2436;13955;4464;5115;2697;1523;
1218000;"Powiat wadowicki";73013;18249;27690;22532;4004;39579;6816;14609;15068;2741;33434;11433;13081;7464;1263;
1219000;"Powiat wielicki";68536;25735;24301;14892;2932;36010;10473;13230;9939;1941;32526;15262;11071;4953;991;
1261000;"City with powiat status Kraków";407738;238999;116658;37016;10227;202605;104547;64728;24111;6281;205133;134452;51930;12905;3946;
1262000;"City with powiat status Nowy Sącz";34599;14031;13618;5717;869;18241;5834;7528;4102;559;16358;8197;6090;1615;310;
1263000;"City with powiat status Tarnów";43474;18137;16247;7156;1500;23031;7752;9114;4870;1009;20443;10385;7133;2286;491;
1401000;"Powiat białobrzeski";15870;3549;5668;4840;1668;8794;1304;3045;3163;1196;7076;2245;2623;1677;472;
1402000;"Powiat ciechanowski";39878;13310;14907;8914;2388;21820;5339;8316;6235;1698;18058;7971;6591;2679;690;
1403000;"Powiat garwoliński";50491;13763;20753;13130;2496;27428;4778;11596;8915;1899;23063;8985;9157;4215;597;
1404000;"Powiat gostyniński";18592;5186;7693;4217;1354;10142;1811;4299;3024;912;8450;3375;3394;1193;442;
1405000;"Powiat grodziski";49804;22410;17757;6725;2257;25420;9261;9874;4427;1452;24384;13149;7883;2298;805;
1406000;"Powiat grójecki";49208;13862;20327;11329;3123;26340;5358;10948;7516;2156;22868;8504;9379;3813;967;
1407000;"Powiat kozienicki";25539;7664;9559;6353;1754;14144;2968;5493;4317;1220;11395;4696;4066;2036;534;
1408000;"Powiat legionowski";62390;29308;23009;6977;2415;31906;12255;12997;4654;1574;30484;17053;10012;2323;841;
1409000;"Powiat lipski";13891;3754;5513;3700;845;7750;1373;3194;2526;605;6141;2381;2319;1174;240;
1410000;"Powiat łosicki";13388;3643;5503;3125;1038;7474;1372;3103;2183;769;5914;2271;2400;942;269;
1411000;"Powiat makowski";18562;5041;7972;4245;1152;10325;1878;4482;3053;809;8237;3163;3490;1192;343;
1412000;"Powiat miński";76687;27984;29787;14765;3448;40206;10576;16616;10154;2407;36481;17408;13171;4611;1041;
1413000;"Powiat mławski";31962;8121;12784;8484;2216;17736;3210;6901;5935;1448;14226;4911;5883;2549;768;
1414000;"Powiat nowodworski";39036;12424;15912;7687;2592;20638;4776;8765;5171;1674;18398;7648;7147;2516;918;
1415000;"Powiat ostrołęcki";39391;10079;15070;9721;4153;22408;3740;8576;6885;2964;16983;6339;6494;2836;1189;
1416000;"Powiat ostrowski";31585;8283;12930;7925;2231;17369;2981;7099;5582;1572;14216;5302;5831;2343;659;
1417000;"Powiat otwocki";60681;24315;23204;9775;2654;31186;9434;12937;6535;1824;29495;14881;10267;3240;830;
1418000;"Powiat piaseczyński";104807;52974;35255;11079;4143;52979;22418;19754;7337;2668;51828;30556;15501;3742;1475;
1419000;"Powiat płocki";50351;14186;18814;13223;3725;28476;5542;10701;9361;2597;21875;8644;8113;3862;1128;
1420000;"Powiat płoński";39565;10357;14974;10100;3789;21694;3864;8211;6781;2598;17871;6493;6763;3319;1191;
1421000;"Powiat pruszkowski";88119;43670;31019;8900;3403;44572;18332;17388;5987;2190;43547;25338;13631;2913;1213;
1422000;"Powiat przasnyski";22046;6028;8836;5030;1998;12416;2303;5028;3540;1451;9630;3725;3808;1490;547;
1423000;"Powiat przysuski";16897;4397;6354;4668;1373;9458;1568;3683;3146;996;7439;2829;2671;1522;377;
1424000;"Powiat pułtuski";23209;6867;8972;5622;1572;12443;2511;4958;3739;1128;10766;4356;4014;1883;444;
1425000;"Powiat radomski";64590;19843;23690;15358;5118;35725;7693;13470;10400;3774;28865;12150;10220;4958;1344;
1426000;"Powiat siedlecki";37993;10340;14613;10176;2490;21067;3736;8151;7072;1857;16926;6604;6462;3104;633;
1427000;"Powiat sierpecki";21312;5586;8311;5632;1604;12142;2123;4788;3987;1121;9170;3463;3523;1645;483;
1428000;"Powiat sochaczewski";40650;12426;16913;8591;2428;21622;4717;9303;5772;1643;19028;7709;7610;2819;785;
1429000;"Powiat sokołowski";23923;6761;9123;6551;1276;13183;2530;5058;4558;899;10740;4231;4065;1993;377;
1430000;"Powiat szydłowiecki";14925;4304;5617;3921;981;8384;1534;3247;2804;737;6541;2770;2370;1117;244;
1432000;"Powiat warszawski zachodni";65508;31604;22829;7746;2690;33681;13609;12746;5185;1744;31827;17995;10083;2561;946;
1433000;"Powiat węgrowski";29176;6875;11900;8035;2075;16141;2313;6666;5475;1487;13035;4562;5234;2560;588;
1434000;"Powiat wołomiński";133487;54017;51695;19823;6352;68161;20623;29080;13130;4335;65326;33394;22615;6693;2017;
1435000;"Powiat wyszkowski";35025;9950;13517;8706;2549;19037;3526;7397;6014;1913;15988;6424;6120;2692;636;
1436000;"Powiat zwoleński";15249;3889;5703;4125;1418;8472;1456;3134;2787;1018;6777;2433;2569;1338;400;
1437000;"Powiat żuromiński";16114;3838;5888;4651;1611;9048;1431;3237;3211;1081;7066;2407;2651;1440;530;
1438000;"Powiat żyrardowski";35447;11806;14094;6733;2379;18230;4385;7570;4384;1621;17217;7421;6524;2349;758;
1461000;"City with powiat status Ostrołęka";20445;8845;7856;2679;860;10724;3465;4522;1990;609;9721;5380;3334;689;251;
1462000;"City with powiat status Płock";49657;21039;18584;7418;2015;26044;8607;10568;5153;1323;23613;12432;8016;2265;692;
1463000;"City with powiat status Radom";83148;37176;29111;11936;3938;43717;15622;16397;8232;2825;39431;21554;12714;3704;1113;
1464000;"City with powiat status Siedlce";34800;16976;12043;4368;1026;17911;6837;6957;3154;715;16889;10139;5086;1214;311;
1465000;"City with powiat status Capital City Warszawa";965329;605800;265638;56226;25134;469166;261265;148664;36364;15635;496163;344535;116974;19862;9499;
1601000;"Powiat brzeski";38639;10879;16520;8465;2318;21126;4344;8901;6019;1548;17513;6535;7619;2446;770;
1602000;"Powiat głubczycki";17793;4401;7071;4820;1325;10027;1683;3797;3526;899;7766;2718;3274;1294;426;
1603000;"Powiat kędzierzyńsko-kozielski";37463;10742;14350;9902;2141;20582;4312;7710;6980;1367;16881;6430;6640;2922;774;
1604000;"Powiat kluczborski";27187;6839;10636;7589;1897;15297;2686;5857;5367;1232;11890;4153;4779;2222;665;
1605000;"Powiat krapkowicki";26272;6875;8777;8581;1804;14688;2679;4725;5990;1151;11584;4196;4052;2591;653;
1606000;"Powiat namysłowski";18941;4800;7690;4996;1262;10498;1893;4143;3484;845;8443;2907;3547;1512;417;
1607000;"Powiat nyski";54463;15075;21715;13882;3196;30007;5853;11755;9953;2062;24456;9222;9960;3929;1134;
1608000;"Powiat oleski";27497;6691;10052;9137;1455;15275;2623;5368;6208;964;12222;4068;4684;2929;491;
1609000;"Powiat opolski";54311;15864;18499;16689;2866;29790;6142;10024;11528;1844;24521;9722;8475;5161;1022;
1610000;"Powiat prudnicki";22483;5712;8290;6988;1306;12391;2156;4415;4852;831;10092;3556;3875;2136;475;
1611000;"Powiat strzelecki";31029;7797;10816;10239;1970;17253;3077;5779;7042;1222;13776;4720;5037;3197;748;
1661000;"City with powiat status Opole";60273;30175;19683;7551;2170;30777;12876;10774;5315;1369;29496;17299;8909;2236;801;
1801000;"Powiat bieszczadzki";8348;2383;3231;2021;626;4500;954;1711;1355;421;3848;1429;1520;666;205;
1802000;"Powiat brzozowski";25028;7043;9607;6771;1452;13927;2622;5458;4841;899;11101;4421;4149;1930;553;
1803000;"Powiat dębicki";57911;15805;23918;14499;3253;32690;6360;13546;10274;2223;25221;9445;10372;4225;1030;
1804000;"Powiat jarosławski";48440;14866;18595;11773;2818;26871;5935;10511;8197;1983;21569;8931;8084;3576;835;
1805000;"Powiat jasielski";43957;12828;17060;11806;2068;24692;5362;9307;8504;1382;19265;7466;7753;3302;686;
1806000;"Powiat kolbuszowski";25482;6331;10149;7416;1399;14188;2388;5564;5070;1041;11294;3943;4585;2346;358;
1807000;"Powiat krośnieński";46073;13838;18270;11640;2042;25905;5622;10310;8377;1393;20168;8216;7960;3263;649;
1808000;"Powiat leżajski";26723;7727;10168;7497;1169;14851;3051;5686;5237;769;11872;4676;4482;2260;400;
1809000;"Powiat lubaczowski";22272;6193;8343;6108;1510;12380;2439;4588;4208;1067;9892;3754;3755;1900;443;
1810000;"Powiat łańcucki";35213;12089;14183;7347;1378;19123;4785;7982;5183;1022;16090;7304;6201;2164;356;
1811000;"Powiat mielecki";60778;17006;23598;17087;2643;33427;6741;12891;11695;1816;27351;10265;10707;5392;827;
1812000;"Powiat niżański";25553;7046;9748;6930;1656;14414;2862;5391;4891;1156;11139;4184;4357;2039;500;
1813000;"Powiat przemyski";29602;8126;12258;7339;1667;16407;3102;6890;5170;1104;13195;5024;5368;2169;563;
1814000;"Powiat przeworski";32530;9326;13519;7935;1581;18230;3640;7721;5648;1108;14300;5686;5798;2287;473;
1815000;"Powiat ropczycko-sędziszowski";31852;8769;14048;7252;1646;17748;3461;7969;5063;1177;14104;5308;6079;2189;469;
1816000;"Powiat rzeszowski";78231;26868;30390;17254;3236;42194;10895;16796;11916;2288;36037;15973;13594;5338;948;
1817000;"Powiat sanocki";37391;11811;14594;8656;2067;20328;4736;8186;5871;1363;17063;7075;6408;2785;704;
1818000;"Powiat stalowowolski";40667;13722;15910;8374;2224;22472;5745;9009;5904;1533;18195;7977;6901;2470;691;
1819000;"Powiat strzyżowski";25337;6871;9782;7266;1297;14211;2636;5292;5326;879;11126;4235;4490;1940;418;
1820000;"Powiat tarnobrzeski";21556;6016;8823;5524;1049;11933;2276;4961;3847;742;9623;3740;3862;1677;307;
1821000;"Powiat leski";10527;3091;4214;2366;782;5729;1271;2271;1593;543;4798;1820;1943;773;239;
1861000;"City with powiat status Krosno";18202;8230;6862;2485;463;9609;3612;3829;1746;306;8593;4618;3033;739;157;
1862000;"City with powiat status Przemyśl";21574;9673;8524;2534;664;11100;4025;4787;1774;411;10474;5648;3737;760;253;
1863000;"City with powiat status Rzeszów";90672;53222;27311;7661;1667;46569;23933;15714;5271;1140;44103;29289;11597;2390;527;
1864000;"City with powiat status Tarnobrzeg";18460;7738;7218;2902;456;9709;3187;4103;2033;289;8751;4551;3115;869;167;
2001000;"Powiat augustowski";23645;6667;9741;5061;1911;13013;2611;5381;3552;1297;10632;4056;4360;1509;614;
2002000;"Powiat białostocki";67616;25333;26284;11617;3773;36288;10292;14661;8180;2728;31328;15041;11623;3437;1045;
2003000;"Powiat bielski";22886;6679;9462;4679;1877;12760;2662;5190;3418;1359;10126;4017;4272;1261;518;
2004000;"Powiat grajewski";18189;4366;7460;3978;2136;10235;1614;4060;2984;1406;7954;2752;3400;994;730;
2005000;"Powiat hajnowski";16031;5175;6904;2880;902;8735;2118;3802;2039;661;7296;3057;3102;841;241;
2006000;"Powiat kolneński";15129;3562;5301;3985;2149;8500;1313;2888;2717;1495;6629;2249;2413;1268;654;
2007000;"Powiat łomżyński";21694;5305;7978;5574;2616;12341;2056;4418;3874;1841;9353;3249;3560;1700;775;
2008000;"Powiat moniecki";15825;3474;6456;3729;2056;8929;1275;3535;2632;1418;6896;2199;2921;1097;638;
2009000;"Powiat sejneński";8186;2432;3456;1296;911;4508;899;1914;983;648;3678;1533;1542;313;263;
2010000;"Powiat siemiatycki";18221;4605;7408;4055;2023;10104;1835;3929;2833;1429;8117;2770;3479;1222;594;
2011000;"Powiat sokólski";26568;6658;12112;5129;2439;14930;2638;6917;3535;1697;11638;4020;5195;1594;742;
2012000;"Powiat suwalski";15971;3973;6351;3609;1897;9180;1559;3573;2590;1366;6791;2414;2778;1019;531;
2013000;"Powiat wysokomazowiecki";24637;6486;10454;5606;1878;13845;2510;5913;3959;1333;10792;3976;4541;1647;545;
2014000;"Powiat zambrowski";18167;5042;6944;4342;1628;10193;1933;3862;3051;1192;7974;3109;3082;1291;436;
2061000;"City with powiat status Białystok";133296;67211;46605;14286;4086;67456;27962;26177;9776;2850;65840;39249;20428;4510;1236;
2062000;"City with powiat status Łomża";25070;10449;9136;4136;1124;13180;4272;4996;2980;776;11890;6177;4140;1156;348;
2063000;"City with powiat status Suwałki";30234;11154;11946;4757;2065;15656;4314;6401;3360;1374;14578;6840;5545;1397;691;
2201000;"Powiat bytowski";33547;7495;11553;10630;3515;19131;2663;6175;7747;2301;14416;4832;5378;2883;1214;
2202000;"Powiat chojnicki";41334;9901;14755;13160;3007;23282;3707;7844;9433;1962;18052;6194;6911;3727;1045;
2203000;"Powiat człuchowski";21710;5057;8103;6137;2115;12298;1864;4341;4421;1467;9412;3193;3762;1716;648;
2204000;"Powiat gdański";60876;23374;21714;11046;3853;32463;9535;12203;7691;2472;28413;13839;9511;3355;1381;
2205000;"Powiat kartuski";69802;20121;23862;19031;5973;38700;7640;13107;13564;3865;31102;12481;10755;5467;2108;
2206000;"Powiat kościerski";32007;7232;11975;10153;2317;18063;2516;6509;7211;1592;13944;4716;5466;2942;725;
2207000;"Powiat kwidzyński";34229;8353;13939;8547;2785;18757;3294;7309;6054;1713;15472;5059;6630;2493;1072;
2208000;"Powiat lęborski";26034;7212;9761;6456;2210;14500;2760;5287;4715;1461;11534;4452;4474;1741;749;
2209000;"Powiat malborski";25424;7198;10143;5914;1824;14011;2837;5523;4208;1196;11413;4361;4620;1706;628;
2210000;"Powiat nowodworski";13959;3224;5392;3900;1227;7943;1206;2953;2813;837;6016;2018;2439;1087;390;
2211000;"Powiat pucki";39791;12194;14677;9526;2833;22188;4884;8257;6911;1769;17603;7310;6420;2615;1064;
2212000;"Powiat słupski";41914;10897;14962;11246;4326;23143;4226;8083;7792;2733;18771;6671;6879;3454;1593;
2213000;"Powiat starogardzki";53916;12988;20542;15408;4349;30137;4793;10878;11134;2915;23779;8195;9664;4274;1434;
2214000;"Powiat tczewski";48953;12849;18710;12937;3764;27235;5087;10038;9210;2439;21718;7762;8672;3727;1325;
2215000;"Powiat wejherowski";101627;32285;36507;23092;7972;55666;12732;20263;16203;5317;45961;19553;16244;6889;2655;
2216000;"Powiat sztumski";15727;3285;6077;4538;1559;9102;1201;3253;3366;1087;6625;2084;2824;1172;472;
2261000;"City with powiat status Gdańsk";235124;125799;73258;24070;8223;119379;54593;40883;16465;5056;115745;71206;32375;7605;3167;
2262000;"City with powiat status Gdynia";111547;56367;36552;12886;4075;56755;24488;20156;8647;2450;54792;31879;16396;4239;1625;
2263000;"City with powiat status Słupsk";37202;14047;14248;6548;1841;18992;5544;7603;4391;1128;18210;8503;6645;2157;713;
2264000;"City with powiat status Sopot";14135;7923;4367;1182;451;7216;3549;2443;798;290;6919;4374;1924;384;161;
2401000;"Powiat będziński";65280;25317;26156;10307;2843;34151;10304;14474;7160;1765;31129;15013;11682;3147;1078;
2402000;"Powiat bielski";77809;24973;29729;19268;3158;41334;10102;16043;12647;2108;36475;14871;13686;6621;1050;
2403000;"Powiat cieszyński";78806;22845;29978;20988;4163;41813;9162;15527;13880;2733;36993;13683;14451;7108;1430;
2404000;"Powiat częstochowski";60326;17766;23620;15345;3156;33017;7008;13006;10621;2086;27309;10758;10614;4724;1070;
2405000;"Powiat gliwicki";50006;15463;19307;12315;2426;26994;6356;10420;8362;1523;23012;9107;8887;3953;903;
2406000;"Powiat kłobucki";38626;10662;14644;11547;1560;21354;4078;7964;8103;1062;17272;6584;6680;3444;498;
2407000;"Powiat lubliniecki";32993;9268;12229;9540;1730;18375;3661;6735;6609;1219;14618;5607;5494;2931;511;
2408000;"Powiat mikołowski";45465;17020;17085;9397;1525;24355;7154;9465;6510;938;21110;9866;7620;2887;587;
2409000;"Powiat myszkowski";30001;9781;12249;6226;1517;16243;3824;6928;4369;965;13758;5957;5321;1857;552;
2410000;"Powiat pszczyński";51391;15394;19124;14255;2180;27943;6074;10441;9711;1433;23448;9320;8683;4544;747;
2411000;"Powiat raciborski";42514;12388;15071;12071;2570;23330;5039;8024;8315;1660;19184;7349;7047;3756;910;
2412000;"Powiat rybnicki";32507;8884;12108;9657;1574;18341;3665;6698;6782;997;14166;5219;5410;2875;577;
2413000;"Powiat tarnogórski";60847;23080;23589;11157;2482;33062;9916;13342;7790;1646;27785;13164;10247;3367;836;
2414000;"Powiat bieruńsko-lędziński";27603;8956;10854;6347;1212;14746;3608;6090;4102;779;12857;5348;4764;2245;433;
2415000;"Powiat wodzisławski";62232;18004;23369;17210;3071;34497;7302;12935;11879;1973;27735;10702;10434;5331;1098;
2416000;"Powiat zawierciański";49370;16513;21409;9203;1882;26701;6519;12224;6438;1270;22669;9994;9185;2765;612;
2417000;"Powiat żywiecki";66080;19397;26816;16114;3127;35237;7332;14499;10897;2108;30843;12065;12317;5217;1019;
2461000;"City with powiat status Bielsko-Biała";76716;30993;27461;13838;3316;40077;13423;14788;8994;2152;36639;17570;12673;4844;1164;
2462000;"City with powiat status Bytom";62638;19085;26074;12295;4043;33428;7830;14095;8287;2474;29210;11255;11979;4008;1569;
2463000;"City with powiat status Chorzów";45720;15291;17739;8737;3240;23913;6274;9419;5867;1887;21807;9017;8320;2870;1353;
2464000;"City with powiat status Częstochowa";93129;38982;35065;14195;3843;48779;16953;19350;9436;2384;44350;22029;15715;4759;1459;
2465000;"City with powiat status Dąbrowa Górnicza";52073;19703;20990;8484;2230;27437;8093;11717;5826;1369;24636;11610;9273;2658;861;
2466000;"City with powiat status Gliwice";79619;33696;28647;12240;3842;42354;15116;15798;8243;2420;37265;18580;12849;3997;1422;
2467000;"City with powiat status Jastrzębie-Zdrój";33604;9188;13509;8233;2210;18197;3480;7219;5769;1391;15407;5708;6290;2464;819;
2468000;"City with powiat status Jaworzno";39323;13888;16846;6412;1742;20702;5477;9544;4298;1079;18621;8411;7302;2114;663;
2469000;"City with powiat status Katowice";133428;62230;44960;18489;6069;68494;27263;24298;12245;3605;64934;34967;20662;6244;2464;
2470000;"City with powiat status Mysłowice";32415;11788;12707;5905;1610;17085;4861;7043;3958;963;15330;6927;5664;1947;647;
2471000;"City with powiat status Piekary Śląskie";22167;7073;9121;4538;1213;11866;2864;5100;3030;725;10301;4209;4021;1508;488;
2472000;"City with powiat status Ruda Śląska";57217;17800;22936;12210;3552;30841;7173;12690;8249;2248;26376;10627;10246;3961;1304;
2473000;"City with powiat status Rybnik";56232;18185;21655;13010;2760;31057;7742;11870;9209;1792;25175;10443;9785;3801;968;
2474000;"City with powiat status Siemianowice Śląskie";28161;9710;10798;5639;1639;14758;3953;5815;3781;966;13403;5757;4983;1858;673;
2475000;"City with powiat status Sosnowiec";83920;30572;34457;13741;4018;43608;12352;18815;9242;2441;40312;18220;15642;4499;1577;
2476000;"City with powiat status Świętochłowice";19682;5606;7643;4520;1679;10503;2261;4031;3053;1001;9179;3345;3612;1467;678;
2477000;"City with powiat status Tychy";56136;21270;21798;9965;2430;29488;9016;11920;6634;1482;26648;12254;9878;3331;948;
2478000;"City with powiat status Zabrze";65298;20571;26464;12320;4754;34996;8452;14264;8440;3006;30302;12119;12200;3880;1748;
2479000;"City with powiat status Żory";26160;8038;10110;6264;1434;14142;3244;5417;4358;919;12018;4794;4693;1906;515;
2601000;"Powiat buski";30596;9118;11433;8124;1756;16630;3420;6399;5586;1130;13966;5698;5034;2538;626;
2602000;"Powiat jędrzejowski";35976;10834;14104;8565;2237;20354;4264;8348;6036;1548;15622;6570;5756;2529;689;
2603000;"Powiat kazimierski";14181;3040;6436;3558;1062;7875;1143;3534;2424;711;6306;1897;2902;1134;351;
2604000;"Powiat kielecki";96009;32240;34058;22808;6321;52525;12166;19844;15944;4173;43484;20074;14214;6864;2148;
2605000;"Powiat konecki";30752;9005;11661;7687;2191;17387;3344;6789;5596;1520;13365;5661;4872;2091;671;
2606000;"Powiat opatowski";21023;5497;7977;6040;1417;11714;2038;4459;4178;973;9309;3459;3518;1862;444;
2607000;"Powiat ostrowiecki";39888;12926;15537;9030;2114;21755;5034;8779;6282;1462;18133;7892;6758;2748;652;
2608000;"Powiat pińczowski";16202;4769;6614;3765;921;9022;1852;3833;2659;600;7180;2917;2781;1106;321;
2609000;"Powiat sandomierski";31944;10473;12896;6816;1520;17208;4132;7146;4772;1006;14736;6341;5750;2044;514;
2610000;"Powiat skarżyski";27526;10440;11391;4559;931;14901;4307;6634;3198;621;12625;6133;4757;1361;310;
2611000;"Powiat starachowicki";35731;11461;14246;7943;1815;19537;4565;8129;5502;1172;16194;6896;6117;2441;643;
2612000;"Powiat staszowski";30533;9142;11140;8465;1636;17001;3516;6501;5788;1093;13532;5626;4639;2677;543;
2613000;"Powiat włoszczowski";19224;5465;7267;5076;1305;10902;2055;4194;3641;940;8322;3410;3073;1435;365;
2661000;"City with powiat status Kielce";81120;44960;25247;8002;2229;41096;18946;14596;5679;1456;40024;26014;10651;2323;773;
2801000;"Powiat bartoszycki";20436;5276;7926;5024;1973;11269;2030;4276;3448;1349;9167;3246;3650;1576;624;
2802000;"Powiat braniewski";15195;3896;6036;3484;1583;8633;1589;3392;2468;1055;6562;2307;2644;1016;528;
2803000;"Powiat działdowski";27084;6281;10471;7191;2897;15214;2381;5655;5148;1866;11870;3900;4816;2043;1031;
2804000;"Powiat elbląski";22491;5006;8152;6629;2406;12865;1879;4436;4701;1629;9626;3127;3716;1928;777;
2805000;"Powiat ełcki";35437;10589;14836;6220;3176;19393;4249;8156;4413;2157;16044;6340;6680;1807;1019;
2806000;"Powiat giżycki";22546;6802;8558;4771;2117;12445;2704;4765;3272;1500;10101;4098;3793;1499;617;
2807000;"Powiat iławski";39770;9543;14490;11190;3977;22142;3734;7839;7646;2536;17628;5809;6651;3544;1441;
2808000;"Powiat kętrzyński";21483;5861;8797;4662;1879;11758;2282;4848;3197;1246;9725;3579;3949;1465;633;
2809000;"Powiat lidzbarski";15744;4023;6286;3940;1265;8687;1522;3391;2753;858;7057;2501;2895;1187;407;
2810000;"Powiat mrągowski";20191;5088;7818;4929;2074;10995;1922;4143;3356;1389;9196;3166;3675;1573;685;
2811000;"Powiat nidzicki";13106;2907;4980;3132;1912;7383;1043;2652;2256;1310;5723;1864;2328;876;602;
2812000;"Powiat nowomiejski";18605;3657;6306;6533;1925;10680;1303;3408;4611;1235;7925;2354;2898;1922;690;
2813000;"Powiat olecki";13390;3426;5577;2663;1505;7463;1283;3066;1892;1074;5927;2143;2511;771;431;
2814000;"Powiat olsztyński";56720;19736;19664;11608;4997;30388;7998;10509;8082;3332;26332;11738;9155;3526;1665;
2815000;"Powiat ostródzki";41893;9923;15618;10668;5101;23251;3833;8194;7466;3372;18642;6090;7424;3202;1729;
2816000;"Powiat piski";20440;4875;8025;4491;2849;11662;1855;4478;3220;1978;8778;3020;3547;1271;871;
2817000;"Powiat szczycieński";27819;7426;9856;6667;3447;15345;2788;5258;4662;2346;12474;4638;4598;2005;1101;
2818000;"Powiat gołdapski";10179;2506;4147;2113;1293;5716;952;2317;1466;901;4463;1554;1830;647;392;
2819000;"Powiat węgorzewski";8387;2218;3410;1917;759;4668;860;1924;1305;531;3719;1358;1486;612;228;
2861000;"City with powiat status Elbląg";47074;17249;18169;8480;2357;24945;7078;9870;5921;1550;22129;10171;8299;2559;807;
2862000;"City with powiat status Olsztyn";78882;40550;25642;8570;3101;39270;16746;14001;5913;1984;39612;23804;11641;2657;1117;
3001000;"Powiat chodzieski";21008;4789;7654;6762;1566;11711;1797;3961;4725;1058;9297;2992;3693;2037;508;
3002000;"Powiat czarnkowsko-trzcianecki";38146;9046;15521;10207;2917;21296;3347;8377;7323;1936;16850;5699;7144;2884;981;
3003000;"Powiat gnieźnieński";64823;17502;24038;18406;4065;35880;6930;13115;12609;2687;28943;10572;10923;5797;1378;
3004000;"Powiat gostyński";36404;7877;13617;12260;2338;20706;3019;7264;8664;1538;15698;4858;6353;3596;800;
3005000;"Powiat grodziski";26285;5127;8949;9998;1963;14736;1906;4656;6724;1269;11549;3221;4293;3274;694;
3006000;"Powiat jarociński";32558;7951;13136;9270;1958;18333;3053;7205;6594;1303;14225;4898;5931;2676;655;
3007000;"Powiat kaliski";40436;10480;14231;11869;3645;22070;3807;7715;7938;2469;18366;6673;6516;3931;1176;
3008000;"Powiat kępiński";28866;6072;10731;10190;1701;15889;2172;5441;7014;1160;12977;3900;5290;3176;541;
3009000;"Powiat kolski";35908;8608;13678;10410;2972;20179;3254;7582;7204;1974;15729;5354;6096;3206;998;
3010000;"Powiat koniński";57837;15065;21150;16911;4313;32706;5676;11892;11992;2855;25131;9389;9258;4919;1458;
3011000;"Powiat kościański";38494;9564;13891;12263;2412;21517;3603;7548;8563;1543;16977;5961;6343;3700;869;
3012000;"Powiat krotoszyński";36617;8394;14522;11387;2011;20372;3142;7665;7993;1362;16245;5252;6857;3394;649;
3013000;"Powiat leszczyński";29132;7275;10428;9463;1694;16296;2904;5565;6560;1073;12836;4371;4863;2903;621;
3014000;"Powiat międzychodzki";16731;3247;6465;5419;1370;9404;1204;3270;3855;915;7327;2043;3195;1564;455;
3015000;"Powiat nowotomyski";37982;8714;13471;13048;2311;20793;3272;7013;8801;1430;17189;5442;6458;4247;881;
3016000;"Powiat obornicki";28096;6440;10202;8918;2146;15609;2470;5209;6231;1449;12487;3970;4993;2687;697;
3017000;"Powiat ostrowski";75337;20847;30258;20070;3340;41265;8441;16492;13685;2129;34072;12406;13766;6385;1211;
3018000;"Powiat ostrzeszowski";26698;6069;10371;8554;1483;14730;2218;5412;5973;996;11968;3851;4959;2581;487;
3019000;"Powiat pilski";59201;17501;23851;13054;3939;32391;7190;12905;9134;2620;26810;10311;10946;3920;1319;
3020000;"Powiat pleszewski";28386;7172;10481;8972;1615;15948;2713;5675;6388;1063;12438;4459;4806;2584;552;
3021000;"Powiat poznański";223404;96959;73881;40322;9395;117285;41482;40563;27525;5954;106119;55477;33318;12797;3441;
3022000;"Powiat rawicki";28486;6259;10720;9445;1792;15889;2287;5656;6544;1206;12597;3972;5064;2901;586;
3023000;"Powiat słupecki";26710;6609;9635;8412;1876;15005;2424;5199;6060;1199;11705;4185;4436;2352;677;
3024000;"Powiat szamotulski";45543;11200;17375;13338;3101;24921;4326;9083;9138;2032;20622;6874;8292;4200;1069;
3025000;"Powiat średzki";29121;8030;10249;8493;2084;16155;3135;5593;5914;1340;12966;4895;4656;2579;744;
3026000;"Powiat śremski";29873;7696;11195;8860;1827;16422;2931;6017;6092;1196;13451;4765;5178;2768;631;
3027000;"Powiat turecki";37434;10065;13911;10420;2762;20440;3731;7648;7011;1861;16994;6334;6263;3409;901;
3028000;"Powiat wągrowiecki";32533;6995;11706;10899;2673;18488;2581;6146;7789;1787;14045;4414;5560;3110;886;
3029000;"Powiat wolsztyński";28419;6033;9649;10526;1893;15766;2171;5092;7118;1179;12653;3862;4557;3408;714;
3030000;"Powiat wrzesiński";37696;10361;13706;10984;2339;20904;4083;7505;7633;1470;16792;6278;6201;3351;869;
3031000;"Powiat złotowski";28853;6514;11070;8093;2774;16283;2498;5872;5796;1836;12570;4016;5198;2297;938;
3061000;"City with powiat status Kalisz";41615;15691;15432;7497;2525;21502;6352;8201;5008;1645;20113;9339;7231;2489;880;
3062000;"City with powiat status Konin";28400;10895;11185;4925;1152;15027;4419;6200;3454;782;13373;6476;4985;1471;370;
3063000;"City with powiat status Leszno";28377;10559;10684;5440;1252;15041;4517;5786;3688;774;13336;6042;4898;1752;478;
3064000;"City with powiat status Poznań";279792;148230;85368;31553;10096;141289;65031;46624;20693;6071;138503;83199;38744;10860;4025;
3201000;"Powiat białogardzki";18093;4236;7119;4521;1923;9898;1565;3724;3134;1282;8195;2671;3395;1387;641;
3202000;"Powiat choszczeński";18073;4223;6908;4602;2141;10273;1589;3795;3279;1476;7800;2634;3113;1323;665;
3203000;"Powiat drawski";21781;5251;8639;5575;2013;11934;2013;4540;3862;1325;9847;3238;4099;1713;688;
3204000;"Powiat goleniowski";36071;9799;13991;8310;3312;19682;3826;7526;5736;2181;16389;5973;6465;2574;1131;
3205000;"Powiat gryficki";23220;5818;9335;5851;1872;12954;2159;5143;4208;1215;10266;3659;4192;1643;657;
3206000;"Powiat gryfiński";33512;8167;12530;8924;3412;18660;3119;6834;6290;2107;14852;5048;5696;2634;1305;
3207000;"Powiat kamieński";17970;4545;7599;3886;1685;9972;1713;4174;2771;1148;7998;2832;3425;1115;537;
3208000;"Powiat kołobrzeski";33742;9949;13567;7143;2481;17655;3797;7016;4967;1518;16087;6152;6551;2176;963;
3209000;"Powiat koszaliński";28917;7872;10198;7299;3095;16030;3003;5553;5120;2056;12887;4869;4645;2179;1039;
3210000;"Powiat myśliborski";26088;6275;9999;7008;2447;14581;2397;5396;4924;1632;11507;3878;4603;2084;815;
3211000;"Powiat policki";39544;18172;12688;5891;2162;20545;7727;7063;3991;1368;18999;10445;5625;1900;794;
3212000;"Powiat pyrzycki";15820;3618;6353;4086;1539;8804;1321;3414;2946;975;7016;2297;2939;1140;564;
3213000;"Powiat sławieński";22238;5104;8454;6206;2185;12162;1808;4473;4268;1411;10076;3296;3981;1938;774;
3214000;"Powiat stargardzki";50914;16073;20094;10238;3718;27974;6421;11173;7461;2405;22940;9652;8921;2777;1313;
3215000;"Powiat szczecinecki";28756;8044;11552;6275;2487;15798;3207;6184;4542;1604;12958;4837;5368;1733;883;
3216000;"Powiat świdwiński";16898;4022;6987;4169;1469;9452;1579;3789;2972;954;7446;2443;3198;1197;515;
3217000;"Powiat wałecki";21486;5895;8426;4992;1894;12020;2325;4630;3638;1237;9466;3570;3796;1354;657;
3218000;"Powiat łobeski";13463;2721;5106;3769;1704;7545;1023;2645;2681;1092;5918;1698;2461;1088;612;
3261000;"City with powiat status Koszalin";46160;19641;16540;6815;2420;23793;8076;9058;4666;1539;22367;11565;7482;2149;881;
3262000;"City with powiat status Szczecin";179608;85103;60029;23107;8065;91486;36065;32953;15594;4829;88122;49038;27076;7513;3236;
3263000;"City with powiat status Świnoujście";16905;5406;7084;3029;1068;8673;2146;3792;1923;633;8232;3260;3292;1106;435;
