"Code";"Name";"total;total;2021;[person]";"total;15-24;2021;[person]";"total;25-34;2021;[person]";"total;35-44;2021;[person]";"total;45-54;2021;[person]";"total;55-64;2021;[person]";"total;65 and more;2021;[person]";"males;total;2021;[person]";"males;15-24;2021;[person]";"males;25-34;2021;[person]";"males;35-44;2021;[person]";"males;45-54;2021;[person]";"males;55-64;2021;[person]";"males;65 and more;2021;[person]";"females;total;2021;[person]";"females;15-24;2021;[person]";"females;25-34;2021;[person]";"females;35-44;2021;[person]";"females;45-54;2021;[person]";"females;55-64;2021;[person]";"females;65 and more;2021;[person]";
0201000;"Powiat bolesławiecki";38792;3268;8658;10510;8577;6316;1463;20869;1837;4646;5564;4325;3634;863;17923;1431;4012;4946;4252;2682;600;
0202000;"Powiat dzierżoniowski";39657;3249;8023;11025;8860;6900;1600;21238;1766;4210;5785;4472;4037;968;18419;1483;3813;5240;4388;2863;632;
0203000;"Powiat głogowski";36209;2678;7711;11170;8054;5261;1335;19946;1491;4286;6148;4248;2969;804;16263;1187;3425;5022;3806;2292;531;
0204000;"Powiat górowski";13765;1385;2859;3567;3157;2337;460;7834;820;1653;1950;1686;1416;309;5931;565;1206;1617;1471;921;151;
0205000;"Powiat jaworski";20715;1600;4232;5719;4596;3768;800;11289;887;2346;3008;2345;2220;483;9426;713;1886;2711;2251;1548;317;
0206000;"Powiat karkonoski";25660;1741;4621;7246;6038;4601;1413;13383;970;2386;3710;3013;2511;793;12277;771;2235;3536;3025;2090;620;
0207000;"Powiat kamiennogórski";17296;1632;3448;4699;3921;3015;581;9416;973;1910;2444;2006;1748;335;7880;659;1538;2255;1915;1267;246;
0208000;"Powiat kłodzki";60022;4417;11934;16800;13547;10555;2769;31623;2439;6358;8847;6670;5787;1522;28399;1978;5576;7953;6877;4768;1247;
0209000;"Powiat legnicki";24235;1913;4950;6972;5508;4063;829;13220;1059;2750;3644;2882;2363;522;11015;854;2200;3328;2626;1700;307;
0210000;"Powiat lubański";21746;1736;4439;6067;5074;3541;889;11710;1004;2386;3153;2607;2033;527;10036;732;2053;2914;2467;1508;362;
0211000;"Powiat lubiński";44027;2996;9580;13188;10089;6419;1755;23922;1608;5233;7174;5227;3572;1108;20105;1388;4347;6014;4862;2847;647;
0212000;"Powiat lwówecki";17575;1404;3747;4834;3850;3102;638;9647;761;2084;2641;1956;1826;379;7928;643;1663;2193;1894;1276;259;
0213000;"Powiat milicki";16174;1756;3487;4431;3509;2419;572;9065;1009;1996;2369;1860;1462;369;7109;747;1491;2062;1649;957;203;
0214000;"Powiat oleśnicki";50426;4642;11304;14278;10910;7549;1743;27253;2554;6014;7560;5648;4371;1106;23173;2088;5290;6718;5262;3178;637;
0215000;"Powiat oławski";36495;2834;7603;10689;8113;5672;1584;19416;1523;4007;5599;4133;3197;957;17079;1311;3596;5090;3980;2475;627;
0216000;"Powiat polkowicki";26442;2464;6064;7522;6092;3645;655;14735;1419;3386;4174;3214;2134;408;11707;1045;2678;3348;2878;1511;247;
0217000;"Powiat strzeliński";18984;1584;4075;5205;4238;3237;645;10439;878;2242;2814;2179;1922;404;8545;706;1833;2391;2059;1315;241;
0218000;"Powiat średzki";28010;2091;6143;8407;6282;4177;910;14990;1110;3249;4364;3254;2429;584;13020;981;2894;4043;3028;1748;326;
0219000;"Powiat świdnicki";66834;4927;13994;18719;15107;11277;2810;35964;2724;7541;9872;7656;6490;1681;30870;2203;6453;8847;7451;4787;1129;
0220000;"Powiat trzebnicki";41088;3430;8547;11752;9358;6400;1601;22207;1927;4592;6178;4782;3741;987;18881;1503;3955;5574;4576;2659;614;
0221000;"Powiat wałbrzyski";21512;1604;4363;6069;4895;3788;793;11623;866;2412;3233;2513;2143;456;9889;738;1951;2836;2382;1645;337;
00223000;"Powiat wrocławski";90479;5096;20715;30843;19785;11183;2857;47214;2789;10219;15824;10261;6353;1768;43265;2307;10496;15019;9524;4830;1089;
0224000;"Powiat ząbkowicki";25917;1982;5394;6935;5921;4670;1015;14101;1126;2987;3619;3030;2727;612;11816;856;2407;3316;2891;1943;403;
0225000;"Powiat zgorzelecki";36330;2806;7120;10052;8608;6329;1415;19268;1495;3809;5221;4393;3511;839;17062;1311;3311;4831;4215;2818;576;
0226000;"Powiat złotoryjski";17456;1516;3526;4823;3805;3102;684;9612;832;1954;2563;2003;1823;437;7844;684;1572;2260;1802;1279;247;
0261000;"City with powiat status Jelenia Góra";32309;1826;6361;8981;6929;5979;2233;16374;917;3282;4566;3314;3092;1203;15935;909;3079;4415;3615;2887;1030;
0262000;"City with powiat status Legnica";40849;2709;8719;11146;9099;7027;2149;21049;1422;4532;5691;4447;3751;1206;19800;1287;4187;5455;4652;3276;943;
0264000;"City with powiat status Wrocław";345939;25239;105413;96892;57215;43147;18033;174387;12367;52430;49928;27945;22029;9688;171552;12872;52983;46964;29270;21118;8345;
0265000;"City with powiat status Wałbrzych since 2013";40714;2769;7879;11566;8756;7720;2024;21375;1482;4213;6139;4338;4116;1087;19339;1287;3666;5427;4418;3604;937;
0401000;"Powiat aleksandrowski";22682;1898;4835;6130;5241;3703;875;12399;1146;2666;3266;2657;2132;532;10283;752;2169;2864;2584;1571;343;
0402000;"Powiat brodnicki";34865;3506;8208;9565;7625;5078;883;19669;2117;4596;5286;3939;3172;559;15196;1389;3612;4279;3686;1906;324;
0403000;"Powiat bydgoski";57876;4208;11794;17203;14347;8476;1848;31343;2411;6298;8902;7484;5032;1216;26533;1797;5496;8301;6863;3444;632;
0404000;"Powiat chełmiński";21150;2130;4715;5757;4839;3182;527;11804;1207;2696;3082;2517;1945;357;9346;923;2019;2675;2322;1237;170;
0405000;"Powiat golubsko-dobrzyński";19011;1797;4479;5057;4246;2943;489;10763;1109;2503;2796;2210;1833;312;8248;688;1976;2261;2036;1110;177;
0406000;"Powiat grudziądzki";17021;1648;3503;4639;4142;2672;417;9800;980;2034;2555;2230;1706;295;7221;668;1469;2084;1912;966;122;
0407000;"Powiat inowrocławski";65826;5169;13941;17844;15676;11142;2054;36638;2941;7893;9719;8155;6632;1298;29188;2228;6048;8125;7521;4510;756;
0408000;"Powiat lipnowski";26100;2487;5942;6846;6095;4085;645;14871;1441;3550;3743;3157;2559;421;11229;1046;2392;3103;2938;1526;224;
0409000;"Powiat mogileński";19474;1814;4272;5208;4441;3200;539;11243;1093;2494;2912;2384;2010;350;8231;721;1778;2296;2057;1190;189;
0410000;"Powiat nakielski";36422;3425;8202;9824;8274;5682;1015;20591;1934;4676;5446;4366;3501;668;15831;1491;3526;4378;3908;2181;347;
0411000;"Powiat radziejowski";16891;1373;3728;4302;4135;2912;441;9721;838;2192;2422;2138;1833;298;7170;535;1536;1880;1997;1079;143;
0412000;"Powiat rypiński";18010;1697;4029;4836;4139;2891;418;10304;1061;2369;2621;2136;1852;265;7706;636;1660;2215;2003;1039;153;
0413000;"Powiat sępoleński";16990;1850;3925;4400;3730;2650;435;9705;1079;2237;2446;1986;1658;299;7285;771;1688;1954;1744;992;136;
0414000;"Powiat świecki";41258;3981;9153;11258;9536;6299;1031;23187;2336;5154;6079;5085;3851;682;18071;1645;3999;5179;4451;2448;349;
0415000;"Powiat toruński";50211;4097;10773;15197;12040;6877;1227;27689;2377;5913;8081;6313;4193;812;22522;1720;4860;7116;5727;2684;415;
0416000;"Powiat tucholski";20437;2077;4737;5382;4459;3276;506;11586;1200;2696;2996;2323;2044;327;8851;877;2041;2386;2136;1232;179;
0417000;"Powiat wąbrzeski";13967;1430;2980;3615;3373;2193;376;8035;845;1699;2027;1832;1380;252;5932;585;1281;1588;1541;813;124;
0418000;"Powiat włocławski";36307;3079;7801;9383;9179;5876;989;20597;1890;4475;5112;4781;3684;655;15710;1189;3326;4271;4398;2192;334;
0419000;"Powiat żniński";29591;2838;6496;8089;6620;4610;938;17091;1731;3769;4497;3599;2887;608;12500;1107;2727;3592;3021;1723;330;
0461000;"City with powiat status Bydgoszcz";149713;9634;35571;41684;32269;23363;7192;77625;5168;18144;21535;15605;12857;4316;72088;4466;17427;20149;16664;10506;2876;
0462000;"City with powiat status Grudziądz";36261;2750;7717;9827;8135;6421;1411;19381;1499;4167;5196;4092;3540;887;16880;1251;3550;4631;4043;2881;524;
0463000;"City with powiat status Toruń";88317;5861;21804;24902;18302;13193;4255;45129;3048;11124;12855;8762;6936;2404;43188;2813;10680;12047;9540;6257;1851;
0464000;"City with powiat status Włocławek";42377;2785;8158;11510;10401;7523;2000;22302;1529;4430;5992;5045;4110;1196;20075;1256;3728;5518;5356;3413;804;
0601000;"Powiat bialski";45518;3583;10454;12197;11194;7101;989;25435;2181;5917;6543;5826;4335;633;20083;1402;4537;5654;5368;2766;356;
0602000;"Powiat biłgorajski";42571;2574;9384;11899;10222;7376;1116;23592;1593;5241;6366;5237;4455;700;18979;981;4143;5533;4985;2921;416;
0603000;"Powiat chełmski";30052;2187;6731;8702;7303;4555;574;17022;1347;3910;4770;3802;2816;377;13030;840;2821;3932;3501;1739;197;
0604000;"Powiat hrubieszowski";23429;1508;4736;6324;5862;4405;594;12905;926;2671;3416;2957;2585;350;10524;582;2065;2908;2905;1820;244;
0605000;"Powiat janowski";18673;1243;4098;4915;4818;3183;416;10371;785;2300;2615;2491;1912;268;8302;458;1798;2300;2327;1271;148;
0606000;"Powiat krasnostawski";24432;1509;5135;6916;6102;4073;697;13471;923;2893;3714;3118;2419;404;10961;586;2242;3202;2984;1654;293;
0607000;"Powiat kraśnicki";37756;2519;7938;10480;9264;6395;1160;20346;1510;4426;5460;4570;3725;655;17410;1009;3512;5020;4694;2670;505;
0608000;"Powiat lubartowski";37357;2892;8442;10492;8980;5694;857;20382;1715;4722;5554;4624;3254;513;16975;1177;3720;4938;4356;2440;344;
0609000;"Powiat lubelski";75684;4779;16184;22243;19312;11252;1914;40381;2932;8709;11426;9685;6428;1201;35303;1847;7475;10817;9627;4824;713;
0610000;"Powiat łęczyński";24652;1773;6146;7379;5157;3699;498;13391;1091;3471;4030;2508;1977;314;11261;682;2675;3349;2649;1722;184;
0611000;"Powiat łukowski";45834;4354;10838;12285;10431;6881;1045;25469;2589;6192;6585;5339;4088;676;20365;1765;4646;5700;5092;2793;369;
0612000;"Powiat opolski";24511;1701;5400;6729;5896;4049;736;13300;1005;3011;3493;2995;2355;441;11211;696;2389;3236;2901;1694;295;
0613000;"Powiat parczewski";13766;926;3098;3789;3255;2319;379;7611;575;1733;2087;1628;1386;202;6155;351;1365;1702;1627;933;177;
0614000;"Powiat puławski";47043;2724;9687;12647;11860;8363;1762;25043;1622;5365;6557;5909;4584;1006;22000;1102;4322;6090;5951;3779;756;
0615000;"Powiat radzyński";24846;1930;5567;6706;5904;4105;634;13836;1188;3198;3609;3067;2375;399;11010;742;2369;3097;2837;1730;235;
0616000;"Powiat rycki";23204;1884;5126;6230;5304;3855;805;12810;1148;2919;3401;2680;2179;483;10394;736;2207;2829;2624;1676;322;
0617000;"Powiat świdnicki";30367;1740;6385;8978;7403;4897;964;16039;961;3458;4637;3698;2747;538;14328;779;2927;4341;3705;2150;426;
0618000;"Powiat tomaszowski";33316;2136;7122;8992;8121;6095;850;18423;1263;4038;4810;4099;3688;525;14893;873;3084;4182;4022;2407;325;
0619000;"Powiat włodawski";14098;900;2993;3883;3499;2412;411;7795;565;1727;2119;1753;1393;238;6303;335;1266;1764;1746;1019;173;
0620000;"Powiat zamojski";43793;3077;9255;11758;11079;7698;926;24301;1810;5264;6268;5652;4728;579;19492;1267;3991;5490;5427;2970;347;
0661000;"City with powiat status Biała Podlaska";23800;1328;5440;6629;5399;4143;861;12357;738;2954;3429;2551;2166;519;11443;590;2486;3200;2848;1977;342;
0662000;"City with powiat status Chełm";23318;1075;4847;6527;5670;4191;1008;11918;589;2586;3396;2617;2173;557;11400;486;2261;3131;3053;2018;451;
0663000;"City with powiat status Lublin";150753;8051;38112;42311;31756;23302;7221;74746;4164;18963;21316;14861;11549;3893;76007;3887;19149;20995;16895;11753;3328;
0664000;"City with powiat status Zamość";24273;1143;5111;6901;5472;4553;1093;12426;652;2689;3603;2522;2302;658;11847;491;2422;3298;2950;2251;435;
0801000;"Powiat gorzowski";33327;2605;6849;9365;7838;5492;1178;18212;1544;3736;4905;4057;3238;732;15115;1061;3113;4460;3781;2254;446;
0802000;"Powiat krośnieński";22638;1954;4796;6461;5065;3540;822;12538;1155;2693;3474;2647;2043;526;10100;799;2103;2987;2418;1497;296;
0803000;"Powiat międzyrzecki";24346;1959;5272;6643;5285;4194;993;13442;1122;2947;3555;2713;2462;643;10904;837;2325;3088;2572;1732;350;
0804000;"Powiat nowosolski";34533;3011;7328;9924;7726;5314;1230;18911;1738;4004;5331;3981;3108;749;15622;1273;3324;4593;3745;2206;481;
0805000;"Powiat słubicki";20595;1650;4438;5662;4481;3564;800;11006;933;2410;2905;2255;2029;474;9589;717;2028;2757;2226;1535;326;
0806000;"Powiat strzelecko-drezdenecki";20463;1833;4281;5561;4487;3509;792;11412;1085;2389;3038;2343;2106;451;9051;748;1892;2523;2144;1403;341;
0807000;"Powiat sulęciński";14890;1156;3328;4107;3211;2550;538;8169;663;1825;2220;1644;1473;344;6721;493;1503;1887;1567;1077;194;
0808000;"Powiat świebodziński";24261;2189;5367;6733;5187;3919;866;13251;1185;2947;3627;2645;2303;544;11010;1004;2420;3106;2542;1616;322;
0809000;"Powiat zielonogórski";33651;2814;7469;9636;7287;5166;1279;18500;1689;4100;5154;3748;2980;829;15151;1125;3369;4482;3539;2186;450;
0810000;"Powiat żagański";30799;2459;6283;8805;6977;5154;1121;16944;1461;3460;4752;3587;2977;707;13855;998;2823;4053;3390;2177;414;
0811000;"Powiat żarski";38559;3179;8063;10837;8666;6359;1455;21011;1783;4502;5765;4435;3643;883;17548;1396;3561;5072;4231;2716;572;
0812000;"Powiat wschowski";16170;1613;3511;4445;3599;2497;505;9083;998;1984;2412;1909;1485;295;7087;615;1527;2033;1690;1012;210;
0861000;"City with powiat status Gorzów Wielkopolski";52126;3110;11114;15170;11469;8461;2802;27043;1681;5725;7780;5589;4640;1628;25083;1429;5389;7390;5880;3821;1174;
0862000;"City with powiat status Zielona Góra";64787;3849;14477;19581;13644;9752;3484;33428;2060;7361;9976;6780;5195;2056;31359;1789;7116;9605;6864;4557;1428;
1001000;"Powiat bełchatowski";50266;3383;11075;15146;10815;8568;1279;27279;1896;6007;8200;5465;4867;844;22987;1487;5068;6946;5350;3701;435;
1002000;"Powiat kutnowski";41491;2777;8651;10994;10020;7593;1456;22501;1575;4805;5912;4971;4378;860;18990;1202;3846;5082;5049;3215;596;
1003000;"Powiat łaski";22985;1707;4988;6360;5471;3726;733;12222;955;2643;3363;2683;2169;409;10763;752;2345;2997;2788;1557;324;
1004000;"Powiat łęczycki";22348;1784;4912;5892;5297;3747;716;12113;1059;2689;3095;2611;2218;441;10235;725;2223;2797;2686;1529;275;
1005000;"Powiat łowicki";35768;2786;7708;9752;8427;5904;1191;19156;1586;4140;5131;4160;3407;732;16612;1200;3568;4621;4267;2497;459;
1006000;"Powiat łódzki wschodni";35304;2176;6848;10230;8901;5697;1452;18335;1223;3555;5214;4341;3161;841;16969;953;3293;5016;4560;2536;611;
1007000;"Powiat opoczyński";32594;2881;7383;8878;7701;4990;761;18180;1754;4165;4832;3897;3069;463;14414;1127;3218;4046;3804;1921;298;
1008000;"Powiat pabianicki";54916;3304;11204;16138;13259;8756;2255;28315;1824;5753;8191;6432;4844;1271;26601;1480;5451;7947;6827;3912;984;
1009000;"Powiat pajęczański";22730;1841;4975;5988;5633;3711;582;12803;1106;2818;3237;2911;2367;364;9927;735;2157;2751;2722;1344;218;
1010000;"Powiat piotrkowski";41558;3468;9239;11838;10168;5957;888;22833;2045;5138;6224;5219;3641;566;18725;1423;4101;5614;4949;2316;322;
1011000;"Powiat poddębicki";18750;1517;4122;4909;4662;3000;540;10274;893;2262;2624;2333;1823;339;8476;624;1860;2285;2329;1177;201;
1012000;"Powiat radomszczański";47680;3697;10414;12758;12021;7432;1358;26477;2300;5888;6922;6143;4412;812;21203;1397;4526;5836;5878;3020;546;
1013000;"Powiat rawski";22836;1626;5159;6045;5233;3949;824;12328;908;2797;3196;2617;2294;516;10508;718;2362;2849;2616;1655;308;
1014000;"Powiat sieradzki";53892;4350;11915;13973;13023;8998;1633;29152;2495;6595;7415;6472;5194;981;24740;1855;5320;6558;6551;3804;652;
1015000;"Powiat skierniewicki";18283;1427;4288;5059;4223;2831;455;9979;802;2356;2700;2108;1711;302;8304;625;1932;2359;2115;1120;153;
1016000;"Powiat tomaszowski";49328;3608;10470;13870;12002;7761;1617;26296;2119;5726;7225;5925;4347;954;23032;1489;4744;6645;6077;3414;663;
1017000;"Powiat wieluński";34353;2722;7291;9300;8311;5747;982;19006;1647;4060;4971;4251;3474;603;15347;1075;3231;4329;4060;2273;379;
1018000;"Powiat wieruszowski";20859;2136;4677;5595;4835;3100;516;11624;1232;2651;3012;2475;1907;347;9235;904;2026;2583;2360;1193;169;
1019000;"Powiat zduńskowolski";28675;2150;6154;8007;6831;4624;909;15399;1239;3316;4244;3386;2681;533;13276;911;2838;3763;3445;1943;376;
1020000;"Powiat zgierski";78076;4882;15505;22457;19424;12463;3345;40388;2718;7994;11354;9654;6788;1880;37688;2164;7511;11103;9770;5675;1465;
1021000;"Powiat brzeziński";14333;1030;3124;4036;3461;2175;507;7553;562;1717;2083;1683;1233;275;6780;468;1407;1953;1778;942;232;
1061000;"City with powiat status Łódź";308712;18040;71967;85605;64369;49670;19061;153348;9201;35832;42955;30448;25106;9806;155364;8839;36135;42650;33921;24564;9255;
1062000;"City with powiat status Piotrków Trybunalski";29629;1962;5918;8569;7024;4856;1300;15284;1055;3155;4406;3406;2536;726;14345;907;2763;4163;3618;2320;574;
1063000;"City with powiat status Skierniewice";21479;1130;4574;6166;4766;3822;1021;11104;612;2378;3141;2360;2023;590;10375;518;2196;3025;2406;1799;431;
1201000;"Powiat bocheński";50188;4508;12199;13813;11064;7178;1426;27138;2596;6605;7319;5558;4221;839;23050;1912;5594;6494;5506;2957;587;
1202000;"Powiat brzeski";42636;3908;10284;11112;9782;6348;1202;23516;2380;5768;5930;5026;3782;630;19120;1528;4516;5182;4756;2566;572;
1203000;"Powiat chrzanowski";51197;3536;11327;15454;11631;7826;1423;27207;1970;6153;8296;5767;4188;833;23990;1566;5174;7158;5864;3638;590;
1204000;"Powiat dąbrowski";24395;2346;5772;6335;5627;3725;590;13562;1405;3223;3429;2941;2229;335;10833;941;2549;2906;2686;1496;255;
1205000;"Powiat gorlicki";45629;3652;10612;12253;10688;7216;1208;25530;2174;6065;6690;5631;4317;653;20099;1478;4547;5563;5057;2899;555;
1206000;"Powiat krakowski";145209;10464;31622;43763;33936;20718;4706;76272;5866;16288;22523;17172;11550;2873;68937;4598;15334;21240;16764;9168;1833;
1207000;"Powiat limanowski";60226;6734;15087;15241;13285;8460;1419;33426;4021;8348;8175;6959;5112;811;26800;2713;6739;7066;6326;3348;608;
1208000;"Powiat miechowski";21805;1662;5045;6146;4985;3253;714;11797;956;2737;3265;2581;1854;404;10008;706;2308;2881;2404;1399;310;
1209000;"Powiat myślenicki";62964;5994;15491;17171;13512;8895;1901;33828;3396;8241;9060;6876;5197;1058;29136;2598;7250;8111;6636;3698;843;
1210000;"Powiat nowosądecki";95932;10048;23852;24416;21991;13578;2047;53644;6099;13490;13168;11509;8155;1223;42288;3949;10362;11248;10482;5423;824;
1211000;"Powiat nowotarski";82713;8915;19814;20761;18591;12021;2611;44529;5181;10666;10943;9357;6919;1463;38184;3734;9148;9818;9234;5102;1148;
1212000;"Powiat olkuski";48147;3328;10521;14070;11280;7389;1559;25597;1886;5675;7428;5513;4137;958;22550;1442;4846;6642;5767;3252;601;
1213000;"Powiat oświęcimski";66163;5205;15546;18958;15144;9549;1761;35304;2910;8523;10157;7345;5274;1095;30859;2295;7023;8801;7799;4275;666;
1214000;"Powiat proszowicki";20557;1954;4820;5611;4694;2888;590;11163;1128;2635;2916;2399;1733;352;9394;826;2185;2695;2295;1155;238;
1215000;"Powiat suski";38218;3673;9257;10231;8578;5337;1142;20811;2136;5129;5486;4364;3111;585;17407;1537;4128;4745;4214;2226;557;
1216000;"Powiat tarnowski";89141;7951;20964;23521;21278;13376;2051;49518;4801;11716;12555;11023;8189;1234;39623;3150;9248;10966;10255;5187;817;
1217000;"Powiat tatrzański";28750;2713;6643;7181;5999;4623;1591;14795;1476;3457;3696;2914;2458;794;13955;1237;3186;3485;3085;2165;797;
1218000;"Powiat wadowicki";73013;6770;17180;20294;16699;10066;2004;39579;3928;9501;10895;8454;5681;1120;33434;2842;7679;9399;8245;4385;884;
1219000;"Powiat wielicki";68536;5142;15997;21364;15040;8927;2066;36010;2889;8212;11157;7562;4977;1213;32526;2253;7785;10207;7478;3950;853;
1261000;"City with powiat status Kraków";407738;25834;126054;113045;72960;50523;19322;202605;12702;61628;56627;35365;25756;10527;205133;13132;64426;56418;37595;24767;8795;
1262000;"City with powiat status Nowy Sącz";34599;2120;7719;9718;7618;5928;1496;18241;1208;4117;5142;3736;3175;863;16358;912;3602;4576;3882;2753;633;
1263000;"City with powiat status Tarnów";43474;2538;9359;11998;10051;7568;1960;23031;1451;4973;6358;5013;4086;1150;20443;1087;4386;5640;5038;3482;810;
1401000;"Powiat białobrzeski";15870;1699;3770;4173;3515;2340;373;8794;1013;2073;2245;1762;1458;243;7076;686;1697;1928;1753;882;130;
1402000;"Powiat ciechanowski";39878;3022;8967;10441;8773;7264;1411;21820;1762;4955;5672;4378;4168;885;18058;1260;4012;4769;4395;3096;526;
1403000;"Powiat garwoliński";50491;4512;11969;13539;11264;7841;1366;27428;2537;6609;7273;5680;4505;824;23063;1975;5360;6266;5584;3336;542;
1404000;"Powiat gostyniński";18592;1300;4061;5014;4592;3058;567;10142;743;2262;2693;2353;1759;332;8450;557;1799;2321;2239;1299;235;
1405000;"Powiat grodziski";49804;3243;10050;15242;11735;7300;2234;25420;1671;5054;7517;5892;3952;1334;24384;1572;4996;7725;5843;3348;900;
1406000;"Powiat grójecki";49208;3902;10521;13530;11231;8138;1886;26340;2200;5566;7034;5689;4660;1191;22868;1702;4955;6496;5542;3478;695;
1407000;"Powiat kozienicki";25539;2117;5595;6840;6057;4185;745;14144;1193;3210;3682;3076;2526;457;11395;924;2385;3158;2981;1659;288;
1408000;"Powiat legionowski";62390;3778;11923;20401;15070;8340;2878;31906;2022;6003;10011;7685;4461;1724;30484;1756;5920;10390;7385;3879;1154;
1409000;"Powiat lipski";13891;914;3096;3620;3350;2575;336;7750;563;1780;1955;1690;1553;209;6141;351;1316;1665;1660;1022;127;
1410000;"Powiat łosicki";13388;986;3221;3395;3066;2367;353;7474;609;1837;1845;1573;1405;205;5914;377;1384;1550;1493;962;148;
1411000;"Powiat makowski";18562;1636;4146;4678;4197;3334;571;10325;914;2317;2526;2158;2032;378;8237;722;1829;2152;2039;1302;193;
1412000;"Powiat miński";76687;5697;16939;22619;17541;11360;2531;40206;3159;8829;11668;8781;6307;1462;36481;2538;8110;10951;8760;5053;1069;
1413000;"Powiat mławski";31962;2947;7264;8315;7301;5328;807;17736;1773;4093;4474;3740;3127;529;14226;1174;3171;3841;3561;2201;278;
1414000;"Powiat nowodworski";39036;3047;8404;11066;8503;6393;1623;20638;1643;4405;5704;4300;3564;1022;18398;1404;3999;5362;4203;2829;601;
1415000;"Powiat ostrołęcki";39391;3381;9379;10369;9445;6195;622;22408;2047;5469;5632;4934;3909;417;16983;1334;3910;4737;4511;2286;205;
1416000;"Powiat ostrowski";31585;2815;6931;8158;7350;5408;923;17369;1558;3863;4466;3710;3202;570;14216;1257;3068;3692;3640;2206;353;
1417000;"Powiat otwocki";60681;3900;12034;17296;14545;10073;2833;31186;2129;6269;8659;7162;5311;1656;29495;1771;5765;8637;7383;4762;1177;
1418000;"Powiat piaseczyński";104807;5850;21440;33294;25466;14115;4642;52979;3017;10560;16300;12812;7571;2719;51828;2833;10880;16994;12654;6544;1923;
1419000;"Powiat płocki";50351;3976;11030;13617;12896;7695;1137;28476;2395;6285;7414;6786;4823;773;21875;1581;4745;6203;6110;2872;364;
1420000;"Powiat płoński";39565;3464;8575;10775;9102;6405;1244;21694;1948;4727;5815;4621;3825;758;17871;1516;3848;4960;4481;2580;486;
1421000;"Powiat pruszkowski";88119;4830;17618;27625;20396;13107;4543;44572;2525;8694;13591;10155;6997;2610;43547;2305;8924;14034;10241;6110;1933;
1422000;"Powiat przasnyski";22046;1948;5135;5692;5007;3699;565;12416;1168;2946;3030;2637;2246;389;9630;780;2189;2662;2370;1453;176;
1423000;"Powiat przysuski";16897;1375;3875;4276;4009;3012;350;9458;770;2187;2390;2036;1867;208;7439;605;1688;1886;1973;1145;142;
1424000;"Powiat pułtuski";23209;2123;5178;6237;5265;3673;733;12443;1120;2830;3225;2672;2137;459;10766;1003;2348;3012;2593;1536;274;
1425000;"Powiat radomski";64590;5052;14624;18284;15248;9775;1607;35725;2954;8224;9858;7857;5834;998;28865;2098;6400;8426;7391;3941;609;
1426000;"Powiat siedlecki";37993;3344;8990;10224;8881;5790;764;21067;2007;5006;5483;4572;3491;508;16926;1337;3984;4741;4309;2299;256;
1427000;"Powiat sierpecki";21312;1737;4828;5509;5106;3663;469;12142;1079;2775;3051;2651;2270;316;9170;658;2053;2458;2455;1393;153;
1428000;"Powiat sochaczewski";40650;3259;9098;11172;9017;6593;1511;21622;1774;4854;5867;4535;3695;897;19028;1485;4244;5305;4482;2898;614;
1429000;"Powiat sokołowski";23923;1912;5482;6083;5542;4245;659;13183;1149;3076;3293;2762;2473;430;10740;763;2406;2790;2780;1772;229;
1430000;"Powiat szydłowiecki";14925;1313;3365;4169;3422;2318;338;8384;823;1900;2282;1774;1404;201;6541;490;1465;1887;1648;914;137;
1432000;"Powiat warszawski zachodni";65508;3720;12580;19937;15900;10167;3204;33681;1994;6292;9951;7992;5520;1932;31827;1726;6288;9986;7908;4647;1272;
1433000;"Powiat węgrowski";29176;2837;6679;7469;6643;4662;886;16141;1580;3751;4059;3435;2740;576;13035;1257;2928;3410;3208;1922;310;
1434000;"Powiat wołomiński";133487;9451;30964;41741;29990;17285;4056;68161;5020;15539;21003;14972;9266;2361;65326;4431;15425;20738;15018;8019;1695;
1435000;"Powiat wyszkowski";35025;3345;8131;9309;7788;5421;1031;19037;1887;4464;5029;3939;3069;649;15988;1458;3667;4280;3849;2352;382;
1436000;"Powiat zwoleński";15249;1254;3554;4169;3621;2373;278;8472;758;2000;2245;1829;1447;193;6777;496;1554;1924;1792;926;85;
1437000;"Powiat żuromiński";16114;1245;3614;3997;4062;2862;334;9048;727;2048;2157;2100;1798;218;7066;518;1566;1840;1962;1064;116;
1438000;"Powiat żyrardowski";35447;2815;7516;9993;8095;5494;1534;18230;1460;3945;5067;3990;2922;846;17217;1355;3571;4926;4105;2572;688;
1461000;"City with powiat status Ostrołęka";20445;1126;4586;5790;4474;3676;793;10724;629;2456;3094;2155;1936;454;9721;497;2130;2696;2319;1740;339;
1462000;"City with powiat status Płock";49657;2688;10452;14469;11736;8098;2214;26044;1524;5634;7449;5746;4417;1274;23613;1164;4818;7020;5990;3681;940;
1463000;"City with powiat status Radom";83148;4812;17628;23236;18818;14452;4202;43717;2651;9544;12281;9109;7690;2442;39431;2161;8084;10955;9709;6762;1760;
1464000;"City with powiat status Siedlce";34800;1861;8270;10407;7333;5509;1420;17911;1039;4325;5411;3498;2808;830;16889;822;3945;4996;3835;2701;590;
1465000;"City with powiat status Capital City Warszawa";965329;54866;265112;294838;183203;116821;50489;469166;26480;125325;143260;88171;58327;27603;496163;28386;139787;151578;95032;58494;22886;
1601000;"Powiat brzeski";38639;3263;8294;10385;8698;6668;1331;21126;1768;4560;5581;4453;3961;803;17513;1495;3734;4804;4245;2707;528;
1602000;"Powiat głubczycki";17793;1440;3750;4580;4278;3244;501;10027;874;2139;2479;2226;1987;322;7766;566;1611;2101;2052;1257;179;
1603000;"Powiat kędzierzyńsko-kozielski";37463;2866;8054;9538;9158;6677;1170;20582;1678;4410;5056;4726;3994;718;16881;1188;3644;4482;4432;2683;452;
1604000;"Powiat kluczborski";27187;2266;5962;6978;6356;4791;834;15297;1350;3396;3872;3254;2902;523;11890;916;2566;3106;3102;1889;311;
1605000;"Powiat krapkowicki";26272;2189;5956;6739;6372;4357;659;14688;1318;3327;3585;3369;2683;406;11584;871;2629;3154;3003;1674;253;
1606000;"Powiat namysłowski";18941;1661;4259;5177;4067;3209;568;10498;906;2347;2803;2155;1934;353;8443;755;1912;2374;1912;1275;215;
1607000;"Powiat nyski";54463;4309;11445;14574;12649;9682;1804;30007;2406;6401;7793;6501;5775;1131;24456;1903;5044;6781;6148;3907;673;
1608000;"Powiat oleski";27497;2333;6080;6916;6549;4838;781;15275;1378;3383;3714;3360;2948;492;12222;955;2697;3202;3189;1890;289;
1609000;"Powiat opolski";54311;4298;11640;14518;13195;9102;1558;29790;2532;6324;7639;6852;5451;992;24521;1766;5316;6879;6343;3651;566;
1610000;"Powiat prudnicki";22483;1849;5109;5731;5118;4033;643;12391;1088;2831;3052;2579;2452;389;10092;761;2278;2679;2539;1581;254;
1611000;"Powiat strzelecki";31029;2599;7417;7932;7245;5066;770;17253;1522;4119;4333;3762;3007;510;13776;1077;3298;3599;3483;2059;260;
1661000;"City with powiat status Opole";60273;3696;14348;16928;12403;9559;3339;30777;1930;7218;8653;6062;5004;1910;29496;1766;7130;8275;6341;4555;1429;
1801000;"Powiat bieszczadzki";8348;573;1750;2261;1916;1577;271;4500;333;944;1201;959;908;155;3848;240;806;1060;957;669;116;
1802000;"Powiat brzozowski";25028;2017;6051;6811;6053;3678;418;13927;1175;3425;3730;3084;2286;227;11101;842;2626;3081;2969;1392;191;
1803000;"Powiat dębicki";57911;4948;13781;15762;13082;8964;1374;32690;2985;7846;8640;6872;5503;844;25221;1963;5935;7122;6210;3461;530;
1804000;"Powiat jarosławski";48440;3378;11408;13511;11489;7465;1189;26871;2011;6440;7311;5885;4477;747;21569;1367;4968;6200;5604;2988;442;
1805000;"Powiat jasielski";43957;3173;9963;11846;10984;7043;948;24692;1934;5688;6546;5765;4210;549;19265;1239;4275;5300;5219;2833;399;
1806000;"Powiat kolbuszowski";25482;2002;6226;6755;6054;3944;501;14188;1185;3531;3635;3156;2382;299;11294;817;2695;3120;2898;1562;202;
1807000;"Powiat krośnieński";46073;3365;10544;13002;11215;7029;918;25905;2145;6046;7106;5810;4239;559;20168;1220;4498;5896;5405;2790;359;
1808000;"Powiat leżajski";26723;1966;6354;7196;6584;4095;528;14851;1148;3637;3949;3315;2479;323;11872;818;2717;3247;3269;1616;205;
1809000;"Powiat lubaczowski";22272;1588;4986;5995;5368;3865;470;12380;965;2819;3200;2773;2333;290;9892;623;2167;2795;2595;1532;180;
1810000;"Powiat łańcucki";35213;2397;8663;10068;8139;5228;718;19123;1382;4751;5387;4118;3040;445;16090;1015;3912;4681;4021;2188;273;
1811000;"Powiat mielecki";60778;5371;14334;16770;13128;9546;1629;33427;3143;7808;9023;6767;5652;1034;27351;2228;6526;7747;6361;3894;595;
1812000;"Powiat niżański";25553;1821;6058;6573;6147;4366;588;14414;1058;3511;3679;3166;2662;338;11139;763;2547;2894;2981;1704;250;
1813000;"Powiat przemyski";29602;2117;6839;8063;7417;4584;582;16407;1241;3868;4348;3796;2781;373;13195;876;2971;3715;3621;1803;209;
1814000;"Powiat przeworski";32530;2352;7846;9003;7812;4930;587;18230;1384;4531;4960;3993;2996;366;14300;968;3315;4043;3819;1934;221;
1815000;"Powiat ropczycko-sędziszowski";31852;2501;8152;8808;7411;4348;632;17748;1435;4582;4780;3865;2681;405;14104;1066;3570;4028;3546;1667;227;
1816000;"Powiat rzeszowski";78231;5366;18814;22607;18750;11033;1661;42194;3175;10165;11806;9504;6549;995;36037;2191;8649;10801;9246;4484;666;
1817000;"Powiat sanocki";37391;2564;8119;10578;8887;6135;1108;20328;1512;4450;5616;4512;3554;684;17063;1052;3669;4962;4375;2581;424;
1818000;"Powiat stalowowolski";40667;2659;8981;11526;9657;6519;1325;22472;1572;5035;6292;4972;3785;816;18195;1087;3946;5234;4685;2734;509;
1819000;"Powiat strzyżowski";25337;1989;5946;6944;6184;3806;468;14211;1256;3371;3716;3235;2332;301;11126;733;2575;3228;2949;1474;167;
1820000;"Powiat tarnobrzeski";21556;1517;4973;5872;5391;3258;545;11933;882;2817;3157;2797;1949;331;9623;635;2156;2715;2594;1309;214;
1821000;"Powiat leski";10527;728;2305;2879;2508;1786;321;5729;427;1272;1494;1288;1061;187;4798;301;1033;1385;1220;725;134;
1861000;"City with powiat status Krosno";18202;913;3801;5455;4181;3074;778;9609;512;2016;2875;2071;1675;460;8593;401;1785;2580;2110;1399;318;
1862000;"City with powiat status Przemyśl";21574;999;4272;6268;5140;3924;971;11100;534;2276;3244;2440;2056;550;10474;465;1996;3024;2700;1868;421;
1863000;"City with powiat status Rzeszów";90672;4662;26285;26825;17094;12412;3394;46569;2447;13346;13900;8307;6526;2043;44103;2215;12939;12925;8787;5886;1351;
1864000;"City with powiat status Tarnobrzeg";18460;874;3759;5062;4707;3329;729;9709;502;2083;2642;2319;1751;412;8751;372;1676;2420;2388;1578;317;
2001000;"Powiat augustowski";23645;1883;5353;5943;5603;4209;654;13013;1136;2964;3146;2860;2502;405;10632;747;2389;2797;2743;1707;249;
2002000;"Powiat białostocki";67616;4106;15028;19496;16017;11183;1786;36288;2372;7987;10119;8183;6513;1114;31328;1734;7041;9377;7834;4670;672;
2003000;"Powiat bielski";22886;1530;5114;5793;5351;4443;655;12760;924;2870;3141;2771;2622;432;10126;606;2244;2652;2580;1821;223;
2004000;"Powiat grajewski";18189;1414;4125;4581;4272;3333;464;10235;863;2378;2441;2225;2022;306;7954;551;1747;2140;2047;1311;158;
2005000;"Powiat hajnowski";16031;961;3203;4269;3747;3312;539;8735;588;1740;2311;1896;1883;317;7296;373;1463;1958;1851;1429;222;
2006000;"Powiat kolneński";15129;1315;3549;3725;3696;2587;257;8500;824;1960;2020;1906;1629;161;6629;491;1589;1705;1790;958;96;
2007000;"Powiat łomżyński";21694;1853;4944;5612;5258;3566;461;12341;1151;2814;3054;2756;2262;304;9353;702;2130;2558;2502;1304;157;
2008000;"Powiat moniecki";15825;1361;3822;3832;3644;2834;332;8929;815;2205;2113;1835;1749;212;6896;546;1617;1719;1809;1085;120;
2009000;"Powiat sejneński";8186;638;1738;2108;2032;1439;231;4508;380;961;1109;1040;870;148;3678;258;777;999;992;569;83;
2010000;"Powiat siemiatycki";18221;1389;3938;4418;4532;3502;442;10104;845;2209;2344;2331;2100;275;8117;544;1729;2074;2201;1402;167;
2011000;"Powiat sokólski";26568;2080;5835;6634;6432;4890;697;14930;1223;3391;3571;3324;2977;444;11638;857;2444;3063;3108;1913;253;
2012000;"Powiat suwalski";15971;1361;3867;3908;3829;2629;377;9180;870;2213;2138;1998;1706;255;6791;491;1654;1770;1831;923;122;
2013000;"Powiat wysokomazowiecki";24637;1997;5833;6159;5658;4281;709;13845;1201;3321;3322;2859;2653;489;10792;796;2512;2837;2799;1628;220;
2014000;"Powiat zambrowski";18167;1529;4122;4681;4129;3209;497;10193;928;2327;2608;2123;1871;336;7974;601;1795;2073;2006;1338;161;
2061000;"City with powiat status Białystok";133296;7691;34299;37261;28435;20716;4894;67456;4003;17554;18993;13443;10696;2767;65840;3688;16745;18268;14992;10020;2127;
2062000;"City with powiat status Łomża";25070;1344;5834;6862;5337;4737;956;13180;756;3136;3645;2553;2530;560;11890;588;2698;3217;2784;2207;396;
2063000;"City with powiat status Suwałki";30234;2009;7285;7956;6550;5511;923;15656;1133;3869;4072;3083;2950;549;14578;876;3416;3884;3467;2561;374;
2201000;"Powiat bytowski";33547;3708;7924;8581;7217;5239;878;19131;2173;4549;4795;3779;3274;561;14416;1535;3375;3786;3438;1965;317;
2202000;"Powiat chojnicki";41334;4564;9427;10947;9263;6116;1017;23282;2691;5289;5941;4941;3782;638;18052;1873;4138;5006;4322;2334;379;
2203000;"Powiat człuchowski";21710;2056;4711;6005;4668;3648;622;12298;1215;2636;3315;2480;2247;405;9412;841;2075;2690;2188;1401;217;
2204000;"Powiat gdański";60876;4379;14555;19064;13023;7859;1996;32463;2330;7576;9919;6816;4519;1303;28413;2049;6979;9145;6207;3340;693;
2205000;"Powiat kartuski";69802;8123;17563;18817;14535;9054;1710;38700;4713;9531;10122;7740;5450;1144;31102;3410;8032;8695;6795;3604;566;
2206000;"Powiat kościerski";32007;3677;7566;8361;6937;4617;849;18063;2215;4157;4588;3674;2876;553;13944;1462;3409;3773;3263;1741;296;
2207000;"Powiat kwidzyński";34229;3096;7334;9599;7680;5523;997;18757;1707;4093;5071;3932;3320;634;15472;1389;3241;4528;3748;2203;363;
2208000;"Powiat lęborski";26034;2360;5882;6861;5713;4202;1016;14500;1351;3338;3756;2961;2457;637;11534;1009;2544;3105;2752;1745;379;
2209000;"Powiat malborski";25424;2037;5530;7103;5590;4259;905;14011;1145;3114;3849;2821;2504;578;11413;892;2416;3254;2769;1755;327;
2210000;"Powiat nowodworski";13959;1275;3025;3686;3120;2375;478;7943;737;1756;2050;1653;1427;320;6016;538;1269;1636;1467;948;158;
2211000;"Powiat pucki";39791;3539;9340;11144;8945;5678;1145;22188;2074;5030;6043;4776;3491;774;17603;1465;4310;5101;4169;2187;371;
2212000;"Powiat słupski";41914;3529;8651;11877;9370;7056;1431;23143;2058;4820;6283;4924;4174;884;18771;1471;3831;5594;4446;2882;547;
2213000;"Powiat starogardzki";53916;5906;12828;14243;11690;7880;1369;30137;3425;7202;7720;6081;4854;855;23779;2481;5626;6523;5609;3026;514;
2214000;"Powiat tczewski";48953;4851;11307;13316;10839;7307;1333;27235;2833;6297;7145;5651;4440;869;21718;2018;5010;6171;5188;2867;464;
2215000;"Powiat wejherowski";101627;10084;24557;28496;21404;13979;3107;55666;5766;13291;15187;11169;8278;1975;45961;4318;11266;13309;10235;5701;1132;
2216000;"Powiat sztumski";15727;1592;3359;4177;3512;2611;476;9102;973;1996;2384;1841;1587;321;6625;619;1363;1793;1671;1024;155;
2261000;"City with powiat status Gdańsk";235124;16487;67754;64148;44699;30257;11779;119379;7975;33704;32562;22115;16023;7000;115745;8512;34050;31586;22584;14234;4779;
2262000;"City with powiat status Gdynia";111547;6848;27039;31268;23500;16483;6409;56755;3447;13367;15644;11595;8765;3937;54792;3401;13672;15624;11905;7718;2472;
2263000;"City with powiat status Słupsk";37202;2232;7925;10196;8078;6695;2076;18992;1152;4071;5179;3869;3505;1216;18210;1080;3854;5017;4209;3190;860;
2264000;"City with powiat status Sopot";14135;865;3133;3577;2889;2354;1317;7216;426;1592;1817;1417;1220;744;6919;439;1541;1760;1472;1134;573;
2401000;"Powiat będziński";65280;3883;12782;20419;15788;9887;2521;34151;2144;6742;10542;7966;5304;1453;31129;1739;6040;9877;7822;4583;1068;
2402000;"Powiat bielski";77809;6056;17408;22624;18164;11295;2262;41334;3400;9232;11947;8983;6397;1375;36475;2656;8176;10677;9181;4898;887;
2403000;"Powiat cieszyński";78806;6959;17329;22283;18056;11307;2872;41813;3988;9433;11716;8831;6194;1651;36993;2971;7896;10567;9225;5113;1221;
2404000;"Powiat częstochowski";60326;3967;12484;16922;15206;9995;1752;33017;2344;6970;9018;7742;5885;1058;27309;1623;5514;7904;7464;4110;694;
2405000;"Powiat gliwicki";50006;4084;11261;14760;11473;7140;1288;26994;2295;6059;7832;5866;4114;828;23012;1789;5202;6928;5607;3026;460;
2406000;"Powiat kłobucki";38626;2743;8303;10417;9708;6307;1148;21354;1691;4646;5558;4925;3814;720;17272;1052;3657;4859;4783;2493;428;
2407000;"Powiat lubliniecki";32993;2893;7723;8968;7674;4947;788;18375;1744;4291;4875;4014;2955;496;14618;1149;3432;4093;3660;1992;292;
2408000;"Powiat mikołowski";45465;3224;10280;14000;10460;6252;1249;24355;1753;5451;7477;5392;3471;811;21110;1471;4829;6523;5068;2781;438;
2409000;"Powiat myszkowski";30001;2106;6091;8638;7301;4912;953;16243;1232;3366;4612;3691;2784;558;13758;874;2725;4026;3610;2128;395;
2410000;"Powiat pszczyński";51391;4633;12388;14975;10895;7287;1213;27943;2652;6727;8137;5466;4167;794;23448;1981;5661;6838;5429;3120;419;
2411000;"Powiat raciborski";42514;3431;9586;11456;9933;6856;1252;23330;2078;5284;6128;5077;3984;779;19184;1353;4302;5328;4856;2872;473;
2412000;"Powiat rybnicki";32507;3048;8165;9797;6971;3936;590;18341;1741;4683;5522;3645;2363;387;14166;1307;3482;4275;3326;1573;203;
2413000;"Powiat tarnogórski";60847;4209;13055;17863;14566;9055;2099;33062;2406;7049;9553;7545;5183;1326;27785;1803;6006;8310;7021;3872;773;
2414000;"Powiat bieruńsko-lędziński";27603;2220;6645;8164;6173;3714;687;14746;1259;3543;4356;3039;2103;446;12857;961;3102;3808;3134;1611;241;
2415000;"Powiat wodzisławski";62232;5726;14841;18476;13930;7873;1386;34497;3323;8356;10387;7141;4411;879;27735;2403;6485;8089;6789;3462;507;
2416000;"Powiat zawierciański";49370;3095;10141;14246;12450;7889;1549;26701;1749;5633;7592;6235;4552;940;22669;1346;4508;6654;6215;3337;609;
2417000;"Powiat żywiecki";66080;5712;15693;18166;15583;9132;1794;35237;3259;8583;9648;7747;5082;918;30843;2453;7110;8518;7836;4050;876;
2461000;"City with powiat status Bielsko-Biała";76716;4911;16986;22407;16583;11976;3853;40077;2659;8874;11658;8153;6502;2231;36639;2252;8112;10749;8430;5474;1622;
2462000;"City with powiat status Bytom";62638;5022;14818;17548;14153;9136;1961;33428;2673;8089;9381;7063;5077;1145;29210;2349;6729;8167;7090;4059;816;
2463000;"City with powiat status Chorzów";45720;3611;10578;12717;10887;6374;1553;23913;1889;5612;6579;5442;3549;842;21807;1722;4966;6138;5445;2825;711;
2464000;"City with powiat status Częstochowa";93129;4799;18692;25846;21282;17328;5182;48779;2671;10091;13512;10294;9306;2905;44350;2128;8601;12334;10988;8022;2277;
2465000;"City with powiat status Dąbrowa Górnicza";52073;2890;10225;16774;11590;8365;2229;27437;1568;5402;8818;5819;4564;1266;24636;1322;4823;7956;5771;3801;963;
2466000;"City with powiat status Gliwice";79619;5307;18595;22760;16687;12228;4042;42354;2859;9964;12026;8368;6672;2465;37265;2448;8631;10734;8319;5556;1577;
2467000;"City with powiat status Jastrzębie-Zdrój";33604;3098;7659;9219;8731;4065;832;18197;1705;4304;5107;4362;2222;497;15407;1393;3355;4112;4369;1843;335;
2468000;"City with powiat status Jaworzno";39323;2745;9018;11474;8856;6167;1063;20702;1507;4807;6105;4423;3223;637;18621;1238;4211;5369;4433;2944;426;
2469000;"City with powiat status Katowice";133428;8916;34577;35919;26617;20953;6446;68494;4516;17804;18629;12839;11022;3684;64934;4400;16773;17290;13778;9931;2762;
2470000;"City with powiat status Mysłowice";32415;2233;7695;9652;6880;4953;1002;17085;1158;4025;5173;3438;2688;603;15330;1075;3670;4479;3442;2265;399;
2471000;"City with powiat status Piekary Śląskie";22167;1770;5217;6556;4815;3151;658;11866;974;2787;3527;2412;1763;403;10301;796;2430;3029;2403;1388;255;
2472000;"City with powiat status Ruda Śląska";57217;4580;13980;17057;12306;7881;1413;30841;2483;7593;9236;6177;4462;890;26376;2097;6387;7821;6129;3419;523;
2473000;"City with powiat status Rybnik";56232;4680;13494;16838;12215;7426;1579;31057;2629;7517;9315;6322;4250;1024;25175;2051;5977;7523;5893;3176;555;
2474000;"City with powiat status Siemianowice Śląskie";28161;1853;6403;8202;6377;4398;928;14758;1003;3352;4295;3174;2371;563;13403;850;3051;3907;3203;2027;365;
2475000;"City with powiat status Sosnowiec";83920;5342;17684;25036;18787;13233;3838;43608;2762;9350;13111;9234;6991;2160;40312;2580;8334;11925;9553;6242;1678;
2476000;"City with powiat status Świętochłowice";19682;1611;4556;5651;4426;2886;552;10503;826;2440;3010;2272;1628;327;9179;785;2116;2641;2154;1258;225;
2477000;"City with powiat status Tychy";56136;3452;12559;18168;11131;8430;2396;29488;1804;6505;9502;5623;4653;1401;26648;1648;6054;8666;5508;3777;995;
2478000;"City with powiat status Zabrze";65298;5245;15613;17627;14767;9963;2083;34996;2925;8510;9390;7351;5564;1256;30302;2320;7103;8237;7416;4399;827;
2479000;"City with powiat status Żory";26160;2204;5748;8943;5434;2977;854;14142;1224;3118;4851;2799;1606;544;12018;980;2630;4092;2635;1371;310;
2601000;"Powiat buski";30596;2006;6326;8550;7672;5123;919;16630;1158;3521;4430;3900;3073;548;13966;848;2805;4120;3772;2050;371;
2602000;"Powiat jędrzejowski";35976;2733;7829;10485;8301;5636;992;20354;1713;4429;5698;4402;3478;634;15622;1020;3400;4787;3899;2158;358;
2603000;"Powiat kazimierski";14181;1087;3136;3804;3399;2396;359;7875;603;1755;2088;1734;1455;240;6306;484;1381;1716;1665;941;119;
2604000;"Powiat kielecki";96009;6976;21943;27304;22838;14664;2284;52525;4122;11961;14527;11634;8877;1404;43484;2854;9982;12777;11204;5787;880;
2605000;"Powiat konecki";30752;2367;6384;8244;7601;5221;935;17387;1419;3645;4506;3991;3228;598;13365;948;2739;3738;3610;1993;337;
2606000;"Powiat opatowski";21023;1499;4475;5613;5188;3683;565;11714;876;2561;3005;2614;2307;351;9309;623;1914;2608;2574;1376;214;
2607000;"Powiat ostrowiecki";39888;2393;7736;11323;9755;7421;1260;21755;1396;4362;6042;4874;4327;754;18133;997;3374;5281;4881;3094;506;
2608000;"Powiat pińczowski";16202;1162;3561;4319;3870;2842;448;9022;703;1990;2365;1930;1741;293;7180;459;1571;1954;1940;1101;155;
2609000;"Powiat sandomierski";31944;1892;6689;8677;7955;5682;1049;17208;1134;3630;4629;3963;3237;615;14736;758;3059;4048;3992;2445;434;
2610000;"Powiat skarżyski";27526;1618;5496;7531;6525;5210;1146;14901;865;3045;4067;3226;2983;715;12625;753;2451;3464;3299;2227;431;
2611000;"Powiat starachowicki";35731;2640;7523;9703;8332;6324;1209;19537;1535;4201;5248;4189;3661;703;16194;1105;3322;4455;4143;2663;506;
2612000;"Powiat staszowski";30533;2284;6823;8321;7320;5038;747;17001;1389;3915;4458;3762;3015;462;13532;895;2908;3863;3558;2023;285;
2613000;"Powiat włoszczowski";19224;1549;4344;5304;4539;3007;481;10902;933;2511;2852;2383;1928;295;8322;616;1833;2452;2156;1079;186;
2661000;"City with powiat status Kielce";81120;3823;18191;23654;17505;13501;4446;41096;2007;9277;11987;8393;6908;2524;40024;1816;8914;11667;9112;6593;1922;
2801000;"Powiat bartoszycki";20436;1720;4265;5539;4711;3672;529;11269;1007;2400;3024;2390;2131;317;9167;713;1865;2515;2321;1541;212;
2802000;"Powiat braniewski";15195;1263;3242;3996;3490;2742;462;8633;758;1872;2203;1902;1613;285;6562;505;1370;1793;1588;1129;177;
2803000;"Powiat działdowski";27084;2722;5800;7163;6275;4469;655;15214;1593;3309;3901;3268;2711;432;11870;1129;2491;3262;3007;1758;223;
2804000;"Powiat elbląski";22491;2035;4608;6258;5245;3730;615;12865;1246;2702;3450;2784;2290;393;9626;789;1906;2808;2461;1440;222;
2805000;"Powiat ełcki";35437;2721;8209;10107;7662;5796;942;19393;1608;4573;5454;3834;3349;575;16044;1113;3636;4653;3828;2447;367;
2806000;"Powiat giżycki";22546;1583;4912;6052;5174;4026;799;12445;929;2759;3267;2622;2381;487;10101;654;2153;2785;2552;1645;312;
2807000;"Powiat iławski";39770;3879;8866;10982;8653;6350;1040;22142;2288;4977;5931;4468;3792;686;17628;1591;3889;5051;4185;2558;354;
2808000;"Powiat kętrzyński";21483;1448;4354;6039;5008;4023;611;11758;822;2489;3192;2521;2360;374;9725;626;1865;2847;2487;1663;237;
2809000;"Powiat lidzbarski";15744;1288;3293;4200;3651;2850;462;8687;764;1834;2303;1851;1657;278;7057;524;1459;1897;1800;1193;184;
2810000;"Powiat mrągowski";20191;1559;4294;5472;4547;3687;632;10995;871;2402;2900;2307;2132;383;9196;688;1892;2572;2240;1555;249;
2811000;"Powiat nidzicki";13106;1305;2739;3479;3094;2144;345;7383;826;1507;1920;1607;1301;222;5723;479;1232;1559;1487;843;123;
2812000;"Powiat nowomiejski";18605;2206;4123;4915;4206;2766;389;10680;1329;2373;2754;2202;1760;262;7925;877;1750;2161;2004;1006;127;
2813000;"Powiat olecki";13390;1125;2997;3671;2801;2334;462;7463;655;1653;2023;1437;1394;301;5927;470;1344;1648;1364;940;161;
2814000;"Powiat olsztyński";56720;4124;12189;16586;13057;8978;1786;30388;2367;6587;8571;6625;5173;1065;26332;1757;5602;8015;6432;3805;721;
2815000;"Powiat ostródzki";41893;3836;9015;11378;9331;7087;1246;23251;2258;5057;6175;4810;4192;759;18642;1578;3958;5203;4521;2895;487;
2816000;"Powiat piski";20440;1594;4592;5215;4955;3610;474;11662;930;2731;2885;2592;2224;300;8778;664;1861;2330;2363;1386;174;
2817000;"Powiat szczycieński";27819;2459;6031;7506;6474;4646;703;15345;1505;3368;4024;3262;2741;445;12474;954;2663;3482;3212;1905;258;
2818000;"Powiat gołdapski";10179;847;2318;2708;2216;1793;297;5716;497;1351;1457;1186;1041;184;4463;350;967;1251;1030;752;113;
2819000;"Powiat węgorzewski";8387;602;1785;2331;1886;1539;244;4668;367;1028;1254;975;886;158;3719;235;757;1077;911;653;86;
2861000;"City with powiat status Elbląg";47074;3073;10076;13056;10770;8027;2072;24945;1753;5450;6810;5295;4386;1251;22129;1320;4626;6246;5475;3641;821;
2862000;"City with powiat status Olsztyn";78882;4518;18832;23049;16614;12259;3610;39270;2345;9473;11387;7798;6296;1971;39612;2173;9359;11662;8816;5963;1639;
3001000;"Powiat chodzieski";21008;2086;4390;6034;4544;3125;829;11711;1247;2452;3281;2397;1861;473;9297;839;1938;2753;2147;1264;356;
3002000;"Powiat czarnkowsko-trzcianecki";38146;3746;8314;10339;8792;5833;1122;21296;2252;4678;5542;4592;3542;690;16850;1494;3636;4797;4200;2291;432;
3003000;"Powiat gnieźnieński";64823;6035;14122;18419;14440;9547;2260;35880;3497;7801;9926;7567;5680;1409;28943;2538;6321;8493;6873;3867;851;
3004000;"Powiat gostyński";36404;3870;8622;9571;7778;5642;921;20706;2298;4885;5272;4087;3560;604;15698;1572;3737;4299;3691;2082;317;
3005000;"Powiat grodziski";26285;3228;6324;6766;5466;3771;730;14736;1904;3456;3718;2874;2280;504;11549;1324;2868;3048;2592;1491;226;
3006000;"Powiat jarociński";32558;3427;7641;8753;7141;4690;906;18333;2047;4289;4833;3791;2804;569;14225;1380;3352;3920;3350;1886;337;
3007000;"Powiat kaliski";40436;3357;9295;10907;9719;6085;1073;22070;1938;5069;5799;4927;3661;676;18366;1419;4226;5108;4792;2424;397;
3008000;"Powiat kępiński";28866;3102;6669;7619;6433;4120;923;15889;1785;3618;4097;3332;2470;587;12977;1317;3051;3522;3101;1650;336;
3009000;"Powiat kolski";35908;3136;7918;9727;8744;5426;957;20179;1889;4538;5309;4569;3269;605;15729;1247;3380;4418;4175;2157;352;
3010000;"Powiat koniński";57837;5242;13172;16007;14289;7837;1290;32706;3259;7554;8747;7603;4700;843;25131;1983;5618;7260;6686;3137;447;
3011000;"Powiat kościański";38494;3892;8876;10319;8275;5924;1208;21517;2335;4917;5660;4222;3594;789;16977;1557;3959;4659;4053;2330;419;
3012000;"Powiat krotoszyński";36617;3958;8441;9787;7839;5552;1040;20372;2335;4736;5234;4022;3397;648;16245;1623;3705;4553;3817;2155;392;
3013000;"Powiat leszczyński";29132;2997;6918;8478;6179;3870;690;16296;1839;3756;4545;3257;2422;477;12836;1158;3162;3933;2922;1448;213;
3014000;"Powiat międzychodzki";16731;1767;3726;4392;3679;2565;602;9404;1026;2096;2426;1920;1546;390;7327;741;1630;1966;1759;1019;212;
3015000;"Powiat nowotomyski";37982;4141;8654;10484;7877;5517;1309;20793;2354;4675;5604;4102;3264;794;17189;1787;3979;4880;3775;2253;515;
3016000;"Powiat obornicki";28096;2903;6227;8049;5894;4039;984;15609;1670;3480;4362;3094;2382;621;12487;1233;2747;3687;2800;1657;363;
3017000;"Powiat ostrowski";75337;6518;17391;20317;16963;11456;2692;41265;3735;9576;10906;8702;6698;1648;34072;2783;7815;9411;8261;4758;1044;
3018000;"Powiat ostrzeszowski";26698;2739;6225;6973;6000;3948;813;14730;1637;3466;3713;3123;2315;476;11968;1102;2759;3260;2877;1633;337;
3019000;"Powiat pilski";59201;4814;12592;16697;13310;9511;2277;32391;2850;7031;8808;6756;5498;1448;26810;1964;5561;7889;6554;4013;829;
3020000;"Powiat pleszewski";28386;2766;6300;7878;6552;4068;822;15948;1710;3544;4287;3444;2449;514;12438;1056;2756;3591;3108;1619;308;
3021000;"Powiat poznański";223404;14483;49404;72717;49653;28639;8508;117285;8018;24787;37221;25676;16209;5374;106119;6465;24617;35496;23977;12430;3134;
3022000;"Powiat rawicki";28486;3206;6532;7961;6123;3897;767;15889;1943;3635;4216;3255;2361;479;12597;1263;2897;3745;2868;1536;288;
3023000;"Powiat słupecki";26710;2542;6018;7248;6104;4038;760;15005;1518;3367;3935;3199;2488;498;11705;1024;2651;3313;2905;1550;262;
3024000;"Powiat szamotulski";45543;4324;10018;13145;9803;6724;1529;24921;2509;5387;6993;5065;3959;1008;20622;1815;4631;6152;4738;2765;521;
3025000;"Powiat średzki";29121;2737;6898;8191;6100;4214;981;16155;1561;3725;4455;3247;2508;659;12966;1176;3173;3736;2853;1706;322;
3026000;"Powiat śremski";29873;2989;7043;8198;6369;4378;896;16422;1732;3854;4401;3324;2562;549;13451;1257;3189;3797;3045;1816;347;
3027000;"Powiat turecki";37434;3323;8663;10301;8966;5274;907;20440;1965;4833;5499;4565;3008;570;16994;1358;3830;4802;4401;2266;337;
3028000;"Powiat wągrowiecki";32533;3629;7507;8656;6765;4958;1018;18488;2175;4241;4774;3593;3020;685;14045;1454;3266;3882;3172;1938;333;
3029000;"Powiat wolsztyński";28419;3209;6583;7709;6126;3961;831;15766;1923;3597;4124;3188;2408;526;12653;1286;2986;3585;2938;1553;305;
3030000;"Powiat wrzesiński";37696;3631;8890;10608;8008;5341;1218;20904;2025;4851;5780;4166;3278;804;16792;1606;4039;4828;3842;2063;414;
3031000;"Powiat złotowski";28853;2765;6599;7713;6255;4688;833;16283;1665;3722;4236;3287;2829;544;12570;1100;2877;3477;2968;1859;289;
3061000;"City with powiat status Kalisz";41615;2917;8313;11468;10051;6780;2086;21502;1632;4377;5859;4860;3670;1104;20113;1285;3936;5609;5191;3110;982;
3062000;"City with powiat status Konin";28400;1832;5986;7591;6973;4651;1367;15027;1049;3363;3960;3425;2458;772;13373;783;2623;3631;3548;2193;595;
3063000;"City with powiat status Leszno";28377;2210;5936;7975;6414;4484;1358;15041;1183;3189;4171;3148;2522;828;13336;1027;2747;3804;3266;1962;530;
3064000;"City with powiat status Poznań";279792;22019;81144;74899;49594;36185;15951;141289;10850;40557;38027;24105;18852;8898;138503;11169;40587;36872;25489;17333;7053;
3201000;"Powiat białogardzki";18093;1610;3812;4844;4160;3001;666;9898;949;2108;2613;2115;1731;382;8195;661;1704;2231;2045;1270;284;
3202000;"Powiat choszczeński";18073;1459;3888;4668;4117;3266;675;10273;846;2280;2570;2194;1954;429;7800;613;1608;2098;1923;1312;246;
3203000;"Powiat drawski";21781;1761;4512;5978;4807;3906;817;11934;980;2476;3173;2464;2332;509;9847;781;2036;2805;2343;1574;308;
3204000;"Powiat goleniowski";36071;3126;7526;10154;8044;5766;1455;19682;1767;4126;5335;4161;3362;931;16389;1359;3400;4819;3883;2404;524;
3205000;"Powiat gryficki";23220;1867;4820;6276;5126;4118;1013;12954;1108;2723;3393;2671;2442;617;10266;759;2097;2883;2455;1676;396;
3206000;"Powiat gryfiński";33512;3047;6930;9096;7629;5659;1151;18660;1735;3926;4943;3978;3338;740;14852;1312;3004;4153;3651;2321;411;
3207000;"Powiat kamieński";17970;1246;3754;4843;3860;3324;943;9972;735;2094;2617;2007;1955;564;7998;511;1660;2226;1853;1369;379;
3208000;"Powiat kołobrzeski";33742;2417;6516;9126;7654;6169;1860;17655;1368;3446;4619;3760;3387;1075;16087;1049;3070;4507;3894;2782;785;
3209000;"Powiat koszaliński";28917;2299;5912;8133;6614;4967;992;16030;1311;3291;4360;3460;2973;635;12887;988;2621;3773;3154;1994;357;
3210000;"Powiat myśliborski";26088;2231;5331;7355;5804;4429;938;14581;1334;3015;3940;2982;2710;600;11507;897;2316;3415;2822;1719;338;
3211000;"Powiat policki";39544;2271;7585;12109;9728;6116;1735;20545;1242;3826;6133;4876;3401;1067;18999;1029;3759;5976;4852;2715;668;
3212000;"Powiat pyrzycki";15820;1381;3403;4225;3559;2680;572;8804;788;1893;2304;1835;1629;355;7016;593;1510;1921;1724;1051;217;
3213000;"Powiat sławieński";22238;1886;4874;5851;5033;3803;791;12162;1125;2690;3122;2548;2203;474;10076;761;2184;2729;2485;1600;317;
3214000;"Powiat stargardzki";50914;3680;11574;14293;10996;8306;2065;27974;2024;6397;7793;5657;4802;1301;22940;1656;5177;6500;5339;3504;764;
3215000;"Powiat szczecinecki";28756;2175;6177;7551;6690;5105;1058;15798;1218;3460;4016;3401;3055;648;12958;957;2717;3535;3289;2050;410;
3216000;"Powiat świdwiński";16898;1173;3595;4552;3821;3135;622;9452;686;2051;2472;1997;1866;380;7446;487;1544;2080;1824;1269;242;
3217000;"Powiat wałecki";21486;1839;4437;5889;4871;3671;779;12020;1074;2486;3229;2568;2171;492;9466;765;1951;2660;2303;1500;287;
3218000;"Powiat łobeski";13463;1296;2773;3457;2939;2513;485;7545;730;1573;1869;1566;1506;301;5918;566;1200;1588;1373;1007;184;
3261000;"City with powiat status Koszalin";46160;2549;10088;13365;9760;7383;3015;23793;1358;5145;6927;4763;3866;1734;22367;1191;4943;6438;4997;3517;1281;
3262000;"City with powiat status Szczecin";179608;11125;43132;50271;37323;27458;10299;91486;5568;21679;25572;18276;14602;5789;88122;5557;21453;24699;19047;12856;4510;
3263000;"City with powiat status Świnoujście";16905;855;3429;4368;3821;3152;1280;8673;460;1737;2267;1841;1663;705;8232;395;1692;2101;1980;1489;575;
