"Code";"Name";"total;total;total;2021;[person]";"total;total;economically active population;2021;[person]";"total;total;employed;2021;[person]";"total;total;unemployed;2021;[person]";"total;total;economically inactive persons;2021;[person]";"total;total;unidentified status on the labour market;2021;[person]";"total;total;activity rate;2021;[%]";"total;total;employment rate;2021;[%]";"total;total;unemployment rate;2021;[%]";"total;males;total;2021;[person]";"total;males;economically active population;2021;[person]";"total;males;employed;2021;[person]";"total;males;unemployed;2021;[person]";"total;males;economically inactive persons;2021;[person]";"total;males;unidentified status on the labour market;2021;[person]";"total;males;activity rate;2021;[%]";"total;males;employment rate;2021;[%]";"total;males;unemployment rate;2021;[%]";"total;females;total;2021;[person]";"total;females;economically active population;2021;[person]";"total;females;employed;2021;[person]";"total;females;unemployed;2021;[person]";"total;females;economically inactive persons;2021;[person]";"total;females;unidentified status on the labour market;2021;[person]";"total;females;activity rate;2021;[%]";"total;females;employment rate;2021;[%]";"total;females;unemployment rate;2021;[%]";
0201000;"Powiat bolesławiecki";74863;40280;38792;1488;28735;5848;58.4;56.2;3.7;35955;21682;20869;813;11182;3091;66.0;63.5;3.7;38908;18598;17923;675;17553;2757;51.4;49.6;3.6;
0202000;"Powiat dzierżoniowski";84726;41553;39657;1896;34095;9078;54.9;52.4;4.6;39806;22324;21238;1086;12817;4665;63.5;60.4;4.9;44920;19229;18419;810;21278;4413;47.5;45.5;4.2;
0203000;"Powiat głogowski";73213;37825;36209;1616;30649;4739;55.2;52.9;4.3;35218;20657;19946;711;12104;2457;63.1;60.9;3.4;37995;17168;16263;905;18545;2282;48.1;45.5;5.3;
0204000;"Powiat górowski";28309;14860;13765;1095;11769;1680;55.8;51.7;7.4;13973;8408;7834;574;4680;885;64.2;59.9;6.8;14336;6452;5931;521;7089;795;47.6;43.8;8.1;
0205000;"Powiat jaworski";41503;21874;20715;1159;16512;3117;57.0;54.0;5.3;20172;11975;11289;686;6564;1633;64.6;60.9;5.7;21331;9899;9426;473;9948;1484;49.9;47.5;4.8;
0206000;"Powiat karkonoski";53388;27116;25660;1456;21206;5066;56.1;53.1;5.4;25463;14234;13383;851;8585;2644;62.4;58.6;6.0;27925;12882;12277;605;12621;2422;50.5;48.1;4.7;
0207000;"Powiat kamiennogórski";36086;18203;17296;907;14864;3019;55.0;52.3;5.0;17392;9970;9416;554;5813;1609;63.2;59.7;5.6;18694;8233;7880;353;9051;1410;47.6;45.6;4.3;
0208000;"Powiat kłodzki";131867;63714;60022;3692;56397;11756;53.0;50.0;5.8;62517;33795;31623;2172;22589;6133;59.9;56.1;6.4;69350;29919;28399;1520;33808;5623;46.9;44.6;5.1;
0209000;"Powiat legnicki";46147;25378;24235;1143;17959;2810;58.6;55.9;4.5;22416;13878;13220;658;7152;1386;66.0;62.9;4.7;23731;11500;11015;485;10807;1424;51.6;49.4;4.2;
0210000;"Powiat lubański";45535;22991;21746;1245;18803;3741;55.0;52.0;5.4;21850;12436;11710;726;7480;1934;62.4;58.8;5.8;23685;10555;10036;519;11323;1807;48.2;45.9;4.9;
0211000;"Powiat lubiński";88546;45635;44027;1608;36862;6049;55.3;53.4;3.5;42183;24609;23922;687;14468;3106;63.0;61.2;2.8;46363;21026;20105;921;22394;2943;48.4;46.3;4.4;
0212000;"Powiat lwówecki";37950;18685;17575;1110;16095;3170;53.7;50.5;5.9;18425;10272;9647;625;6531;1622;61.1;57.4;6.1;19525;8413;7928;485;9564;1548;46.8;44.1;5.8;
0213000;"Powiat milicki";30139;16845;16174;671;11802;1492;58.8;56.5;4.0;14793;9416;9065;351;4581;796;67.3;64.8;3.7;15346;7429;7109;320;7221;696;50.7;48.5;4.3;
0214000;"Powiat oleśnicki";89310;52258;50426;1832;32181;4871;61.9;59.7;3.5;43208;28248;27253;995;12415;2545;69.5;67.0;3.5;46102;24010;23173;837;19766;2326;54.8;52.9;3.5;
0215000;"Powiat oławski";64875;37830;36495;1335;22600;4445;62.6;60.4;3.5;31232;20182;19416;766;8729;2321;69.8;67.2;3.8;33643;17648;17079;569;13871;2124;56.0;54.2;3.2;
0216000;"Powiat polkowicki";51215;27627;26442;1185;20442;3146;57.5;55.0;4.3;25023;15320;14735;585;8099;1604;65.4;62.9;3.8;26192;12307;11707;600;12343;1542;49.9;47.5;4.9;
0217000;"Powiat strzeliński";35954;19831;18984;847;14029;2094;58.6;56.1;4.3;17551;10914;10439;475;5567;1070;66.2;63.3;4.4;18403;8917;8545;372;8462;1024;51.3;49.2;4.2;
0218000;"Powiat średzki";47615;28969;28010;959;16254;2392;64.1;61.9;3.3;23301;15562;14990;572;6447;1292;70.7;68.1;3.7;24314;13407;13020;387;9807;1100;57.8;56.1;2.9;
0219000;"Powiat świdnicki";131617;70090;66834;3256;50664;10863;58.0;55.3;4.6;62638;37823;35964;1859;19236;5579;66.3;63.0;4.9;68979;32267;30870;1397;31428;5284;50.7;48.5;4.3;
0220000;"Powiat trzebnicki";72459;42364;41088;1276;26133;3962;61.8;60.0;3.0;35273;22894;22207;687;10263;2116;69.0;67.0;3.0;37186;19470;18881;589;15870;1846;55.1;53.4;3.0;
0221000;"Powiat wałbrzyski";46669;22779;21512;1267;19536;4354;53.8;50.8;5.6;22155;12291;11623;668;7593;2271;61.8;58.5;5.4;24514;10488;9889;599;11943;2083;46.8;44.1;5.7;
0222000;"Powiat wołowski";39315;21425;20291;1134;15347;2543;58.3;55.2;5.3;19046;11700;11100;600;6004;1342;66.1;62.7;5.1;20269;9725;9191;534;9343;1201;51.0;48.2;5.5;
0223000;"Powiat wrocławski";138197;92474;90479;1995;40204;5519;69.7;68.2;2.2;67104;48269;47214;1055;15935;2900;75.2;73.5;2.2;71093;44205;43265;940;24269;2619;64.6;63.2;2.1;
0224000;"Powiat ząbkowicki";54026;27158;25917;1241;22346;4522;54.9;52.4;4.6;25962;14830;14101;729;8809;2323;62.7;59.7;4.9;28064;12328;11816;512;13537;2199;47.7;45.7;4.2;
0225000;"Powiat zgorzelecki";75587;37958;36330;1628;30544;7085;55.4;53.0;4.3;36458;20230;19268;962;12335;3893;62.1;59.2;4.8;39129;17728;17062;666;18209;3192;49.3;47.5;3.8;
0226000;"Powiat złotoryjski";35592;18576;17456;1120;14262;2754;56.6;53.2;6.0;17311;10232;9612;620;5690;1389;64.3;60.4;6.1;18281;8344;7844;500;8572;1365;49.3;46.4;6.0;
0261000;"City with powiat status Jelenia Góra";68131;33810;32309;1501;27503;6818;55.1;52.7;4.4;31239;17242;16374;868;10410;3587;62.4;59.2;5.0;36892;16568;15935;633;17093;3231;49.2;47.3;3.8;
0262000;"City with powiat status Legnica";81889;42891;40849;2042;31766;7232;57.5;54.7;4.8;37996;22127;21049;1078;12017;3852;64.8;61.6;4.9;43893;20764;19800;964;19749;3380;51.3;48.9;4.6;
0264000;"City with powiat status Wrocław";581393;356167;345939;10228;187494;37732;65.5;63.6;2.9;269381;179879;174387;5492;70487;19015;71.8;69.7;3.1;312012;176288;171552;4736;117007;18717;60.1;58.5;2.7;
0265000;"City with powiat status Wałbrzych since 2013";91951;43008;40714;2294;38643;10300;52.7;49.9;5.3;42662;22559;21375;1184;14582;5521;60.7;57.6;5.2;49289;20449;19339;1110;24061;4779;45.9;43.4;5.4;
0401000;"Powiat aleksandrowski";45996;24268;22682;1586;19514;2214;55.4;51.8;6.5;22059;13267;12399;868;7641;1151;63.5;59.3;6.5;23937;11001;10283;718;11873;1063;48.1;45.0;6.5;
0402000;"Powiat brodnicki";64528;36319;34865;1454;25024;3185;59.2;56.8;4.0;31748;20398;19669;729;9615;1735;68.0;65.5;3.6;32780;15921;15196;725;15409;1450;50.8;48.5;4.6;
0403000;"Powiat bydgoski";100057;59762;57876;1886;35299;4996;62.9;60.9;3.2;49144;32342;31343;999;14097;2705;69.6;67.5;3.1;50913;27420;26533;887;21202;2291;56.4;54.6;3.2;
0404000;"Powiat chełmiński";42098;22026;21150;876;16680;3392;56.9;54.6;4.0;20381;12274;11804;470;6354;1753;65.9;63.4;3.8;21717;9752;9346;406;10326;1639;48.6;46.5;4.2;
0405000;"Powiat golubsko-dobrzyński";36729;20078;19011;1067;15022;1629;57.2;54.2;5.3;18063;11295;10763;532;5919;849;65.6;62.5;4.7;18666;8783;8248;535;9103;780;49.1;46.1;6.1;
0406000;"Powiat grudziądzki";32248;17973;17021;952;12601;1674;58.8;55.7;5.3;16089;10310;9800;510;4924;855;67.7;64.3;4.9;16159;7663;7221;442;7677;819;50.0;47.1;5.8;
0407000;"Powiat inowrocławski";131885;70311;65826;4485;54708;6866;56.2;52.7;6.4;63168;38873;36638;2235;20521;3774;65.4;61.7;5.7;68717;31438;29188;2250;34187;3092;47.9;44.5;7.2;
0408000;"Powiat lipnowski";53143;28012;26100;1912;22782;2349;55.1;51.4;6.8;26182;15867;14871;996;9074;1241;63.6;59.6;6.3;26961;12145;11229;916;13708;1108;47.0;43.4;7.5;
0409000;"Powiat mogileński";37332;20781;19474;1307;15041;1510;58.0;54.4;6.3;18145;11825;11243;582;5498;822;68.3;64.9;4.9;19187;8956;8231;725;9543;688;48.4;44.5;8.1;
0410000;"Powiat nakielski";69734;38332;36422;1910;27643;3759;58.1;55.2;5.0;34181;21603;20591;1012;10574;2004;67.1;64.0;4.7;35553;16729;15831;898;17069;1755;49.5;46.8;5.4;
0411000;"Powiat radziejowski";33267;18101;16891;1210;14380;786;55.7;52.0;6.7;16324;10265;9721;544;5640;419;64.5;61.1;5.3;16943;7836;7170;666;8740;367;47.3;43.3;8.5;
0412000;"Powiat rypiński";35145;19165;18010;1155;14695;1285;56.6;53.2;6.0;17184;10877;10304;573;5596;711;66.0;62.6;5.3;17961;8288;7706;582;9099;574;47.7;44.3;7.0;
0413000;"Powiat sępoleński";32821;17882;16990;892;13120;1819;57.7;54.8;5.0;16225;10149;9705;444;5123;953;66.5;63.5;4.4;16596;7733;7285;448;7997;866;49.2;46.3;5.8;
0414000;"Powiat świecki";80179;43196;41258;1938;31894;5089;57.5;54.9;4.5;39139;24126;23187;939;12341;2672;66.2;63.6;3.9;41040;19070;18071;999;19553;2417;49.4;46.8;5.2;
0415000;"Powiat toruński";90344;52300;50211;2089;33537;4507;60.9;58.5;4.0;44270;28701;27689;1012;13250;2319;68.4;66.0;3.5;46074;23599;22522;1077;20287;2188;53.8;51.3;4.6;
0416000;"Powiat tucholski";39079;21378;20437;941;16109;1592;57.0;54.5;4.4;19332;12068;11586;482;6406;858;65.3;62.7;4.0;19747;9310;8851;459;9703;734;49.0;46.6;4.9;
0417000;"Powiat wąbrzeski";27756;14808;13967;841;11089;1859;57.2;53.9;5.7;13680;8475;8035;440;4234;971;66.7;63.2;5.2;14076;6333;5932;401;6855;888;48.0;45.0;6.3;
0418000;"Powiat włocławski";70591;38632;36307;2325;29726;2233;56.5;53.1;6.0;34735;21855;20597;1258;11705;1175;65.1;61.4;5.8;35856;16777;15710;1067;18021;1058;48.2;45.1;6.4;
0419000;"Powiat żniński";57382;30778;29591;1187;24096;2508;56.1;53.9;3.9;28072;17607;17091;516;9156;1309;65.8;63.9;2.9;29310;13171;12500;671;14940;1199;46.9;44.5;5.1;
0461000;"City with powiat status Bydgoszcz";292026;155019;149713;5306;113795;23212;57.7;55.7;3.4;134688;80426;77625;2801;42155;12107;65.6;63.3;3.5;157338;74593;72088;2505;71640;11105;51.0;49.3;3.4;
0462000;"City with powiat status Grudziądz";77946;38569;36261;2308;32070;7307;54.6;51.3;6.0;36394;20634;19381;1253;11917;3843;63.4;59.5;6.1;41552;17935;16880;1055;20153;3464;47.1;44.3;5.9;
0463000;"City with powiat status Toruń";170868;92009;88317;3692;65152;13707;58.5;56.2;4.0;78272;47022;45129;1893;24321;6929;65.9;63.3;4.0;92596;44987;43188;1799;40831;6778;52.4;50.3;4.0;
0464000;"City with powiat status Włocławek";91286;45609;42377;3232;38689;6988;54.1;50.3;7.1;42079;23998;22302;1696;14366;3715;62.6;58.1;7.1;49207;21611;20075;1536;24323;3273;47.0;43.7;7.1;
0601000;"Powiat bialski";89306;47808;45518;2290;38058;3440;55.7;53.0;4.8;44263;26767;25435;1332;15654;1842;63.1;60.0;5.0;45043;21041;20083;958;22404;1598;48.4;46.2;4.6;
0602000;"Powiat biłgorajski";83661;44385;42571;1814;34430;4846;56.3;54.0;4.1;40831;24627;23592;1035;13834;2370;64.0;61.3;4.2;42830;19758;18979;779;20596;2476;49.0;47.0;3.9;
0603000;"Powiat chełmski";63617;32563;30052;2511;28054;3000;53.7;49.6;7.7;31401;18383;17022;1361;11478;1540;61.6;57.0;7.4;32216;14180;13030;1150;16576;1460;46.1;42.4;8.1;
0604000;"Powiat hrubieszowski";51414;25703;23429;2274;22752;2959;53.0;48.4;8.8;24962;14257;12905;1352;9184;1521;60.8;55.1;9.5;26452;11446;10524;922;13568;1438;45.8;42.1;8.1;
0605000;"Powiat janowski";37560;19829;18673;1156;15854;1877;55.6;52.3;5.8;18515;11051;10371;680;6553;911;62.8;58.9;6.2;19045;8778;8302;476;9301;966;48.6;45.9;5.4;
0606000;"Powiat krasnostawski";53011;26101;24432;1669;24476;2434;51.6;48.3;6.4;25672;14407;13471;936;10006;1259;59.0;55.2;6.5;27339;11694;10961;733;14470;1175;44.7;41.9;6.3;
0607000;"Powiat kraśnicki";78806;40134;37756;2378;33294;5378;54.7;51.4;5.9;37897;21786;20346;1440;13397;2714;61.9;57.8;6.6;40909;18348;17410;938;19897;2664;48.0;45.5;5.1;
0608000;"Powiat lubartowski";72328;39700;37357;2343;29738;2890;57.2;53.8;5.9;35123;21739;20382;1357;11911;1473;64.6;60.6;6.2;37205;17961;16975;986;17827;1417;50.2;47.4;5.5;
0609000;"Powiat lubelski";132909;78131;75684;2447;50461;4317;60.8;58.9;3.1;64587;41793;40381;1412;20498;2296;67.1;64.8;3.4;68322;36338;35303;1035;29963;2021;54.8;53.2;2.8;
0610000;"Powiat łęczyński";46593;25552;24652;900;18896;2145;57.5;55.5;3.5;22667;13868;13391;477;7677;1122;64.4;62.2;3.4;23926;11684;11261;423;11219;1023;51.0;49.2;3.6;
0611000;"Powiat łukowski";84196;47577;45834;1743;34035;2584;58.3;56.2;3.7;41507;26459;25469;990;13611;1437;66.0;63.6;3.7;42689;21118;20365;753;20424;1147;50.8;49.0;3.6;
0612000;"Powiat opolski";48539;25974;24511;1463;20313;2252;56.1;53.0;5.6;23436;14202;13300;902;8099;1135;63.7;59.6;6.4;25103;11772;11211;561;12214;1117;49.1;46.7;4.8;
0613000;"Powiat parczewski";28322;14459;13766;693;12349;1514;53.9;51.4;4.8;13867;7978;7611;367;5073;816;61.1;58.3;4.6;14455;6481;6155;326;7276;698;47.1;44.7;5.0;
0614000;"Powiat puławski";94149;49378;47043;2335;40461;4310;55.0;52.4;4.7;44430;26351;25043;1308;15838;2241;62.5;59.4;5.0;49719;23027;22000;1027;24623;2069;48.3;46.2;4.5;
0615000;"Powiat radzyński";47218;26176;24846;1330;19457;1585;57.4;54.4;5.1;23376;14650;13836;814;7881;845;65.0;61.4;5.6;23842;11526;11010;516;11576;740;49.9;47.7;4.5;
0616000;"Powiat rycki";44680;24123;23204;919;19226;1331;55.6;53.5;3.8;21930;13334;12810;524;7868;728;62.9;60.4;3.9;22750;10789;10394;395;11358;603;48.7;46.9;3.7;
0617000;"Powiat świdnicki";60051;31922;30367;1555;25086;3043;56.0;53.3;4.9;28576;16911;16039;872;10062;1603;62.7;59.5;5.2;31475;15011;14328;683;15024;1440;50.0;47.7;4.5;
0618000;"Powiat tomaszowski";68315;35397;33316;2081;28891;4027;55.1;51.8;5.9;33310;19628;18423;1205;11665;2017;62.7;58.9;6.1;35005;15769;14893;876;17226;2010;47.8;45.1;5.6;
0619000;"Powiat włodawski";31047;15083;14098;985;14205;1759;51.5;48.1;6.5;15192;8343;7795;548;5898;951;58.6;54.7;6.6;15855;6740;6303;437;8307;808;44.8;41.9;6.5;
0620000;"Powiat zamojski";87872;46363;43793;2570;37162;4347;55.5;52.4;5.5;43062;25813;24301;1512;15083;2166;63.1;59.4;5.9;44810;20550;19492;1058;22079;2181;48.2;45.7;5.1;
0661000;"City with powiat status Biała Podlaska";46776;25529;23800;1729;18784;2463;57.6;53.7;6.8;21967;13353;12357;996;7357;1257;64.5;59.7;7.5;24809;12176;11443;733;11427;1206;51.6;48.5;6.0;
0662000;"City with powiat status Chełm";51709;25375;23318;2057;22746;3588;52.7;48.5;8.1;23780;13029;11918;1111;8891;1860;59.4;54.4;8.5;27929;12346;11400;946;13855;1728;47.1;43.5;7.7;
0663000;"City with powiat status Lublin";286219;158356;150753;7603;109971;17892;59.0;56.2;4.8;129656;79072;74746;4326;41514;9070;65.6;62.0;5.5;156563;79284;76007;3277;68457;8822;53.7;51.4;4.1;
0664000;"City with powiat status Zamość";51921;26087;24273;1814;21673;4161;54.6;50.8;7.0;23961;13466;12426;1040;8354;2141;61.7;56.9;7.7;27960;12621;11847;774;13319;2020;48.7;45.7;6.1;
0801000;"Powiat gorzowski";60104;34336;33327;1009;21562;4206;61.4;59.6;2.9;29644;18755;18212;543;8656;2233;68.4;66.4;2.9;30460;15581;15115;466;12906;1973;54.7;53.1;3.0;
0802000;"Powiat krośnieński";45740;23746;22638;1108;18449;3545;56.3;53.7;4.7;22280;13133;12538;595;7344;1803;64.1;61.2;4.5;23460;10613;10100;513;11105;1742;48.9;46.5;4.8;
0803000;"Powiat międzyrzecki";47313;25519;24346;1173;18665;3129;57.8;55.1;4.6;23140;14076;13442;634;7415;1649;65.5;62.5;4.5;24173;11443;10904;539;11250;1480;50.4;48.1;4.7;
0804000;"Powiat nowosolski";70640;36201;34533;1668;28951;5488;55.6;53.0;4.6;34095;19801;18911;890;11364;2930;63.5;60.7;4.5;36545;16400;15622;778;17587;2558;48.3;46.0;4.7;
0805000;"Powiat słubicki";38944;21429;20595;834;14042;3473;60.4;58.1;3.9;18923;11494;11006;488;5563;1866;67.4;64.5;4.2;20021;9935;9589;346;8479;1607;54.0;52.1;3.5;
0806000;"Powiat strzelecko-drezdenecki";40162;21561;20463;1098;16408;2193;56.8;53.9;5.1;19721;12024;11412;612;6560;1137;64.7;61.4;5.1;20441;9537;9051;486;9848;1056;49.2;46.7;5.1;
0807000;"Powiat sulęciński";28548;15506;14890;616;10889;2153;58.7;56.4;4.0;14159;8560;8169;391;4441;1158;65.8;62.8;4.6;14389;6946;6721;225;6448;995;51.9;50.2;3.2;
0808000;"Powiat świebodziński";46040;25081;24261;820;17849;3110;58.4;56.5;3.3;22279;13742;13251;491;6994;1543;66.3;63.9;3.6;23761;11339;11010;329;10855;1567;51.1;49.6;2.9;
0809000;"Powiat zielonogórski";62802;34954;33651;1303;23905;3943;59.4;57.2;3.7;30754;19190;18500;690;9493;2071;66.9;64.5;3.6;32048;15764;15151;613;14412;1872;52.2;50.2;3.9;
0810000;"Powiat żagański";64534;32418;30799;1619;27018;5098;54.5;51.8;5.0;31124;17791;16944;847;10673;2660;62.5;59.5;4.8;33410;14627;13855;772;16345;2438;47.2;44.7;5.3;
0811000;"Powiat żarski";79249;40725;38559;2166;32268;6256;55.8;52.8;5.3;38099;22218;21011;1207;12716;3165;63.6;60.1;5.4;41150;18507;17548;959;19552;3091;48.6;46.1;5.2;
0812000;"Powiat wschowski";31666;16889;16170;719;12775;2002;56.9;54.5;4.3;15428;9448;9083;365;4946;1034;65.6;63.1;3.9;16238;7441;7087;354;7829;968;48.7;46.4;4.8;
0861000;"City with powiat status Gorzów Wielkopolski";102730;54180;52126;2054;38979;9571;58.2;56.0;3.8;47824;28129;27043;1086;14642;5053;65.8;63.2;3.9;54906;26051;25083;968;24337;4518;51.7;49.8;3.7;
0862000;"City with powiat status Zielona Góra";118911;66999;64787;2212;43487;8425;60.6;58.6;3.3;55418;34628;33428;1200;16558;4232;67.7;65.3;3.5;63493;32371;31359;1012;26929;4193;54.6;52.9;3.1;
1001000;"Powiat bełchatowski";91936;52165;50266;1899;36168;3603;59.1;56.9;3.6;44568;28201;27279;922;14406;1961;66.2;64.0;3.3;47368;23964;22987;977;21762;1642;52.4;50.3;4.1;
1002000;"Powiat kutnowski";80574;43296;41491;1805;34188;3090;55.9;53.5;4.2;38227;23494;22501;993;13009;1724;64.4;61.6;4.2;42347;19802;18990;812;21179;1366;48.3;46.3;4.1;
1003000;"Powiat łaski";41921;23887;22985;902;16518;1516;59.1;56.9;3.8;20173;12773;12222;551;6562;838;66.1;63.2;4.3;21748;11114;10763;351;9956;678;52.7;51.1;3.2;
1004000;"Powiat łęczycki";40959;23088;22348;740;16993;878;57.6;55.8;3.2;19731;12560;12113;447;6680;491;65.3;63.0;3.6;21228;10528;10235;293;10313;387;50.5;49.1;2.8;
1005000;"Powiat łowicki";64235;36919;35768;1151;25634;1682;59.0;57.2;3.1;30791;19846;19156;690;10043;902;66.4;64.1;3.5;33444;17073;16612;461;15591;780;52.3;50.9;2.7;
1006000;"Powiat łódzki wschodni";61623;36465;35304;1161;23376;1782;60.9;59.0;3.2;29293;19013;18335;678;9319;961;67.1;64.7;3.6;32330;17452;16969;483;14057;821;55.4;53.9;2.8;
1007000;"Powiat opoczyński";61384;34010;32594;1416;26007;1367;56.7;54.3;4.2;30204;18965;18180;785;10494;745;64.4;61.7;4.1;31180;15045;14414;631;15513;622;49.2;47.2;4.2;
1008000;"Powiat pabianicki";102368;57334;54916;2418;39903;5131;59.0;56.5;4.2;47561;29679;28315;1364;15091;2791;66.3;63.2;4.6;54807;27655;26601;1054;24812;2340;52.7;50.7;3.8;
1009000;"Powiat pajęczański";42116;23690;22730;960;17270;1156;57.8;55.5;4.1;20739;13344;12803;541;6775;620;66.3;63.6;4.1;21377;10346;9927;419;10495;536;49.6;47.6;4.0;
1010000;"Powiat piotrkowski";75631;42970;41558;1412;30585;2076;58.4;56.5;3.3;37046;23665;22833;832;12257;1124;65.9;63.6;3.5;38585;19305;18725;580;18328;952;51.3;49.8;3.0;
1011000;"Powiat poddębicki";33915;19522;18750;772;13667;726;58.8;56.5;4.0;16573;10756;10274;482;5399;418;66.6;63.6;4.5;17342;8766;8476;290;8268;308;51.5;49.8;3.3;
1012000;"Powiat radomszczański";93590;49939;47680;2259;39964;3687;55.5;53.0;4.5;45457;27664;26477;1187;15773;2020;63.7;61.0;4.3;48133;22275;21203;1072;24191;1667;47.9;45.6;4.8;
1013000;"Powiat rawski";39483;23525;22836;689;15030;928;61.0;59.2;2.9;19198;12747;12328;419;5923;528;68.3;66.0;3.3;20285;10778;10508;270;9107;400;54.2;52.8;2.5;
1014000;"Powiat sieradzki";96482;55886;53892;1994;37691;2905;59.7;57.6;3.6;46605;30284;29152;1132;14759;1562;67.2;64.7;3.7;49877;25602;24740;862;22932;1343;52.8;51.0;3.4;
1015000;"Powiat skierniewicki";31490;18673;18283;390;12321;496;60.2;59.0;2.1;15500;10195;9979;216;5022;283;67.0;65.6;2.1;15990;8478;8304;174;7299;213;53.7;52.6;2.1;
1016000;"Powiat tomaszowski";95670;51574;49328;2246;40469;3627;56.0;53.6;4.4;45200;27635;26296;1339;15611;1954;63.9;60.8;4.8;50470;23939;23032;907;24858;1673;49.1;47.2;3.8;
1017000;"Powiat wieluński";62749;35464;34353;1111;25119;2166;58.5;56.7;3.1;30400;19582;19006;576;9734;1084;66.8;64.8;2.9;32349;15882;15347;535;15385;1082;50.8;49.1;3.4;
1018000;"Powiat wieruszowski";35161;21282;20859;423;13021;858;62.0;60.8;2.0;17305;11865;11624;241;5000;440;70.4;68.9;2.0;17856;9417;9235;182;8021;418;54.0;53.0;1.9;
1019000;"Powiat zduńskowolski";54673;30130;28675;1455;22156;2387;57.6;54.8;4.8;26153;16179;15399;780;8642;1332;65.2;62.0;4.8;28520;13951;13276;675;13514;1055;50.8;48.3;4.8;
1020000;"Powiat zgierski";142094;81287;78076;3211;55081;5726;59.6;57.3;4.0;66917;42188;40388;1800;21524;3205;66.2;63.4;4.3;75177;39099;37688;1411;33557;2521;53.8;51.9;3.6;
1021000;"Powiat brzeziński";25695;14940;14333;607;10050;705;59.8;57.4;4.1;12284;7942;7553;389;3963;379;66.7;63.4;4.9;13411;6998;6780;218;6087;326;53.5;51.8;3.1;
1061000;"City with powiat status Łódź";587167;323965;308712;15253;230240;32962;58.5;55.7;4.7;262692;162042;153348;8694;83186;17464;66.1;62.5;5.4;324475;161923;155364;6559;147054;15498;52.4;50.3;4.1;
1062000;"City with powiat status Piotrków Trybunalski";59179;30932;29629;1303;25177;3070;55.1;52.8;4.2;27218;16018;15284;734;9469;1731;62.8;60.0;4.6;31961;14914;14345;569;15708;1339;48.7;46.8;3.8;
1063000;"City with powiat status Skierniewice";39182;22211;21479;732;15514;1457;58.9;56.9;3.3;18387;11488;11104;384;6059;840;65.5;63.3;3.3;20795;10723;10375;348;9455;617;53.1;51.4;3.2;
1201000;"Powiat bocheński";87192;51638;50188;1450;31705;3849;62.0;60.2;2.8;42638;27915;27138;777;12793;1930;68.6;66.7;2.8;44554;23723;23050;673;18912;1919;55.6;54.1;2.8;
1202000;"Powiat brzeski";76358;44240;42636;1604;27464;4654;61.7;59.5;3.6;37482;24309;23516;793;10901;2272;69.0;66.8;3.3;38876;19931;19120;811;16563;2382;54.6;52.4;4.1;
1203000;"Powiat chrzanowski";104266;53736;51197;2539;45230;5300;54.3;51.7;4.7;49838;28563;27207;1356;18591;2684;60.6;57.7;4.7;54428;25173;23990;1183;26639;2616;48.6;46.3;4.7;
1204000;"Powiat dąbrowski";49154;25866;24395;1471;18800;4488;57.9;54.6;5.7;24185;14346;13562;784;7564;2275;65.5;61.9;5.5;24969;11520;10833;687;11236;2213;50.6;47.6;6.0;
1205000;"Powiat gorlicki";88713;47709;45629;2080;36761;4243;56.5;54.0;4.4;43554;26546;25530;1016;14896;2112;64.1;61.6;3.8;45159;21163;20099;1064;21865;2131;49.2;46.7;5.0;
1206000;"Powiat krakowski";242911;149524;145209;4315;85769;7618;63.5;61.7;2.9;117721;78712;76272;2440;34999;4010;69.2;67.1;3.1;125190;70812;68937;1875;50770;3608;58.2;56.7;2.6;
1207000;"Powiat limanowski";104704;62558;60226;2332;37991;4155;62.2;59.9;3.7;51920;34570;33426;1144;15355;1995;69.2;67.0;3.3;52784;27988;26800;1188;22636;2160;55.3;52.9;4.2;
1208000;"Powiat miechowski";40604;22390;21805;585;17067;1147;56.7;55.3;2.6;19863;12134;11797;337;7109;620;63.1;61.3;2.8;20741;10256;10008;248;9958;527;50.7;49.5;2.4;
1209000;"Powiat myślenicki";104853;64689;62964;1725;36369;3795;64.0;62.3;2.7;51480;34796;33828;968;14784;1900;70.2;68.2;2.8;53373;29893;29136;757;21585;1895;58.1;56.6;2.5;
1210000;"Powiat nowosądecki";171942;99718;95932;3786;64644;7580;60.7;58.4;3.8;85023;55529;53644;1885;25792;3702;68.3;66.0;3.4;86919;44189;42288;1901;38852;3878;53.2;50.9;4.3;
1211000;"Powiat nowotarski";157332;86138;82713;3425;54402;16792;61.3;58.9;4.0;76229;46581;44529;2052;21505;8143;68.4;65.4;4.4;81103;39557;38184;1373;32897;8649;54.6;52.7;3.5;
1212000;"Powiat olkuski";92898;50372;48147;2225;39173;3353;56.3;53.8;4.4;44599;26834;25597;1237;16027;1738;62.6;59.7;4.6;48299;23538;22550;988;23146;1615;50.4;48.3;4.2;
1213000;"Powiat oświęcimski";127715;68466;66163;2303;53475;5774;56.1;54.3;3.4;61308;36462;35304;1158;21854;2992;62.5;60.5;3.2;66407;32004;30859;1145;31621;2782;50.3;48.5;3.6;
1214000;"Powiat proszowicki";36161;21087;20557;530;13719;1355;60.6;59.1;2.5;17765;11480;11163;317;5570;715;67.3;65.5;2.8;18396;9607;9394;213;8149;640;54.1;52.9;2.2;
1215000;"Powiat suski";69041;39527;38218;1309;26980;2534;59.4;57.5;3.3;33824;21574;20811;763;11039;1211;66.2;63.8;3.5;35217;17953;17407;546;15941;1323;53.0;51.4;3.0;
1216000;"Powiat tarnowski";164967;92773;89141;3632;61465;10729;60.1;57.8;3.9;81301;51393;49518;1875;24584;5324;67.6;65.2;3.6;83666;41380;39623;1757;36881;5405;52.9;50.6;4.2;
1217000;"Powiat tatrzański";55976;30300;28750;1550;19836;5840;60.4;57.3;5.1;26643;15759;14795;964;7991;2893;66.4;62.3;6.1;29333;14541;13955;586;11845;2947;55.1;52.9;4.0;
1218000;"Powiat wadowicki";131377;75915;73013;2902;50463;4999;60.1;57.8;3.8;63855;41125;39579;1546;20174;2556;67.1;64.6;3.8;67522;34790;33434;1356;30289;2443;53.5;51.4;3.9;
1219000;"Powiat wielicki";112342;70766;68536;2230;37296;4280;65.5;63.4;3.2;54397;37202;36010;1192;14972;2223;71.3;69.0;3.2;57945;33564;32526;1038;22324;2057;60.1;58.2;3.1;
1261000;"City with powiat status Kraków";689992;421479;407738;13741;230751;37762;64.6;62.5;3.3;317137;209980;202605;7375;88071;19086;70.5;68.0;3.5;372855;211499;205133;6366;142680;18676;59.7;57.9;3.0;
1262000;"City with powiat status Nowy Sącz";68296;36150;34599;1551;26774;5372;57.5;55.0;4.3;32151;19021;18241;780;10448;2682;64.5;61.9;4.1;36145;17129;16358;771;16326;2690;51.2;48.9;4.5;
1263000;"City with powiat status Tarnów";92440;45850;43474;2376;37380;9210;55.1;52.2;5.2;42937;24233;23031;1202;13954;4750;63.5;60.3;5.0;49503;21617;20443;1174;23426;4460;48.0;45.4;5.4;
1401000;"Powiat białobrzeski";27133;16496;15870;626;10091;546;62.0;59.7;3.8;13559;9208;8794;414;4044;307;69.5;66.4;4.5;13574;7288;7076;212;6047;239;54.7;53.1;2.9;
1402000;"Powiat ciechanowski";73086;42011;39878;2133;28713;2362;59.4;56.4;5.1;35665;23038;21820;1218;11222;1405;67.2;63.7;5.3;37421;18973;18058;915;17491;957;52.0;49.5;4.8;
1403000;"Powiat garwoliński";86419;52496;50491;2005;32352;1571;61.9;59.5;3.8;42555;28727;27428;1299;12977;851;68.9;65.8;4.5;43864;23769;23063;706;19375;720;55.1;53.5;3.0;
1404000;"Powiat gostyniński";37128;19813;18592;1221;15816;1499;55.6;52.2;6.2;17847;10866;10142;724;6166;815;63.8;59.5;6.7;19281;8947;8450;497;9650;684;48.1;45.4;5.6;
1405000;"Powiat grodziski";82877;51133;49804;1329;28900;2844;63.9;62.2;2.6;39263;26197;25420;777;11457;1609;69.6;67.5;3.0;43614;24936;24384;552;17443;1235;58.8;57.5;2.2;
1406000;"Powiat grójecki";81860;50162;49208;954;29727;1971;62.8;61.6;1.9;39876;26887;26340;547;11787;1202;69.5;68.1;2.0;41984;23275;22868;407;17940;769;56.5;55.5;1.7;
1407000;"Powiat kozienicki";49407;26865;25539;1326;21187;1355;55.9;53.1;4.9;24179;14884;14144;740;8511;784;63.6;60.5;5.0;25228;11981;11395;586;12676;571;48.6;46.2;4.9;
1408000;"Powiat legionowski";103672;64675;62390;2285;35737;3260;64.4;62.1;3.5;49385;33216;31906;1310;14338;1831;69.8;67.1;3.9;54287;31459;30484;975;21399;1429;59.5;57.7;3.1;
1409000;"Powiat lipski";27732;14884;13891;993;12095;753;55.2;51.5;6.7;13657;8376;7750;626;4895;386;63.1;58.4;7.5;14075;6508;6141;367;7200;367;47.5;44.8;5.6;
1410000;"Powiat łosicki";24926;13825;13388;437;10591;510;56.6;54.8;3.2;12360;7744;7474;270;4326;290;64.2;61.9;3.5;12566;6081;5914;167;6265;220;49.3;47.9;2.7;
1411000;"Powiat makowski";35946;19584;18562;1022;15104;1258;56.5;53.5;5.2;17828;10974;10325;649;6158;696;64.1;60.3;5.9;18118;8610;8237;373;8946;562;49.0;46.9;4.3;
1412000;"Powiat miński";129521;79357;76687;2670;47131;3033;62.7;60.6;3.4;62554;41780;40206;1574;19045;1729;68.7;66.1;3.8;66967;37577;36481;1096;28086;1304;57.2;55.6;2.9;
1413000;"Powiat mławski";58911;33362;31962;1400;23106;2443;59.1;56.6;4.2;28726;18535;17736;799;8819;1372;67.8;64.8;4.3;30185;14827;14226;601;14287;1071;50.9;48.9;4.1;
1414000;"Powiat nowodworski";66845;40558;39036;1522;23964;2323;62.9;60.5;3.8;32276;21532;20638;894;9392;1352;69.6;66.7;4.2;34569;19026;18398;628;14572;971;56.6;54.8;3.3;
1415000;"Powiat ostrołęcki";71675;41160;39391;1769;27338;3177;60.1;57.5;4.3;36230;23407;22408;999;11198;1625;67.6;64.8;4.3;35445;17753;16983;770;16140;1552;52.4;50.1;4.3;
1416000;"Powiat ostrowski";59003;32785;31585;1200;24255;1963;57.5;55.4;3.7;28913;18087;17369;718;9802;1024;64.9;62.3;4.0;30090;14698;14216;482;14453;939;50.4;48.8;3.3;
1417000;"Powiat otwocki";104557;62794;60681;2113;38409;3354;62.0;60.0;3.4;49482;32467;31186;1281;15151;1864;68.2;65.5;3.9;55075;30327;29495;832;23258;1490;56.6;55.0;2.7;
1418000;"Powiat piaseczyński";167531;107801;104807;2994;54620;5110;66.4;64.5;2.8;79422;54712;52979;1733;21973;2737;71.3;69.1;3.2;88109;53089;51828;1261;32647;2373;61.9;60.5;2.4;
1419000;"Powiat płocki";92015;52883;50351;2532;36593;2539;59.1;56.3;4.8;45427;29768;28476;1292;14165;1494;67.8;64.8;4.3;46588;23115;21875;1240;22428;1045;50.8;48.0;5.4;
1420000;"Powiat płoński";71682;41667;39565;2102;28188;1827;59.6;56.6;5.0;34979;22883;21694;1189;11013;1083;67.5;64.0;5.2;36703;18784;17871;913;17175;744;52.2;49.7;4.9;
1421000;"Powiat pruszkowski";145052;90569;88119;2450;49453;5030;64.7;62.9;2.7;68048;45960;44572;1388;19334;2754;70.4;68.3;3.0;77004;44609;43547;1062;30119;2276;59.7;58.3;2.4;
1422000;"Powiat przasnyski";41593;23222;22046;1176;16958;1413;57.8;54.9;5.1;20567;13093;12416;677;6658;816;66.3;62.9;5.2;21026;10129;9630;499;10300;597;49.6;47.1;4.9;
1423000;"Powiat przysuski";33685;17905;16897;1008;14935;845;54.5;51.5;5.6;16587;10073;9458;615;6063;451;62.4;58.6;6.1;17098;7832;7439;393;8872;394;46.9;44.5;5.0;
1424000;"Powiat pułtuski";42312;24374;23209;1165;16727;1211;59.3;56.5;4.8;20696;13151;12443;708;6819;726;65.9;62.3;5.4;21616;11223;10766;457;9908;485;53.1;50.9;4.1;
1425000;"Powiat radomski";124683;69881;64590;5291;50130;4672;58.2;53.8;7.6;61467;38831;35725;3106;20084;2552;65.9;60.6;8.0;63216;31050;28865;2185;30046;2120;50.8;47.2;7.0;
1426000;"Powiat siedlecki";66262;39009;37993;1016;25735;1518;60.3;58.7;2.6;33094;21644;21067;577;10610;840;67.1;65.3;2.7;33168;17365;16926;439;15125;678;53.4;52.1;2.5;
1427000;"Powiat sierpecki";41736;22683;21312;1371;17607;1446;56.3;52.9;6.0;20489;12890;12142;748;6736;863;65.7;61.9;5.8;21247;9793;9170;623;10871;583;47.4;44.4;6.4;
1428000;"Powiat sochaczewski";70099;41995;40650;1345;26352;1752;61.4;59.5;3.2;33828;22438;21622;816;10367;1023;68.4;65.9;3.6;36271;19557;19028;529;15985;729;55.0;53.5;2.7;
1429000;"Powiat sokołowski";43728;24783;23923;860;17929;1016;58.0;56.0;3.5;21513;13705;13183;522;7248;560;65.4;62.9;3.8;22215;11078;10740;338;10681;456;50.9;49.4;3.1;
1430000;"Powiat szydłowiecki";32227;16913;14925;1988;13797;1517;55.1;48.6;11.8;15928;9597;8384;1213;5507;824;63.5;55.5;12.6;16299;7316;6541;775;8290;693;46.9;41.9;10.6;
1432000;"Powiat warszawski zachodni";105864;67072;65508;1564;35948;2844;65.1;63.6;2.3;50506;34564;33681;883;14422;1520;70.6;68.8;2.6;55358;32508;31827;681;21526;1324;60.2;58.9;2.1;
1433000;"Powiat węgrowski";52726;30346;29176;1170;21247;1133;58.8;56.6;3.9;26070;16878;16141;737;8535;657;66.4;63.5;4.4;26656;13468;13035;433;12712;476;51.4;49.8;3.2;
1434000;"Powiat wołomiński";215450;138691;133487;5204;70401;6358;66.3;63.8;3.8;103119;71301;68161;3140;28238;3580;71.6;68.5;4.4;112331;67390;65326;2064;42163;2778;61.5;59.6;3.1;
1435000;"Powiat wyszkowski";60667;36287;35025;1262;22724;1656;61.5;59.4;3.5;29779;19785;19037;748;9022;972;68.7;66.1;3.8;30888;16502;15988;514;13702;684;54.6;52.9;3.1;
1436000;"Powiat zwoleński";29370;16335;15249;1086;12160;875;57.3;53.5;6.6;14507;9151;8472;679;4885;471;65.2;60.4;7.4;14863;7184;6777;407;7275;404;49.7;46.9;5.7;
1437000;"Powiat żuromiński";30870;17229;16114;1115;12912;729;57.2;53.5;6.5;15145;9652;9048;604;5095;398;65.5;61.4;6.3;15725;7577;7066;511;7817;331;49.2;45.9;6.7;
1438000;"Powiat żyrardowski";63617;37048;35447;1601;24458;2111;60.2;57.6;4.3;30114;19213;18230;983;9667;1234;66.5;63.1;5.1;33503;17835;17217;618;14791;877;54.7;52.8;3.5;
1461000;"City with powiat status Ostrołęka";42203;21909;20445;1464;17202;3092;56.0;52.3;6.7;19777;11475;10724;751;6685;1617;63.2;59.1;6.5;22426;10434;9721;713;10517;1475;49.8;46.4;6.8;
1462000;"City with powiat status Płock";98538;52551;49657;2894;40283;5704;56.6;53.5;5.5;45559;27373;26044;1329;14968;3218;64.6;61.5;4.9;52979;25178;23613;1565;25315;2486;49.9;46.8;6.2;
1463000;"City with powiat status Radom";172748;90165;83148;7017;71871;10712;55.6;51.3;7.8;80623;47656;43717;3939;27049;5918;63.8;58.5;8.3;92125;42509;39431;3078;44822;4794;48.7;45.2;7.2;
1464000;"City with powiat status Siedlce";63455;36067;34800;1267;24458;2930;59.6;57.5;3.5;29541;18581;17911;670;9389;1571;66.4;64.0;3.6;33914;17486;16889;597;15069;1359;53.7;51.9;3.4;
1465000;"City with powiat status Capital City Warszawa";1575790;993295;965329;27966;513115;69380;65.9;64.1;2.8;711916;484497;469166;15331;191759;35660;71.6;69.4;3.2;863874;508798;496163;12635;321356;33720;61.3;59.8;2.5;
1601000;"Powiat brzeski";74667;40506;38639;1867;28161;6000;59.0;56.3;4.6;36043;22117;21126;991;10865;3061;67.1;64.1;4.5;38624;18389;17513;876;17296;2939;51.5;49.1;4.8;
1602000;"Powiat głubczycki";38092;18736;17793;943;16114;3242;53.8;51.1;5.0;18600;10572;10027;545;6273;1755;62.8;59.5;5.2;19492;8164;7766;398;9841;1487;45.3;43.1;4.9;
1603000;"Powiat kędzierzyńsko-kozielski";77320;39163;37463;1700;29784;8373;56.8;54.3;4.3;36785;21472;20582;890;11237;4076;65.6;62.9;4.1;40535;17691;16881;810;18547;4297;48.8;46.6;4.6;
1604000;"Powiat kluczborski";54278;28370;27187;1183;20594;5314;57.9;55.5;4.2;26208;15900;15297;603;7688;2620;67.4;64.9;3.8;28070;12470;11890;580;12906;2694;49.1;46.9;4.7;
1605000;"Powiat krapkowicki";52211;27150;26272;878;18723;6338;59.2;57.3;3.2;25047;15107;14688;419;6845;3095;68.8;66.9;2.8;27164;12043;11584;459;11878;3243;50.3;48.4;3.8;
1606000;"Powiat namysłowski";35725;19718;18941;777;13651;2356;59.1;56.8;3.9;17248;10895;10498;397;5150;1203;67.9;65.4;3.6;18477;8823;8443;380;8501;1153;50.9;48.7;4.3;
1607000;"Powiat nyski";114022;57444;54463;2981;46288;10290;55.4;52.5;5.2;54912;31677;30007;1670;17913;5322;63.9;60.5;5.3;59110;25767;24456;1311;28375;4968;47.6;45.2;5.1;
1608000;"Powiat oleski";53429;28198;27497;701;19778;5453;58.8;57.3;2.5;25712;15624;15275;349;7511;2577;67.5;66.0;2.2;27717;12574;12222;352;12267;2876;50.6;49.2;2.8;
1609000;"Powiat opolski";103476;55924;54311;1613;35175;12377;61.4;59.6;2.9;49964;30630;29790;840;13314;6020;69.7;67.8;2.7;53512;25294;24521;773;21861;6357;53.6;52.0;3.1;
1610000;"Powiat prudnicki";45459;23627;22483;1144;17591;4241;57.3;54.5;4.8;21653;13009;12391;618;6544;2100;66.5;63.4;4.8;23806;10618;10092;526;11047;2141;49.0;46.6;5.0;
1611000;"Powiat strzelecki";61872;31988;31029;959;22334;7550;58.9;57.1;3.0;30001;17748;17253;495;8510;3743;67.6;65.7;2.8;31871;14240;13776;464;13824;3807;50.7;49.1;3.3;
1661000;"City with powiat status Opole";109897;62370;60273;2097;38308;9219;61.9;59.9;3.4;50652;31912;30777;1135;14261;4479;69.1;66.7;3.6;59245;30458;29496;962;24047;4740;55.9;54.1;3.2;
1801000;"Powiat bieszczadzki";17953;8993;8348;645;7525;1435;54.4;50.5;7.2;8815;4892;4500;392;3204;719;60.4;55.6;8.0;9138;4101;3848;253;4321;716;48.7;45.7;6.2;
1802000;"Powiat brzozowski";53644;27159;25028;2131;23566;2919;53.5;49.3;7.8;26286;15125;13927;1198;9702;1459;60.9;56.1;7.9;27358;12034;11101;933;13864;1460;46.5;42.9;7.8;
1803000;"Powiat dębicki";111390;60722;57911;2811;43215;7453;58.4;55.7;4.6;54633;34083;32690;1393;16851;3699;66.9;64.2;4.1;56757;26639;25221;1418;26364;3754;50.3;47.6;5.3;
1804000;"Powiat jarosławski";99308;52367;48440;3927;40900;6041;56.1;51.9;7.5;48069;29048;26871;2177;16094;2927;64.3;59.5;7.5;51239;23319;21569;1750;24806;3114;48.5;44.8;7.5;
1805000;"Powiat jasielski";94249;47900;43957;3943;40347;6002;54.3;49.8;8.2;45892;26745;24692;2053;16137;3010;62.4;57.6;7.7;48357;21155;19265;1890;24210;2992;46.6;42.5;8.9;
1806000;"Powiat kolbuszowski";51892;27003;25482;1521;19925;4964;57.5;54.3;5.6;25642;15016;14188;828;8313;2313;64.4;60.8;5.5;26250;11987;11294;693;11612;2651;50.8;47.9;5.8;
1807000;"Powiat krośnieński";92174;48408;46073;2335;39457;4309;55.1;52.4;4.8;45076;27103;25905;1198;15879;2094;63.1;60.3;4.4;47098;21305;20168;1137;23578;2215;47.5;44.9;5.3;
1808000;"Powiat leżajski";57206;28996;26723;2273;23311;4899;55.4;51.1;7.8;28061;16122;14851;1271;9539;2400;62.8;57.9;7.9;29145;12874;11872;1002;13772;2499;48.3;44.6;7.8;
1809000;"Powiat lubaczowski";45890;23811;22272;1539;19018;3061;55.6;52.0;6.5;22675;13289;12380;909;7904;1482;62.7;58.4;6.8;23215;10522;9892;630;11114;1579;48.6;45.7;6.0;
1810000;"Powiat łańcucki";66854;37474;35213;2261;26759;2621;58.3;54.8;6.0;32554;20390;19123;1267;10894;1270;65.2;61.1;6.2;34300;17084;16090;994;15865;1351;51.8;48.8;5.8;
1811000;"Powiat mielecki";112330;63306;60778;2528;41428;7596;60.4;58.0;4.0;54780;34799;33427;1372;16256;3725;68.2;65.5;3.9;57550;28507;27351;1156;25172;3871;53.1;51.0;4.1;
1812000;"Powiat niżański";55297;27767;25553;2214;22203;5327;55.6;51.1;8.0;27151;15655;14414;1241;8843;2653;63.9;58.8;7.9;28146;12112;11139;973;13360;2674;47.6;43.7;8.0;
1813000;"Powiat przemyski";60237;32171;29602;2569;24820;3246;56.4;51.9;8.0;30025;17902;16407;1495;10480;1643;63.1;57.8;8.4;30212;14269;13195;1074;14340;1603;49.9;46.1;7.5;
1814000;"Powiat przeworski";64381;34721;32530;2191;27047;2613;56.2;52.7;6.3;31437;19344;18230;1114;10826;1267;64.1;60.4;5.8;32944;15377;14300;1077;16221;1346;48.7;45.3;7.0;
1815000;"Powiat ropczycko-sędziszowski";60869;33897;31852;2045;23940;3032;58.6;55.1;6.0;29882;18839;17748;1091;9593;1450;66.3;62.4;5.8;30987;15058;14104;954;14347;1582;51.2;48.0;6.3;
1816000;"Powiat rzeszowski";141772;82271;78231;4040;53166;6335;60.7;57.8;4.9;69423;44475;42194;2281;21802;3146;67.1;63.7;5.1;72349;37796;36037;1759;31364;3189;54.7;52.1;4.7;
1817000;"Powiat sanocki";77519;39248;37391;1857;32283;5988;54.9;52.3;4.7;37575;21391;20328;1063;13159;3025;61.9;58.8;5.0;39944;17857;17063;794;19124;2963;48.3;46.1;4.4;
1818000;"Powiat stalowowolski";88588;42778;40667;2111;36512;9298;54.0;51.3;4.9;42625;23592;22472;1120;14468;4565;62.0;59.0;4.7;45963;19186;18195;991;22044;4733;46.5;44.1;5.2;
1819000;"Powiat strzyżowski";50850;27348;25337;2011;20785;2717;56.8;52.6;7.4;25069;15386;14211;1175;8429;1254;64.6;59.7;7.6;25781;11962;11126;836;12356;1463;49.2;45.8;7.0;
1820000;"Powiat tarnobrzeski";44211;22763;21556;1207;18204;3244;55.6;52.6;5.3;21490;12583;11933;650;7339;1568;63.2;59.9;5.2;22721;10180;9623;557;10865;1676;48.4;45.7;5.5;
1821000;"Powiat leski";22132;11472;10527;945;9183;1477;55.5;51.0;8.2;10859;6312;5729;583;3860;687;62.1;56.3;9.2;11273;5160;4798;362;5323;790;49.2;45.8;7.0;
1861000;"City with powiat status Krosno";38698;19212;18202;1010;16608;2878;53.6;50.8;5.3;17958;10158;9609;549;6375;1425;61.4;58.1;5.4;20740;9054;8593;461;10233;1453;46.9;44.6;5.1;
1862000;"City with powiat status Przemyśl";50610;24064;21574;2490;22057;4489;52.2;46.8;10.3;23281;12456;11100;1356;8521;2304;59.4;52.9;10.9;27329;11608;10474;1134;13536;2185;46.2;41.7;9.8;
1863000;"City with powiat status Rzeszów";163811;95724;90672;5052;58517;9570;62.1;58.8;5.3;76649;49276;46569;2707;22687;4686;68.5;64.7;5.5;87162;46448;44103;2345;35830;4884;56.5;53.6;5.0;
1864000;"City with powiat status Tarnobrzeg";39143;19571;18460;1111;16567;3005;54.2;51.1;5.7;18397;10301;9709;592;6596;1500;61.0;57.5;5.7;20746;9270;8751;519;9971;1505;48.2;45.5;5.6;
2001000;"Powiat augustowski";47538;24864;23645;1219;18462;4212;57.4;54.6;4.9;23000;13737;13013;724;7244;2019;65.5;62.0;5.3;24538;11127;10632;495;11218;2193;49.8;47.6;4.4;
2002000;"Powiat białostocki";127761;71010;67616;3394;47522;9229;59.9;57.0;4.8;62489;38372;36288;2084;19396;4721;66.4;62.8;5.4;65272;32638;31328;1310;28126;4508;53.7;51.6;4.0;
2003000;"Powiat bielski";44822;23702;22886;816;18855;2265;55.7;53.8;3.4;21843;13215;12760;455;7513;1115;63.8;61.6;3.4;22979;10487;10126;361;11342;1150;48.0;46.4;3.4;
2004000;"Powiat grajewski";38437;19297;18189;1108;15160;3980;56.0;52.8;5.7;18795;10838;10235;603;5959;1998;64.5;60.9;5.6;19642;8459;7954;505;9201;1982;47.9;45.0;6.0;
2005000;"Powiat hajnowski";35392;16995;16031;964;16615;1782;50.6;47.7;5.7;16989;9349;8735;614;6709;931;58.2;54.4;6.6;18403;7646;7296;350;9906;851;43.6;41.6;4.6;
2006000;"Powiat kolneński";30689;16111;15129;982;11762;2816;57.8;54.3;6.1;15293;9117;8500;617;4749;1427;65.8;61.3;6.8;15396;6994;6629;365;7013;1389;49.9;47.3;5.2;
2007000;"Powiat łomżyński";41615;22512;21694;818;15578;3525;59.1;57.0;3.6;20945;12788;12341;447;6388;1769;66.7;64.4;3.5;20670;9724;9353;371;9190;1756;51.4;49.5;3.8;
2008000;"Powiat moniecki";32922;16420;15825;595;12721;3781;56.3;54.3;3.6;16222;9286;8929;357;5139;1797;64.4;61.9;3.8;16700;7134;6896;238;7582;1984;48.5;46.9;3.3;
2009000;"Powiat sejneński";16462;8760;8186;574;6763;939;56.4;52.7;6.6;8113;4882;4508;374;2785;446;63.7;58.8;7.7;8349;3878;3678;200;3978;493;49.4;46.8;5.2;
2010000;"Powiat siemiatycki";36400;18900;18221;679;15125;2375;55.5;53.6;3.6;17773;10506;10104;402;6130;1137;63.2;60.7;3.8;18627;8394;8117;277;8995;1238;48.3;46.7;3.3;
2011000;"Powiat sokólski";54511;28018;26568;1450;22079;4414;55.9;53.0;5.2;26794;15804;14930;874;8805;2185;64.2;60.7;5.5;27717;12214;11638;576;13274;2229;47.9;45.7;4.7;
2012000;"Powiat suwalski";29003;16502;15971;531;11106;1395;59.8;57.8;3.2;14795;9481;9180;301;4607;707;67.3;65.2;3.2;14208;7021;6791;230;6499;688;51.9;50.2;3.3;
2013000;"Powiat wysokomazowiecki";45950;25537;24637;900;17659;2754;59.1;57.0;3.5;23003;14417;13845;572;7202;1384;66.7;64.0;4.0;22947;11120;10792;328;10457;1370;51.5;50.0;2.9;
2014000;"Powiat zambrowski";35624;19104;18167;937;13479;3041;58.6;55.8;4.9;17557;10731;10193;538;5272;1554;67.1;63.7;5.0;18067;8373;7974;399;8207;1487;50.5;48.1;4.8;
2061000;"City with powiat status Białystok";250073;139839;133296;6543;91427;18807;60.5;57.6;4.7;115302;71367;67456;3911;34553;9382;67.4;63.7;5.5;134771;68472;65840;2632;56874;9425;54.6;52.5;3.8;
2062000;"City with powiat status Łomża";51835;26375;25070;1305;20097;5363;56.8;53.9;4.9;24395;13898;13180;718;7733;2764;64.3;60.9;5.2;27440;12477;11890;587;12364;2599;50.2;47.9;4.7;
2063000;"City with powiat status Suwałki";57989;31654;30234;1420;21240;5095;59.8;57.2;4.5;27355;16439;15656;783;8290;2626;66.5;63.3;4.8;30634;15215;14578;637;12950;2469;54.0;51.8;4.2;
2201000;"Powiat bytowski";63209;35077;33547;1530;23671;4461;59.7;57.1;4.4;31218;19883;19131;752;9157;2178;68.5;65.9;3.8;31991;15194;14416;778;14514;2283;51.1;48.5;5.1;
2202000;"Powiat chojnicki";78820;43068;41334;1734;30880;4872;58.2;55.9;4.0;38456;24107;23282;825;11786;2563;67.2;64.9;3.4;40364;18961;18052;909;19094;2309;49.8;47.4;4.8;
2203000;"Powiat człuchowski";45439;22945;21710;1235;18843;3651;54.9;52.0;5.4;22258;12939;12298;641;7357;1962;63.8;60.6;5.0;23181;10006;9412;594;11486;1689;46.6;43.8;5.9;
2204000;"Powiat gdański";101415;63018;60876;2142;32583;5814;65.9;63.7;3.4;49551;33562;32463;1099;12873;3116;72.3;69.9;3.3;51864;29456;28413;1043;19710;2698;59.9;57.8;3.5;
2205000;"Powiat kartuski";114040;71635;69802;1833;38193;4212;65.2;63.6;2.6;56376;39639;38700;939;14505;2232;73.2;71.5;2.4;57664;31996;31102;894;23688;1980;57.5;55.9;2.8;
2206000;"Powiat kościerski";58341;33321;32007;1314;22106;2914;60.1;57.7;3.9;28842;18750;18063;687;8570;1522;68.6;66.1;3.7;29499;14571;13944;627;13536;1392;51.8;49.6;4.3;
2207000;"Powiat kwidzyński";67536;35706;34229;1477;25545;6285;58.3;55.9;4.1;33076;19499;18757;742;10196;3381;65.7;63.2;3.8;34460;16207;15472;735;15349;2904;51.4;49.0;4.5;
2208000;"Powiat lęborski";53258;27664;26034;1630;21464;4130;56.3;53.0;5.9;25876;15313;14500;813;8390;2173;64.6;61.2;5.3;27382;12351;11534;817;13074;1957;48.6;45.4;6.6;
2209000;"Powiat malborski";52073;27137;25424;1713;20701;4235;56.7;53.1;6.3;25153;14864;14011;853;7937;2352;65.2;61.4;5.7;26920;12273;11413;860;12764;1883;49.0;45.6;7.0;
2210000;"Powiat nowodworski";28844;15015;13959;1056;11592;2237;56.4;52.5;7.0;14240;8507;7943;564;4540;1193;65.2;60.9;6.6;14604;6508;6016;492;7052;1044;48.0;44.4;7.6;
2211000;"Powiat pucki";72764;41494;39791;1703;27535;3735;60.1;57.6;4.1;35680;23122;22188;934;10604;1954;68.6;65.8;4.0;37084;18372;17603;769;16931;1781;52.0;49.9;4.2;
2212000;"Powiat słupski";80046;43637;41914;1723;30873;5536;58.6;56.3;3.9;39746;24163;23143;1020;12617;2966;65.7;62.9;4.2;40300;19474;18771;703;18256;2570;51.6;49.8;3.6;
2213000;"Powiat starogardzki";103055;56312;53916;2396;39436;7307;58.8;56.3;4.3;50490;31361;30137;1224;15277;3852;67.2;64.6;3.9;52565;24951;23779;1172;24159;3455;50.8;48.4;4.7;
2214000;"Powiat tczewski";93272;51015;48953;2062;35803;6454;58.8;56.4;4.0;45383;28311;27235;1076;13658;3414;67.5;64.9;3.8;47889;22704;21718;986;22145;3040;50.6;48.4;4.3;
2215000;"Powiat wejherowski";180924;105784;101627;4157;64292;10848;62.2;59.8;3.9;88432;57832;55666;2166;24730;5870;70.0;67.4;3.7;92492;47952;45961;1991;39562;4978;54.8;52.5;4.2;
2216000;"Powiat sztumski";33063;16582;15727;855;13116;3365;55.8;53.0;5.2;16358;9510;9102;408;5091;1757;65.1;62.3;4.3;16705;7072;6625;447;8025;1608;46.8;43.9;6.3;
2261000;"City with powiat status Gdańsk";416694;243547;235124;8423;144354;28793;62.8;60.6;3.5;194290;124037;119379;4658;55277;14976;69.2;66.6;3.8;222404;119510;115745;3765;89077;13817;57.3;55.5;3.2;
2262000;"City with powiat status Gdynia";211845;115904;111547;4357;79945;15996;59.2;57.0;3.8;98315;59109;56755;2354;30889;8317;65.7;63.1;4.0;113530;56795;54792;2003;49056;7679;53.7;51.8;3.5;
2263000;"City with powiat status Słupsk";76234;38965;37202;1763;30324;6945;56.2;53.7;4.5;35095;19997;18992;1005;11473;3625;63.5;60.3;5.0;41139;18968;18210;758;18851;3320;50.2;48.2;4.0;
2264000;"City with powiat status Sopot";29333;14727;14135;592;11856;2750;55.4;53.2;4.0;13292;7543;7216;327;4344;1405;63.5;60.7;4.3;16041;7184;6919;265;7512;1345;48.9;47.1;3.7;
2401000;"Powiat będziński";126726;67956;65280;2676;53397;5373;56.0;53.8;3.9;59857;35674;34151;1523;21269;2914;62.6;60.0;4.3;66869;32282;31129;1153;32128;2459;50.1;48.3;3.6;
2402000;"Powiat bielski";136771;79901;77809;2092;51631;5239;60.7;59.2;2.6;65984;42461;41334;1127;20906;2617;67.0;65.2;2.7;70787;37440;36475;965;30725;2622;54.9;53.5;2.6;
2403000;"Powiat cieszyński";147526;81260;78806;2454;58571;7695;58.1;56.4;3.0;70652;43130;41813;1317;23653;3869;64.6;62.6;3.1;76874;38130;36993;1137;34918;3826;52.2;50.6;3.0;
2404000;"Powiat częstochowski";113442;63135;60326;2809;46590;3717;57.5;55.0;4.4;55271;34627;33017;1610;18584;2060;65.1;62.0;4.6;58171;28508;27309;1199;28006;1657;50.4;48.3;4.2;
2405000;"Powiat gliwicki";95327;51450;50006;1444;37224;6653;58.0;56.4;2.8;45789;27737;26994;743;14796;3256;65.2;63.5;2.7;49538;23713;23012;701;22428;3397;51.4;49.9;3.0;
2406000;"Powiat kłobucki";70731;40073;38626;1447;28690;1968;58.3;56.2;3.6;34671;22205;21354;851;11460;1006;66.0;63.4;3.8;36060;17868;17272;596;17230;962;50.9;49.2;3.3;
2407000;"Powiat lubliniecki";63899;34118;32993;1125;24337;5444;58.4;56.4;3.3;31216;18963;18375;588;9520;2733;66.6;64.5;3.1;32683;15155;14618;537;14817;2711;50.6;48.8;3.5;
2408000;"Powiat mikołowski";82009;46898;45465;1433;31474;3637;59.8;58.0;3.1;39432;25063;24355;708;12548;1821;66.6;64.8;2.8;42577;21835;21110;725;18926;1816;53.6;51.8;3.3;
2409000;"Powiat myszkowski";59177;31554;30001;1553;25404;2219;55.4;52.7;4.9;28237;17077;16243;834;9976;1184;63.1;60.0;4.9;30940;14477;13758;719;15428;1035;48.4;46.0;5.0;
2410000;"Powiat pszczyński";90516;52697;51391;1306;34261;3558;60.6;59.1;2.5;44035;28581;27943;638;13676;1778;67.6;66.1;2.2;46481;24116;23448;668;20585;1780;53.9;52.5;2.8;
2411000;"Powiat raciborski";87207;43952;42514;1438;33730;9525;56.6;54.7;3.3;41583;24033;23330;703;12828;4722;65.2;63.3;2.9;45624;19919;19184;735;20902;4803;48.8;47.0;3.7;
2412000;"Powiat rybnicki";63381;33427;32507;920;27092;2862;55.2;53.7;2.8;30850;18731;18341;390;10701;1418;63.6;62.3;2.1;32531;14696;14166;530;16391;1444;47.3;45.6;3.6;
2413000;"Powiat tarnogórski";117713;63066;60847;2219;45900;8747;57.9;55.8;3.5;56512;34224;33062;1162;17982;4306;65.6;63.3;3.4;61201;28842;27785;1057;27918;4441;50.8;49.0;3.7;
2414000;"Powiat bieruńsko-lędziński";48916;28209;27603;606;18422;2285;60.5;59.2;2.1;23927;15057;14746;311;7713;1157;66.1;64.8;2.1;24989;13152;12857;295;10709;1128;55.1;53.9;2.2;
2415000;"Powiat wodzisławski";128455;64447;62232;2215;56794;7214;53.2;51.3;3.4;61779;35540;34497;1043;22671;3568;61.1;59.3;2.9;66676;28907;27735;1172;34123;3646;45.9;44.0;4.1;
2416000;"Powiat zawierciański";98993;51404;49370;2034;43867;3722;54.0;51.8;4.0;47183;27766;26701;1065;17460;1957;61.4;59.0;3.8;51810;23638;22669;969;26407;1765;47.2;45.3;4.1;
2417000;"Powiat żywiecki";125858;68685;66080;2605;51430;5743;57.2;55.0;3.8;61080;36747;35237;1510;21364;2969;63.2;60.6;4.1;64778;31938;30843;1095;30066;2774;51.5;49.7;3.4;
2461000;"City with powiat status Bielsko-Biała";144422;79184;76716;2468;55667;9571;58.7;56.9;3.1;67232;41342;40077;1265;20999;4891;66.3;64.3;3.1;77190;37842;36639;1203;34668;4680;52.2;50.5;3.2;
2462000;"City with powiat status Bytom";132308;66227;62638;3589;54205;11876;55.0;52.0;5.4;62671;35303;33428;1875;21017;6351;62.7;59.4;5.3;69637;30924;29210;1714;33188;5525;48.2;45.6;5.5;
2463000;"City with powiat status Chorzów";89192;47796;45720;2076;34855;6541;57.8;55.3;4.3;41864;24960;23913;1047;13309;3595;65.2;62.5;4.2;47328;22836;21807;1029;21546;2946;51.5;49.1;4.5;
2464000;"City with powiat status Częstochowa";186097;97477;93129;4348;77051;11569;55.9;53.4;4.5;85920;51120;48779;2341;28685;6115;64.1;61.1;4.6;100177;46357;44350;2007;48366;5454;48.9;46.8;4.3;
2465000;"City with powiat status Dąbrowa Górnicza";101191;54159;52073;2086;41731;5301;56.5;54.3;3.9;47794;28563;27437;1126;16369;2862;63.6;61.1;3.9;53397;25596;24636;960;25362;2439;50.2;48.3;3.8;
2466000;"City with powiat status Gliwice";149765;82618;79619;2999;56696;10451;59.3;57.2;3.6;71120;43982;42354;1628;21670;5468;67.0;64.5;3.7;78645;38636;37265;1371;35026;4983;52.5;50.6;3.5;
2467000;"City with powiat status Jastrzębie-Zdrój";72794;35128;33604;1524;32343;5323;52.1;49.8;4.3;34983;18915;18197;718;13232;2836;58.8;56.6;3.8;37811;16213;15407;806;19111;2487;45.9;43.6;5.0;
2468000;"City with powiat status Jaworzno";76395;40714;39323;1391;31509;4172;56.4;54.4;3.4;36478;21440;20702;738;12795;2243;62.6;60.5;3.4;39917;19274;18621;653;18714;1929;50.7;49.0;3.4;
2469000;"City with powiat status Katowice";249571;137650;133428;4222;96927;14994;58.7;56.9;3.1;116375;70767;68494;2273;37730;7878;65.2;63.1;3.2;133196;66883;64934;1949;59197;7116;53.0;51.5;2.9;
2470000;"City with powiat status Mysłowice";61165;33676;32415;1261;24178;3311;58.2;56.0;3.7;29296;17733;17085;648;9826;1737;64.3;62.0;3.7;31869;15943;15330;613;14352;1574;52.6;50.6;3.8;
2471000;"City with powiat status Piekary Śląskie";45544;23065;22167;898;19604;2875;54.1;52.0;3.9;21582;12329;11866;463;7751;1502;61.4;59.1;3.8;23962;10736;10301;435;11853;1373;47.5;45.6;4.1;
2472000;"City with powiat status Ruda Śląska";113553;58915;57217;1698;48095;6543;55.1;53.5;2.9;54105;31682;30841;841;19029;3394;62.5;60.8;2.7;59448;27233;26376;857;29066;3149;48.4;46.8;3.1;
2473000;"City with powiat status Rybnik";113024;58342;56232;2110;47383;7299;55.2;53.2;3.6;54441;32036;31057;979;18658;3747;63.2;61.3;3.1;58583;26306;25175;1131;28725;3552;47.8;45.7;4.3;
2474000;"City with powiat status Siemianowice Śląskie";55576;29407;28161;1246;22750;3419;56.4;54.0;4.2;26033;15456;14758;698;8710;1867;64.0;61.1;4.5;29543;13951;13403;548;14040;1552;49.8;47.9;3.9;
2475000;"City with powiat status Sosnowiec";169867;87769;83920;3849;72433;9665;54.8;52.4;4.4;79172;45734;43608;2126;28263;5175;61.8;58.9;4.6;90695;42035;40312;1723;44170;4490;48.8;46.8;4.1;
2476000;"City with powiat status Świętochłowice";39810;20501;19682;819;16215;3094;55.8;53.6;4.0;18842;10907;10503;404;6301;1634;63.4;61.0;3.7;20968;9594;9179;415;9914;1460;49.2;47.1;4.3;
2477000;"City with powiat status Tychy";105920;57630;56136;1494;41437;6853;58.2;56.7;2.6;50180;30306;29488;818;16326;3548;65.0;63.2;2.7;55740;27324;26648;676;25111;3305;52.1;50.8;2.5;
2478000;"City with powiat status Zabrze";136452;68449;65298;3151;52477;15526;56.6;54.0;4.6;65063;36657;34996;1661;20834;7572;63.8;60.9;4.5;71389;31792;30302;1490;31643;7954;50.1;47.8;4.7;
2479000;"City with powiat status Żory";51512;27061;26160;901;20807;3644;56.5;54.7;3.3;24896;14545;14142;403;8486;1865;63.2;61.4;2.8;26616;12516;12018;498;12321;1779;50.4;48.4;4.0;
2601000;"Powiat buski";59897;31818;30596;1222;25456;2623;55.6;53.4;3.8;29080;17360;16630;730;10422;1298;62.5;59.9;4.2;30817;14458;13966;492;15034;1325;49.0;47.4;3.4;
2602000;"Powiat jędrzejowski";70475;37784;35976;1808;30250;2441;55.5;52.9;4.8;34602;21282;20354;928;12062;1258;63.8;61.0;4.4;35873;16502;15622;880;18188;1183;47.6;45.0;5.3;
2603000;"Powiat kazimierski";28309;14795;14181;614;11507;2007;56.3;53.9;4.2;13841;8236;7875;361;4623;982;64.0;61.2;4.4;14468;6559;6306;253;6884;1025;48.8;46.9;3.9;
2604000;"Powiat kielecki";176134;100714;96009;4705;69203;6217;59.3;56.5;4.7;87198;55296;52525;2771;28573;3329;65.9;62.6;5.0;88936;45418;43484;1934;40630;2888;52.8;50.5;4.3;
2605000;"Powiat konecki";66010;33186;30752;2434;30044;2780;52.5;48.6;7.3;32266;18717;17387;1330;11968;1581;61.0;56.7;7.1;33744;14469;13365;1104;18076;1199;44.5;41.1;7.6;
2606000;"Powiat opatowski";43119;22528;21023;1505;18835;1756;54.5;50.8;6.7;21216;12603;11714;889;7691;922;62.1;57.7;7.1;21903;9925;9309;616;11144;834;47.1;44.2;6.2;
2607000;"Powiat ostrowiecki";90607;43146;39888;3258;41298;6163;51.1;47.2;7.6;42815;23534;21755;1779;16084;3197;59.4;54.9;7.6;47792;19612;18133;1479;25214;2966;43.8;40.5;7.5;
2608000;"Powiat pińczowski";32514;16803;16202;601;14308;1403;54.0;52.1;3.6;15932;9374;9022;352;5832;726;61.6;59.3;3.8;16582;7429;7180;249;8476;677;46.7;45.1;3.4;
2609000;"Powiat sandomierski";64058;33541;31944;1597;27180;3337;55.2;52.6;4.8;30942;18112;17208;904;11160;1670;61.9;58.8;5.0;33116;15429;14736;693;16020;1667;49.1;46.9;4.5;
2610000;"Powiat skarżyski";62119;29958;27526;2432;28143;4018;51.6;47.4;8.1;29516;16358;14901;1457;11000;2158;59.8;54.5;8.9;32603;13600;12625;975;17143;1860;44.2;41.1;7.2;
2611000;"Powiat starachowicki";74543;37974;35731;2243;32626;3943;53.8;50.6;5.9;35797;20814;19537;1277;12886;2097;61.8;58.0;6.1;38746;17160;16194;966;19740;1846;46.5;43.9;5.6;
2612000;"Powiat staszowski";59503;31989;30533;1456;25260;2254;55.9;53.3;4.6;29281;17771;17001;770;10340;1170;63.2;60.5;4.3;30222;14218;13532;686;14920;1084;48.8;46.4;4.8;
2613000;"Powiat włoszczowski";37407;20141;19224;917;16010;1256;55.7;53.2;4.6;18546;11368;10902;466;6513;665;63.6;61.0;4.1;18861;8773;8322;451;9497;591;48.0;45.6;5.1;
2661000;"City with powiat status Kielce";161230;85921;81120;4801;65087;10222;56.9;53.7;5.6;74051;43911;41096;2815;24983;5157;63.7;59.7;6.4;87179;42010;40024;1986;40104;5065;51.2;48.7;4.7;
2801000;"Powiat bartoszycki";46317;22521;20436;2085;19992;3804;53.0;48.1;9.3;22398;12420;11269;1151;7955;2023;61.0;55.3;9.3;23919;10101;9167;934;12037;1781;45.6;41.4;9.2;
2802000;"Powiat braniewski";32750;16715;15195;1520;13444;2591;55.4;50.4;9.1;16263;9398;8633;765;5493;1372;63.1;58.0;8.1;16487;7317;6562;755;7951;1219;47.9;43.0;10.3;
2803000;"Powiat działdowski";52289;28390;27084;1306;21347;2552;57.1;54.5;4.6;25478;15894;15214;680;8227;1357;65.9;63.1;4.3;26811;12496;11870;626;13120;1195;48.8;46.3;5.0;
2804000;"Powiat elbląski";46387;24043;22491;1552;18966;3378;55.9;52.3;6.5;23262;13688;12865;823;7803;1771;63.7;59.9;6.0;23125;10355;9626;729;11163;1607;48.1;44.7;7.0;
2805000;"Powiat ełcki";74492;37979;35437;2542;27783;8730;57.8;53.9;6.7;36214;20772;19393;1379;10864;4578;65.7;61.3;6.6;38278;17207;16044;1163;16919;4152;50.4;47.0;6.8;
2806000;"Powiat giżycki";46660;24000;22546;1454;18911;3749;55.9;52.5;6.1;22633;13219;12445;774;7435;1979;64.0;60.3;5.9;24027;10781;10101;680;11476;1770;48.4;45.4;6.3;
2807000;"Powiat iławski";75410;40914;39770;1144;29622;4874;58.0;56.4;2.8;36880;22725;22142;583;11498;2657;66.4;64.7;2.6;38530;18189;17628;561;18124;2217;50.1;48.5;3.1;
2808000;"Powiat kętrzyński";50645;23943;21483;2460;22337;4365;51.7;46.4;10.3;24564;13200;11758;1442;9082;2282;59.2;52.8;10.9;26081;10743;9725;1018;13255;2083;44.8;40.5;9.5;
2809000;"Powiat lidzbarski";33324;16803;15744;1059;13785;2736;54.9;51.5;6.3;16198;9232;8687;545;5523;1443;62.6;58.9;5.9;17126;7571;7057;514;8262;1293;47.8;44.6;6.8;
2810000;"Powiat mrągowski";41459;21320;20191;1129;16648;3491;56.2;53.2;5.3;19994;11640;10995;645;6607;1747;63.8;60.3;5.5;21465;9680;9196;484;10041;1744;49.1;46.6;5.0;
2811000;"Powiat nidzicki";26316;13849;13106;743;10703;1764;56.4;53.4;5.4;13011;7800;7383;417;4238;973;64.8;61.3;5.3;13305;6049;5723;326;6465;791;48.3;45.7;5.4;
2812000;"Powiat nowomiejski";34998;19424;18605;819;13955;1619;58.2;55.7;4.2;17332;11130;10680;450;5333;869;67.6;64.9;4.0;17666;8294;7925;369;8622;750;49.0;46.8;4.4;
2813000;"Powiat olecki";27462;14322;13390;932;10750;2390;57.1;53.4;6.5;13596;7984;7463;521;4356;1256;64.7;60.5;6.5;13866;6338;5927;411;6394;1134;49.8;46.6;6.5;
2814000;"Powiat olsztyński";106663;59877;56720;3157;38341;8445;61.0;57.7;5.3;52301;32159;30388;1771;15657;4485;67.3;63.6;5.5;54362;27718;26332;1386;22684;3960;55.0;52.2;5.0;
2815000;"Powiat ostródzki";85075;44097;41893;2204;34404;6574;56.2;53.4;5.0;41560;24466;23251;1215;13562;3532;64.3;61.1;5.0;43515;19631;18642;989;20842;3042;48.5;46.1;5.0;
2816000;"Powiat piski";45130;22109;20440;1669;18775;4246;54.1;50.0;7.5;22279;12514;11662;852;7545;2220;62.4;58.1;6.8;22851;9595;8778;817;11230;2026;46.1;42.2;8.5;
2817000;"Powiat szczycieński";56731;29473;27819;1654;22804;4454;56.4;53.2;5.6;27929;16273;15345;928;9265;2391;63.7;60.1;5.7;28802;13200;12474;726;13539;2063;49.4;46.7;5.5;
2818000;"Powiat gołdapski";21247;10886;10179;707;8304;2057;56.7;53.0;6.5;10482;6086;5716;370;3309;1087;64.8;60.8;6.1;10765;4800;4463;337;4995;970;49.0;45.6;7.0;
2819000;"Powiat węgorzewski";18343;9106;8387;719;7990;1247;53.3;49.1;7.9;9064;5074;4668;406;3320;670;60.4;55.6;8.0;9279;4032;3719;313;4670;577;46.3;42.7;7.8;
2861000;"City with powiat status Elbląg";99330;49813;47074;2739;39600;9917;55.7;52.6;5.5;46701;26366;24945;1421;15038;5297;63.7;60.2;5.4;52629;23447;22129;1318;24562;4620;48.8;46.1;5.6;
2862000;"City with powiat status Olsztyn";145397;81740;78882;2858;52623;11034;60.8;58.7;3.5;66321;40781;39270;1511;19975;5565;67.1;64.6;3.7;79076;40959;39612;1347;32648;5469;55.6;53.8;3.3;
3001000;"Powiat chodzieski";38687;22058;21008;1050;14713;1916;60.0;57.1;4.8;18776;12222;11711;511;5547;1007;68.8;65.9;4.2;19911;9836;9297;539;9166;909;51.8;48.9;5.5;
3002000;"Powiat czarnkowsko-trzcianecki";70820;39501;38146;1355;27638;3681;58.8;56.8;3.4;34840;22056;21296;760;10834;1950;67.1;64.7;3.4;35980;17445;16850;595;16804;1731;50.9;49.2;3.4;
3003000;"Powiat gnieźnieński";118069;66842;64823;2019;45993;5234;59.2;57.4;3.0;57004;36877;35880;997;17280;2847;68.1;66.3;2.7;61065;29965;28943;1022;28713;2387;51.1;49.3;3.4;
3004000;"Powiat gostyński";61477;37414;36404;1010;22540;1523;62.4;60.7;2.7;30148;21199;20706;493;8163;786;72.2;70.5;2.3;31329;16215;15698;517;14377;737;53.0;51.3;3.2;
3005000;"Powiat grodziski";41977;26824;26285;539;14026;1127;65.7;64.3;2.0;20782;15000;14736;264;5154;628;74.4;73.1;1.8;21195;11824;11549;275;8872;499;57.1;55.8;2.3;
3006000;"Powiat jarociński";58347;33475;32558;917;23120;1752;59.1;57.5;2.7;28106;18739;18333;406;8474;893;68.9;67.4;2.2;30241;14736;14225;511;14646;859;50.2;48.4;3.5;
3007000;"Powiat kaliski";68826;41218;40436;782;26076;1532;61.3;60.1;1.9;33699;22514;22070;444;10370;815;68.5;67.1;2.0;35127;18704;18366;338;15706;717;54.4;53.4;1.8;
3008000;"Powiat kępiński";47066;29291;28866;425;16296;1479;64.3;63.3;1.5;23099;16112;15889;223;6235;752;72.1;71.1;1.4;23967;13179;12977;202;10061;727;56.7;55.8;1.5;
3009000;"Powiat kolski";70367;37218;35908;1310;30269;2880;55.1;53.2;3.5;34127;20807;20179;628;11827;1493;63.8;61.8;3.0;36240;16411;15729;682;18442;1387;47.1;45.1;4.2;
3010000;"Powiat koniński";107077;60693;57837;2856;43203;3181;58.4;55.7;4.7;52819;34134;32706;1428;17051;1634;66.7;63.9;4.2;54258;26559;25131;1428;26152;1547;50.4;47.7;5.4;
3011000;"Powiat kościański";64738;39392;38494;898;23781;1565;62.4;60.9;2.3;31483;21939;21517;422;8721;823;71.6;70.2;1.9;33255;17453;16977;476;15060;742;53.7;52.2;2.7;
3012000;"Powiat krotoszyński";63129;37590;36617;973;23503;2036;61.5;59.9;2.6;30735;20838;20372;466;8863;1034;70.2;68.6;2.2;32394;16752;16245;507;14640;1002;53.4;51.7;3.0;
3013000;"Powiat leszczyński";47070;29716;29132;584;15995;1359;65.0;63.7;2.0;23271;16579;16296;283;6027;665;73.3;72.1;1.7;23799;13137;12836;301;9968;694;56.9;55.6;2.3;
3014000;"Powiat międzychodzki";30038;17244;16731;513;11459;1335;60.1;58.3;3.0;14796;9683;9404;279;4399;714;68.8;66.8;2.9;15242;7561;7327;234;7060;621;51.7;50.1;3.1;
3015000;"Powiat nowotomyski";61545;38716;37982;734;20776;2053;65.1;63.8;1.9;29870;21165;20793;372;7655;1050;73.4;72.1;1.8;31675;17551;17189;362;13121;1003;57.2;56.0;2.1;
3016000;"Powiat obornicki";48473;28908;28096;812;17516;2049;62.3;60.5;2.8;23815;16049;15609;440;6643;1123;70.7;68.8;2.7;24658;12859;12487;372;10873;926;54.2;52.6;2.9;
3017000;"Powiat ostrowski";133814;77623;75337;2286;50511;5680;60.6;58.8;2.9;64683;42444;41265;1179;19312;2927;68.7;66.8;2.8;69131;35179;34072;1107;31199;2753;53.0;51.3;3.1;
3018000;"Powiat ostrzeszowski";45704;27329;26698;631;16906;1469;61.8;60.4;2.3;22392;15033;14730;303;6597;762;69.5;68.1;2.0;23312;12296;11968;328;10309;707;54.4;52.9;2.7;
3019000;"Powiat pilski";111983;61428;59201;2227;43310;7245;58.6;56.5;3.6;54159;33586;32391;1195;16780;3793;66.7;64.3;3.6;57824;27842;26810;1032;26530;3452;51.2;49.3;3.7;
3020000;"Powiat pleszewski";51595;29276;28386;890;20639;1680;58.7;56.9;3.0;25266;16413;15948;465;7988;865;67.3;65.4;2.8;26329;12863;12438;425;12651;815;50.4;48.7;3.3;
3021000;"Powiat poznański";344230;227782;223404;4378;105717;10731;68.3;67.0;1.9;165436;119453;117285;2168;40406;5577;74.7;73.4;1.8;178794;108329;106119;2210;65311;5154;62.4;61.1;2.0;
3022000;"Powiat rawicki";49132;29225;28486;739;18281;1626;61.5;60.0;2.5;24020;16231;15889;342;6914;875;70.1;68.6;2.1;25112;12994;12597;397;11367;751;53.3;51.7;3.1;
3023000;"Powiat słupecki";48628;27791;26710;1081;19240;1597;59.1;56.8;3.9;23934;15550;15005;545;7550;834;67.3;65.0;3.5;24694;12241;11705;536;11690;763;51.2;48.9;4.4;
3024000;"Powiat szamotulski";75570;46646;45543;1103;26531;2393;63.7;62.2;2.4;36679;25478;24921;557;9896;1305;72.0;70.5;2.2;38891;21168;20622;546;16635;1088;56.0;54.6;2.6;
3025000;"Powiat średzki";48589;30029;29121;908;17354;1206;63.4;61.5;3.0;23649;16619;16155;464;6367;663;72.3;70.3;2.8;24940;13410;12966;444;10987;543;55.0;53.1;3.3;
3026000;"Powiat śremski";50327;30557;29873;684;18176;1594;62.7;61.3;2.2;24354;16745;16422;323;6761;848;71.2;69.9;1.9;25973;13812;13451;361;11415;746;54.8;53.3;2.6;
3027000;"Powiat turecki";68511;38827;37434;1393;27323;2361;58.7;56.6;3.6;33196;21146;20440;706;10807;1243;66.2;64.0;3.3;35315;17681;16994;687;16516;1118;51.7;49.7;3.9;
3028000;"Powiat wągrowiecki";56918;33723;32533;1190;21006;2189;61.6;59.4;3.5;27978;19029;18488;541;7780;1169;71.0;69.0;2.8;28940;14694;14045;649;13226;1020;52.6;50.3;4.4;
3029000;"Powiat wolsztyński";46588;28927;28419;508;16207;1454;64.1;63.0;1.8;22764;16024;15766;258;6026;714;72.7;71.5;1.6;23824;12903;12653;250;10181;740;55.9;54.8;1.9;
3030000;"Powiat wrzesiński";64703;38862;37696;1166;23651;2190;62.2;60.3;3.0;31339;21482;20904;578;8707;1150;71.2;69.2;2.7;33364;17380;16792;588;14944;1040;53.8;51.9;3.4;
3031000;"Powiat złotowski";56809;30357;28853;1504;21242;5210;58.8;55.9;5.0;27886;17015;16283;732;8195;2676;67.5;64.6;4.3;28923;13342;12570;772;13047;2534;50.6;47.6;5.8;
3061000;"City with powiat status Kalisz";82782;43233;41615;1618;34440;5109;55.7;53.6;3.7;37847;22373;21502;871;12833;2641;63.5;61.1;3.9;44935;20860;20113;747;21607;2468;49.1;47.4;3.6;
3062000;"City with powiat status Konin";60911;30432;28400;2032;26960;3519;53.0;49.5;6.7;28247;16064;15027;1037;10353;1830;60.8;56.9;6.5;32664;14368;13373;995;16607;1689;46.4;43.2;6.9;
3063000;"City with powiat status Leszno";52654;29354;28377;977;20142;3158;59.3;57.3;3.3;24643;15492;15041;451;7538;1613;67.3;65.3;2.9;28011;13862;13336;526;12604;1545;52.4;50.4;3.8;
3064000;"City with powiat status Poznań";473595;287386;279792;7594;159493;26716;64.3;62.6;2.6;217234;145376;141289;4087;58165;13693;71.4;69.4;2.8;256361;142010;138503;3507;101328;13023;58.4;56.9;2.5;
3201000;"Powiat białogardzki";38688;19586;18093;1493;15639;3463;55.6;51.4;7.6;18835;10780;9898;882;6185;1870;63.5;58.3;8.2;19853;8806;8195;611;9454;1593;48.2;44.9;6.9;
3202000;"Powiat choszczeński";38740;19325;18073;1252;16604;2811;53.8;50.3;6.5;19061;10997;10273;724;6624;1440;62.4;58.3;6.6;19679;8328;7800;528;9980;1371;45.5;42.6;6.3;
3203000;"Powiat drawski";46272;23455;21781;1674;19113;3704;55.1;51.2;7.1;22556;12892;11934;958;7750;1914;62.5;57.8;7.4;23716;10563;9847;716;11363;1790;48.2;44.9;6.8;
3204000;"Powiat goleniowski";68861;37792;36071;1721;26075;4994;59.2;56.5;4.6;33796;20650;19682;968;10437;2709;66.4;63.3;4.7;35065;17142;16389;753;15638;2285;52.3;50.0;4.4;
3205000;"Powiat gryficki";49074;24709;23220;1489;20290;4075;54.9;51.6;6.0;24207;13718;12954;764;8244;2245;62.5;59.0;5.6;24867;10991;10266;725;12046;1830;47.7;44.6;6.6;
3206000;"Powiat gryfiński";66797;35010;33512;1498;26972;4815;56.5;54.1;4.3;32931;19490;18660;830;10832;2609;64.3;61.5;4.3;33866;15520;14852;668;16140;2206;49.0;46.9;4.3;
3207000;"Powiat kamieński";38974;19157;17970;1187;16678;3139;53.5;50.1;6.2;18954;10635;9972;663;6655;1664;61.5;57.7;6.2;20020;8522;7998;524;10023;1475;46.0;43.1;6.1;
3208000;"Powiat kołobrzeski";66883;35210;33742;1468;26122;5551;57.4;55.0;4.2;31629;18500;17655;845;10192;2937;64.5;61.5;4.6;35254;16710;16087;623;15930;2614;51.2;49.3;3.7;
3209000;"Powiat koszaliński";55839;30530;28917;1613;21327;3982;58.9;55.8;5.3;27662;16944;16030;914;8620;2098;66.3;62.7;5.4;28177;13586;12887;699;12707;1884;51.7;49.0;5.1;
3210000;"Powiat myśliborski";54195;27307;26088;1219;22379;4509;55.0;52.5;4.5;26467;15281;14581;700;8817;2369;63.4;60.5;4.6;27728;12026;11507;519;13562;2140;47.0;45.0;4.3;
3211000;"Powiat policki";68359;40795;39544;1251;22642;4922;64.3;62.3;3.1;33240;21201;20545;656;9417;2622;69.2;67.1;3.1;35119;19594;18999;595;13225;2300;59.7;57.9;3.0;
3212000;"Powiat pyrzycki";31724;16692;15820;872;12953;2079;56.3;53.4;5.2;15709;9334;8804;530;5227;1148;64.1;60.5;5.7;16015;7358;7016;342;7726;931;48.8;46.5;4.6;
3213000;"Powiat sławieński";45940;23665;22238;1427;18691;3584;55.9;52.5;6.0;22306;12959;12162;797;7452;1895;63.5;59.6;6.2;23634;10706;10076;630;11239;1689;48.8;45.9;5.9;
3214000;"Powiat stargardzki";100744;53476;50914;2562;39712;7556;57.4;54.6;4.8;49147;29403;27974;1429;15717;4027;65.2;62.0;4.9;51597;24073;22940;1133;23995;3529;50.1;47.7;4.7;
3215000;"Powiat szczecinecki";63357;30907;28756;2151;27090;5360;53.3;49.6;7.0;30579;16954;15798;1156;10826;2799;61.0;56.9;6.8;32778;13953;12958;995;16264;2561;46.2;42.9;7.1;
3216000;"Powiat świdwiński";37980;17966;16898;1068;16976;3038;51.4;48.4;5.9;18583;10019;9452;567;6990;1574;58.9;55.6;5.7;19397;7947;7446;501;9986;1464;44.3;41.5;6.3;
3217000;"Powiat wałecki";43397;22675;21486;1189;17511;3211;56.4;53.5;5.2;21011;12616;12020;596;6754;1641;65.1;62.1;4.7;22386;10059;9466;593;10757;1570;48.3;45.5;5.9;
3218000;"Powiat łobeski";29275;14465;13463;1002;12452;2358;53.7;50.0;6.9;14490;8116;7545;571;5062;1312;61.6;57.3;7.0;14785;6349;5918;431;7390;1046;46.2;43.1;6.8;
3261000;"City with powiat status Koszalin";91213;48337;46160;2177;35062;7814;58.0;55.3;4.5;42341;24995;23793;1202;13268;4078;65.3;62.2;4.8;48872;23342;22367;975;21794;3736;51.7;49.6;4.2;
3262000;"City with powiat status Szczecin";342916;186667;179608;7059;125825;30424;59.7;57.5;3.8;160527;95621;91486;4135;48880;16026;66.2;63.3;4.3;182389;91046;88122;2924;76945;14398;54.2;52.5;3.2;
3263000;"City with powiat status Świnoujście";35275;17737;16905;832;13669;3869;56.5;53.8;4.7;16771;9181;8673;508;5505;2085;62.5;59.1;5.5;18504;8556;8232;324;8164;1784;51.2;49.2;3.8;
