,code,voivodeship,year,age,rate
0,200000,DOLNOŚLĄSKIE,2019,total,58.5
1,400000,KUJAWSKO-POMORSKIE,2019,total,55.7
2,600000,LUBELSKIE,2019,total,53.4
3,800000,LUBUSKIE,2019,total,55.6
4,1000000,ŁÓDZKIE,2019,total,55.4
5,1200000,MAŁOPOLSKIE,2019,total,55.1
6,1400000,MAZOWIECKIE,2019,total,60.9
7,1600000,OPOLSKIE,2019,total,55.9
8,1800000,PODKARPACKIE,2019,total,51.3
9,2000000,PODLASKIE,2019,total,55.5
10,2200000,POMORSKIE,2019,total,59.7
11,2400000,ŚLĄSKIE,2019,total,53.5
12,2600000,ŚWIĘTOKRZYSKIE,2019,total,51.5
13,2800000,WARMIŃSKO-MAZURSKIE,2019,total,52.5
14,3000000,WIELKOPOLSKIE,2019,total,59.0
15,3200000,ZACHODNIOPOMORSKIE,2019,total,54.7
16,200000,DOLNOŚLĄSKIE,2020,total,58.2
17,400000,KUJAWSKO-POMORSKIE,2020,total,55.4
18,600000,LUBELSKIE,2020,total,53.8
19,800000,LUBUSKIE,2020,total,55.8
20,1000000,ŁÓDZKIE,2020,total,56.0
21,1200000,MAŁOPOLSKIE,2020,total,55.0
22,1400000,MAZOWIECKIE,2020,total,60.7
23,1600000,OPOLSKIE,2020,total,56.0
24,1800000,PODKARPACKIE,2020,total,51.6
25,2000000,PODLASKIE,2020,total,55.7
26,2200000,POMORSKIE,2020,total,59.3
27,2400000,ŚLĄSKIE,2020,total,53.4
28,2600000,ŚWIĘTOKRZYSKIE,2020,total,52.9
29,2800000,WARMIŃSKO-MAZURSKIE,2020,total,53.0
30,3000000,WIELKOPOLSKIE,2020,total,58.0
31,3200000,ZACHODNIOPOMORSKIE,2020,total,55.0
32,200000,DOLNOŚLĄSKIE,2021,total,59.4
33,400000,KUJAWSKO-POMORSKIE,2021,total,57.7
34,600000,LUBELSKIE,2021,total,56.4
35,800000,LUBUSKIE,2021,total,56.0
36,1000000,ŁÓDZKIE,2021,total,57.9
37,1200000,MAŁOPOLSKIE,2021,total,57.3
38,1400000,MAZOWIECKIE,2021,total,62.6
39,1600000,OPOLSKIE,2021,total,58.9
40,1800000,PODKARPACKIE,2021,total,52.8
41,2000000,PODLASKIE,2021,total,57.9
42,2200000,POMORSKIE,2021,total,60.1
43,2400000,ŚLĄSKIE,2021,total,55.8
44,2600000,ŚWIĘTOKRZYSKIE,2021,total,55.5
45,2800000,WARMIŃSKO-MAZURSKIE,2021,total,55.4
46,3000000,WIELKOPOLSKIE,2021,total,60.9
47,3200000,ZACHODNIOPOMORSKIE,2021,total,56.0
48,200000,DOLNOŚLĄSKIE,2022,total,59.3
49,400000,KUJAWSKO-POMORSKIE,2022,total,58.4
50,600000,LUBELSKIE,2022,total,57.1
51,800000,LUBUSKIE,2022,total,56.7
52,1000000,ŁÓDZKIE,2022,total,59.1
53,1200000,MAŁOPOLSKIE,2022,total,57.0
54,1400000,MAZOWIECKIE,2022,total,63.0
55,1600000,OPOLSKIE,2022,total,57.6
56,1800000,PODKARPACKIE,2022,total,52.7
57,2000000,PODLASKIE,2022,total,58.5
58,2200000,POMORSKIE,2022,total,60.5
59,2400000,ŚLĄSKIE,2022,total,55.9
60,2600000,ŚWIĘTOKRZYSKIE,2022,total,56.1
61,2800000,WARMIŃSKO-MAZURSKIE,2022,total,55.5
62,3000000,WIELKOPOLSKIE,2022,total,60.6
63,3200000,ZACHODNIOPOMORSKIE,2022,total,56.8
64,200000,DOLNOŚLĄSKIE,2023,total,60.0
65,400000,KUJAWSKO-POMORSKIE,2023,total,58.1
66,600000,LUBELSKIE,2023,total,56.5
67,800000,LUBUSKIE,2023,total,57.7
68,1000000,ŁÓDZKIE,2023,total,58.4
69,1200000,MAŁOPOLSKIE,2023,total,57.6
70,1400000,MAZOWIECKIE,2023,total,63.5
71,1600000,OPOLSKIE,2023,total,57.5
72,1800000,PODKARPACKIE,2023,total,53.7
73,2000000,PODLASKIE,2023,total,58.6
74,2200000,POMORSKIE,2023,total,60.6
75,2400000,ŚLĄSKIE,2023,total,56.7
76,2600000,ŚWIĘTOKRZYSKIE,2023,total,55.3
77,2800000,WARMIŃSKO-MAZURSKIE,2023,total,55.2
78,3000000,WIELKOPOLSKIE,2023,total,60.5
79,3200000,ZACHODNIOPOMORSKIE,2023,total,57.3
80,200000,DOLNOŚLĄSKIE,2024,total,60.2
81,400000,KUJAWSKO-POMORSKIE,2024,total,58.6
82,600000,LUBELSKIE,2024,total,56.3
83,800000,LUBUSKIE,2024,total,56.6
84,1000000,ŁÓDZKIE,2024,total,56.9
85,1200000,MAŁOPOLSKIE,2024,total,58.3
86,1400000,MAZOWIECKIE,2024,total,63.8
87,1600000,OPOLSKIE,2024,total,57.5
88,1800000,PODKARPACKIE,2024,total,53.1
89,2000000,PODLASKIE,2024,total,57.2
90,2200000,POMORSKIE,2024,total,60.5
91,2400000,ŚLĄSKIE,2024,total,55.9
92,2600000,ŚWIĘTOKRZYSKIE,2024,total,54.9
93,2800000,WARMIŃSKO-MAZURSKIE,2024,total,55.7
94,3000000,WIELKOPOLSKIE,2024,total,59.9
95,3200000,ZACHODNIOPOMORSKIE,2024,total,57.1
96,200000,DOLNOŚLĄSKIE,2019,total,66.3
97,400000,KUJAWSKO-POMORSKIE,2019,total,64.8
98,600000,LUBELSKIE,2019,total,61.3
99,800000,LUBUSKIE,2019,total,64.6
100,1000000,ŁÓDZKIE,2019,total,64.2
101,1200000,MAŁOPOLSKIE,2019,total,63.4
102,1400000,MAZOWIECKIE,2019,total,68.3
103,1600000,OPOLSKIE,2019,total,66.0
104,1800000,PODKARPACKIE,2019,total,60.0
105,2000000,PODLASKIE,2019,total,63.8
106,2200000,POMORSKIE,2019,total,68.8
107,2400000,ŚLĄSKIE,2019,total,61.0
108,2600000,ŚWIĘTOKRZYSKIE,2019,total,59.7
109,2800000,WARMIŃSKO-MAZURSKIE,2019,total,61.2
110,3000000,WIELKOPOLSKIE,2019,total,68.4
111,3200000,ZACHODNIOPOMORSKIE,2019,total,63.1
112,200000,DOLNOŚLĄSKIE,2020,total,66.1
113,400000,KUJAWSKO-POMORSKIE,2020,total,64.2
114,600000,LUBELSKIE,2020,total,61.7
115,800000,LUBUSKIE,2020,total,64.9
116,1000000,ŁÓDZKIE,2020,total,65.3
117,1200000,MAŁOPOLSKIE,2020,total,63.5
118,1400000,MAZOWIECKIE,2020,total,68.4
119,1600000,OPOLSKIE,2020,total,66.2
120,1800000,PODKARPACKIE,2020,total,60.5
121,2000000,PODLASKIE,2020,total,64.0
122,2200000,POMORSKIE,2020,total,68.8
123,2400000,ŚLĄSKIE,2020,total,60.8
124,2600000,ŚWIĘTOKRZYSKIE,2020,total,61.7
125,2800000,WARMIŃSKO-MAZURSKIE,2020,total,61.7
126,3000000,WIELKOPOLSKIE,2020,total,68.1
127,3200000,ZACHODNIOPOMORSKIE,2020,total,63.1
128,200000,DOLNOŚLĄSKIE,2021,total,67.9
129,400000,KUJAWSKO-POMORSKIE,2021,total,66.0
130,600000,LUBELSKIE,2021,total,64.2
131,800000,LUBUSKIE,2021,total,64.6
132,1000000,ŁÓDZKIE,2021,total,65.9
133,1200000,MAŁOPOLSKIE,2021,total,65.3
134,1400000,MAZOWIECKIE,2021,total,70.2
135,1600000,OPOLSKIE,2021,total,67.8
136,1800000,PODKARPACKIE,2021,total,62.7
137,2000000,PODLASKIE,2021,total,65.5
138,2200000,POMORSKIE,2021,total,68.6
139,2400000,ŚLĄSKIE,2021,total,63.2
140,2600000,ŚWIĘTOKRZYSKIE,2021,total,64.1
141,2800000,WARMIŃSKO-MAZURSKIE,2021,total,63.9
142,3000000,WIELKOPOLSKIE,2021,total,70.2
143,3200000,ZACHODNIOPOMORSKIE,2021,total,63.4
144,200000,DOLNOŚLĄSKIE,2022,total,67.5
145,400000,KUJAWSKO-POMORSKIE,2022,total,66.2
146,600000,LUBELSKIE,2022,total,64.8
147,800000,LUBUSKIE,2022,total,65.9
148,1000000,ŁÓDZKIE,2022,total,67.5
149,1200000,MAŁOPOLSKIE,2022,total,65.1
150,1400000,MAZOWIECKIE,2022,total,69.9
151,1600000,OPOLSKIE,2022,total,65.7
152,1800000,PODKARPACKIE,2022,total,61.1
153,2000000,PODLASKIE,2022,total,66.1
154,2200000,POMORSKIE,2022,total,68.2
155,2400000,ŚLĄSKIE,2022,total,63.4
156,2600000,ŚWIĘTOKRZYSKIE,2022,total,64.3
157,2800000,WARMIŃSKO-MAZURSKIE,2022,total,64.4
158,3000000,WIELKOPOLSKIE,2022,total,69.0
159,3200000,ZACHODNIOPOMORSKIE,2022,total,64.1
160,200000,DOLNOŚLĄSKIE,2023,total,67.1
161,400000,KUJAWSKO-POMORSKIE,2023,total,65.4
162,600000,LUBELSKIE,2023,total,63.8
163,800000,LUBUSKIE,2023,total,66.6
164,1000000,ŁÓDZKIE,2023,total,66.4
165,1200000,MAŁOPOLSKIE,2023,total,64.2
166,1400000,MAZOWIECKIE,2023,total,69.6
167,1600000,OPOLSKIE,2023,total,65.6
168,1800000,PODKARPACKIE,2023,total,61.4
169,2000000,PODLASKIE,2023,total,66.2
170,2200000,POMORSKIE,2023,total,67.8
171,2400000,ŚLĄSKIE,2023,total,64.1
172,2600000,ŚWIĘTOKRZYSKIE,2023,total,63.2
173,2800000,WARMIŃSKO-MAZURSKIE,2023,total,63.0
174,3000000,WIELKOPOLSKIE,2023,total,70.2
175,3200000,ZACHODNIOPOMORSKIE,2023,total,65.1
176,200000,DOLNOŚLĄSKIE,2024,total,67.1
177,400000,KUJAWSKO-POMORSKIE,2024,total,66.1
178,600000,LUBELSKIE,2024,total,63.6
179,800000,LUBUSKIE,2024,total,65.3
180,1000000,ŁÓDZKIE,2024,total,64.7
181,1200000,MAŁOPOLSKIE,2024,total,64.7
182,1400000,MAZOWIECKIE,2024,total,69.6
183,1600000,OPOLSKIE,2024,total,66.2
184,1800000,PODKARPACKIE,2024,total,61.2
185,2000000,PODLASKIE,2024,total,65.0
186,2200000,POMORSKIE,2024,total,67.6
187,2400000,ŚLĄSKIE,2024,total,63.0
188,2600000,ŚWIĘTOKRZYSKIE,2024,total,61.8
189,2800000,WARMIŃSKO-MAZURSKIE,2024,total,63.2
190,3000000,WIELKOPOLSKIE,2024,total,68.1
191,3200000,ZACHODNIOPOMORSKIE,2024,total,64.9
192,200000,DOLNOŚLĄSKIE,2019,total,51.4
193,400000,KUJAWSKO-POMORSKIE,2019,total,47.2
194,600000,LUBELSKIE,2019,total,46.1
195,800000,LUBUSKIE,2019,total,47.1
196,1000000,ŁÓDZKIE,2019,total,47.5
197,1200000,MAŁOPOLSKIE,2019,total,47.4
198,1400000,MAZOWIECKIE,2019,total,54.1
199,1600000,OPOLSKIE,2019,total,46.6
200,1800000,PODKARPACKIE,2019,total,43.2
201,2000000,PODLASKIE,2019,total,47.7
202,2200000,POMORSKIE,2019,total,51.2
203,2400000,ŚLĄSKIE,2019,total,46.6
204,2600000,ŚWIĘTOKRZYSKIE,2019,total,43.8
205,2800000,WARMIŃSKO-MAZURSKIE,2019,total,44.2
206,3000000,WIELKOPOLSKIE,2019,total,50.3
207,3200000,ZACHODNIOPOMORSKIE,2019,total,46.8
208,200000,DOLNOŚLĄSKIE,2020,total,51.0
209,400000,KUJAWSKO-POMORSKIE,2020,total,47.2
210,600000,LUBELSKIE,2020,total,46.6
211,800000,LUBUSKIE,2020,total,47.0
212,1000000,ŁÓDZKIE,2020,total,47.9
213,1200000,MAŁOPOLSKIE,2020,total,47.2
214,1400000,MAZOWIECKIE,2020,total,53.8
215,1600000,OPOLSKIE,2020,total,46.8
216,1800000,PODKARPACKIE,2020,total,43.2
217,2000000,PODLASKIE,2020,total,48.0
218,2200000,POMORSKIE,2020,total,50.3
219,2400000,ŚLĄSKIE,2020,total,46.6
220,2600000,ŚWIĘTOKRZYSKIE,2020,total,44.6
221,2800000,WARMIŃSKO-MAZURSKIE,2020,total,44.6
222,3000000,WIELKOPOLSKIE,2020,total,48.6
223,3200000,ZACHODNIOPOMORSKIE,2020,total,47.6
224,200000,DOLNOŚLĄSKIE,2021,total,51.5
225,400000,KUJAWSKO-POMORSKIE,2021,total,49.9
226,600000,LUBELSKIE,2021,total,49.1
227,800000,LUBUSKIE,2021,total,47.7
228,1000000,ŁÓDZKIE,2021,total,50.7
229,1200000,MAŁOPOLSKIE,2021,total,49.7
230,1400000,MAZOWIECKIE,2021,total,55.8
231,1600000,OPOLSKIE,2021,total,50.5
232,1800000,PODKARPACKIE,2021,total,43.5
233,2000000,PODLASKIE,2021,total,50.6
234,2200000,POMORSKIE,2021,total,52.2
235,2400000,ŚLĄSKIE,2021,total,49.0
236,2600000,ŚWIĘTOKRZYSKIE,2021,total,47.4
237,2800000,WARMIŃSKO-MAZURSKIE,2021,total,47.3
238,3000000,WIELKOPOLSKIE,2021,total,52.3
239,3200000,ZACHODNIOPOMORSKIE,2021,total,49.1
240,200000,DOLNOŚLĄSKIE,2022,total,51.8
241,400000,KUJAWSKO-POMORSKIE,2022,total,51.1
242,600000,LUBELSKIE,2022,total,50.1
243,800000,LUBUSKIE,2022,total,48.2
244,1000000,ŁÓDZKIE,2022,total,51.8
245,1200000,MAŁOPOLSKIE,2022,total,49.4
246,1400000,MAZOWIECKIE,2022,total,56.8
247,1600000,OPOLSKIE,2022,total,50.0
248,1800000,PODKARPACKIE,2022,total,44.9
249,2000000,PODLASKIE,2022,total,51.4
250,2200000,POMORSKIE,2022,total,53.3
251,2400000,ŚLĄSKIE,2022,total,49.0
252,2600000,ŚWIĘTOKRZYSKIE,2022,total,48.2
253,2800000,WARMIŃSKO-MAZURSKIE,2022,total,47.2
254,3000000,WIELKOPOLSKIE,2022,total,52.6
255,3200000,ZACHODNIOPOMORSKIE,2022,total,50.0
256,200000,DOLNOŚLĄSKIE,2023,total,53.4
257,400000,KUJAWSKO-POMORSKIE,2023,total,51.4
258,600000,LUBELSKIE,2023,total,49.6
259,800000,LUBUSKIE,2023,total,49.4
260,1000000,ŁÓDZKIE,2023,total,51.2
261,1200000,MAŁOPOLSKIE,2023,total,51.4
262,1400000,MAZOWIECKIE,2023,total,57.9
263,1600000,OPOLSKIE,2023,total,50.0
264,1800000,PODKARPACKIE,2023,total,46.4
265,2000000,PODLASKIE,2023,total,51.2
266,2200000,POMORSKIE,2023,total,54.0
267,2400000,ŚLĄSKIE,2023,total,49.9
268,2600000,ŚWIĘTOKRZYSKIE,2023,total,48.3
269,2800000,WARMIŃSKO-MAZURSKIE,2023,total,47.8
270,3000000,WIELKOPOLSKIE,2023,total,51.4
271,3200000,ZACHODNIOPOMORSKIE,2023,total,50.1
272,200000,DOLNOŚLĄSKIE,2024,total,53.8
273,400000,KUJAWSKO-POMORSKIE,2024,total,51.7
274,600000,LUBELSKIE,2024,total,49.6
275,800000,LUBUSKIE,2024,total,48.5
276,1000000,ŁÓDZKIE,2024,total,49.9
277,1200000,MAŁOPOLSKIE,2024,total,52.4
278,1400000,MAZOWIECKIE,2024,total,58.5
279,1600000,OPOLSKIE,2024,total,49.5
280,1800000,PODKARPACKIE,2024,total,45.4
281,2000000,PODLASKIE,2024,total,49.8
282,2200000,POMORSKIE,2024,total,54.1
283,2400000,ŚLĄSKIE,2024,total,49.4
284,2600000,ŚWIĘTOKRZYSKIE,2024,total,48.3
285,2800000,WARMIŃSKO-MAZURSKIE,2024,total,48.7
286,3000000,WIELKOPOLSKIE,2024,total,52.4
287,3200000,ZACHODNIOPOMORSKIE,2024,total,49.8
288,200000,DOLNOŚLĄSKIE,2019,15-24,37.2
289,400000,KUJAWSKO-POMORSKIE,2019,15-24,37.4
290,600000,LUBELSKIE,2019,15-24,30.7
291,800000,LUBUSKIE,2019,15-24,31.2
292,1000000,ŁÓDZKIE,2019,15-24,34.5
293,1200000,MAŁOPOLSKIE,2019,15-24,36.3
294,1400000,MAZOWIECKIE,2019,15-24,35.5
295,1600000,OPOLSKIE,2019,15-24,36.5
296,1800000,PODKARPACKIE,2019,15-24,27.8
297,2000000,PODLASKIE,2019,15-24,31.5
298,2200000,POMORSKIE,2019,15-24,37.3
299,2400000,ŚLĄSKIE,2019,15-24,36.1
300,2600000,ŚWIĘTOKRZYSKIE,2019,15-24,30.4
301,2800000,WARMIŃSKO-MAZURSKIE,2019,15-24,30.6
302,3000000,WIELKOPOLSKIE,2019,15-24,41.8
303,3200000,ZACHODNIOPOMORSKIE,2019,15-24,30.5
304,200000,DOLNOŚLĄSKIE,2020,15-24,34.9
305,400000,KUJAWSKO-POMORSKIE,2020,15-24,32.5
306,600000,LUBELSKIE,2020,15-24,28.4
307,800000,LUBUSKIE,2020,15-24,29.3
308,1000000,ŁÓDZKIE,2020,15-24,33.0
309,1200000,MAŁOPOLSKIE,2020,15-24,31.5
310,1400000,MAZOWIECKIE,2020,15-24,33.0
311,1600000,OPOLSKIE,2020,15-24,33.3
312,1800000,PODKARPACKIE,2020,15-24,24.2
313,2000000,PODLASKIE,2020,15-24,30.0
314,2200000,POMORSKIE,2020,15-24,34.2
315,2400000,ŚLĄSKIE,2020,15-24,32.4
316,2600000,ŚWIĘTOKRZYSKIE,2020,15-24,30.4
317,2800000,WARMIŃSKO-MAZURSKIE,2020,15-24,26.3
318,3000000,WIELKOPOLSKIE,2020,15-24,36.4
319,3200000,ZACHODNIOPOMORSKIE,2020,15-24,28.0
320,200000,DOLNOŚLĄSKIE,2021,15-24,31.6
321,400000,KUJAWSKO-POMORSKIE,2021,15-24,30.9
322,600000,LUBELSKIE,2021,15-24,29.4
323,800000,LUBUSKIE,2021,15-24,27.5
324,1000000,ŁÓDZKIE,2021,15-24,33.2
325,1200000,MAŁOPOLSKIE,2021,15-24,27.5
326,1400000,MAZOWIECKIE,2021,15-24,33.9
327,1600000,OPOLSKIE,2021,15-24,33.7
328,1800000,PODKARPACKIE,2021,15-24,23.1
329,2000000,PODLASKIE,2021,15-24,26.9
330,2200000,POMORSKIE,2021,15-24,30.4
331,2400000,ŚLĄSKIE,2021,15-24,33.2
332,2600000,ŚWIĘTOKRZYSKIE,2021,15-24,28.2
333,2800000,WARMIŃSKO-MAZURSKIE,2021,15-24,25.0
334,3000000,WIELKOPOLSKIE,2021,15-24,41.9
335,3200000,ZACHODNIOPOMORSKIE,2021,15-24,26.5
336,200000,DOLNOŚLĄSKIE,2022,15-24,36.7
337,400000,KUJAWSKO-POMORSKIE,2022,15-24,30.7
338,600000,LUBELSKIE,2022,15-24,31.2
339,800000,LUBUSKIE,2022,15-24,26.4
340,1000000,ŁÓDZKIE,2022,15-24,35.8
341,1200000,MAŁOPOLSKIE,2022,15-24,29.1
342,1400000,MAZOWIECKIE,2022,15-24,33.1
343,1600000,OPOLSKIE,2022,15-24,29.6
344,1800000,PODKARPACKIE,2022,15-24,24.4
345,2000000,PODLASKIE,2022,15-24,29.2
346,2200000,POMORSKIE,2022,15-24,30.2
347,2400000,ŚLĄSKIE,2022,15-24,33.9
348,2600000,ŚWIĘTOKRZYSKIE,2022,15-24,28.4
349,2800000,WARMIŃSKO-MAZURSKIE,2022,15-24,26.0
350,3000000,WIELKOPOLSKIE,2022,15-24,37.2
351,3200000,ZACHODNIOPOMORSKIE,2022,15-24,27.6
352,200000,DOLNOŚLĄSKIE,2023,15-24,38.9
353,400000,KUJAWSKO-POMORSKIE,2023,15-24,27.9
354,600000,LUBELSKIE,2023,15-24,31.8
355,800000,LUBUSKIE,2023,15-24,27.2
356,1000000,ŁÓDZKIE,2023,15-24,39.5
357,1200000,MAŁOPOLSKIE,2023,15-24,29.9
358,1400000,MAZOWIECKIE,2023,15-24,32.5
359,1600000,OPOLSKIE,2023,15-24,34.6
360,1800000,PODKARPACKIE,2023,15-24,27.8
361,2000000,PODLASKIE,2023,15-24,24.5
362,2200000,POMORSKIE,2023,15-24,28.3
363,2400000,ŚLĄSKIE,2023,15-24,35.3
364,2600000,ŚWIĘTOKRZYSKIE,2023,15-24,26.9
365,2800000,WARMIŃSKO-MAZURSKIE,2023,15-24,27.5
366,3000000,WIELKOPOLSKIE,2023,15-24,37.7
367,3200000,ZACHODNIOPOMORSKIE,2023,15-24,31.5
368,200000,DOLNOŚLĄSKIE,2024,15-24,38.6
369,400000,KUJAWSKO-POMORSKIE,2024,15-24,35.6
370,600000,LUBELSKIE,2024,15-24,31.8
371,800000,LUBUSKIE,2024,15-24,31.2
372,1000000,ŁÓDZKIE,2024,15-24,33.8
373,1200000,MAŁOPOLSKIE,2024,15-24,32.5
374,1400000,MAZOWIECKIE,2024,15-24,34.3
375,1600000,OPOLSKIE,2024,15-24,30.9
376,1800000,PODKARPACKIE,2024,15-24,22.4
377,2000000,PODLASKIE,2024,15-24,25.5
378,2200000,POMORSKIE,2024,15-24,28.8
379,2400000,ŚLĄSKIE,2024,15-24,29.4
380,2600000,ŚWIĘTOKRZYSKIE,2024,15-24,30.3
381,2800000,WARMIŃSKO-MAZURSKIE,2024,15-24,28.6
382,3000000,WIELKOPOLSKIE,2024,15-24,34.7
383,3200000,ZACHODNIOPOMORSKIE,2024,15-24,32.0
384,200000,DOLNOŚLĄSKIE,2019,15-24,40.6
385,400000,KUJAWSKO-POMORSKIE,2019,15-24,41.0
386,600000,LUBELSKIE,2019,15-24,34.9
387,800000,LUBUSKIE,2019,15-24,35.4
388,1000000,ŁÓDZKIE,2019,15-24,39.1
389,1200000,MAŁOPOLSKIE,2019,15-24,38.8
390,1400000,MAZOWIECKIE,2019,15-24,37.6
391,1600000,OPOLSKIE,2019,15-24,43.2
392,1800000,PODKARPACKIE,2019,15-24,34.9
393,2000000,PODLASKIE,2019,15-24,35.1
394,2200000,POMORSKIE,2019,15-24,43.2
395,2400000,ŚLĄSKIE,2019,15-24,39.7
396,2600000,ŚWIĘTOKRZYSKIE,2019,15-24,36.2
397,2800000,WARMIŃSKO-MAZURSKIE,2019,15-24,36.2
398,3000000,WIELKOPOLSKIE,2019,15-24,44.4
399,3200000,ZACHODNIOPOMORSKIE,2019,15-24,34.6
400,200000,DOLNOŚLĄSKIE,2020,15-24,35.1
401,400000,KUJAWSKO-POMORSKIE,2020,15-24,36.0
402,600000,LUBELSKIE,2020,15-24,33.3
403,800000,LUBUSKIE,2020,15-24,36.2
404,1000000,ŁÓDZKIE,2020,15-24,36.8
405,1200000,MAŁOPOLSKIE,2020,15-24,36.9
406,1400000,MAZOWIECKIE,2020,15-24,37.3
407,1600000,OPOLSKIE,2020,15-24,39.5
408,1800000,PODKARPACKIE,2020,15-24,29.4
409,2000000,PODLASKIE,2020,15-24,35.1
410,2200000,POMORSKIE,2020,15-24,40.2
411,2400000,ŚLĄSKIE,2020,15-24,33.8
412,2600000,ŚWIĘTOKRZYSKIE,2020,15-24,34.5
413,2800000,WARMIŃSKO-MAZURSKIE,2020,15-24,30.4
414,3000000,WIELKOPOLSKIE,2020,15-24,41.9
415,3200000,ZACHODNIOPOMORSKIE,2020,15-24,27.3
416,200000,DOLNOŚLĄSKIE,2021,15-24,34.6
417,400000,KUJAWSKO-POMORSKIE,2021,15-24,32.7
418,600000,LUBELSKIE,2021,15-24,35.0
419,800000,LUBUSKIE,2021,15-24,31.9
420,1000000,ŁÓDZKIE,2021,15-24,33.0
421,1200000,MAŁOPOLSKIE,2021,15-24,33.7
422,1400000,MAZOWIECKIE,2021,15-24,37.5
423,1600000,OPOLSKIE,2021,15-24,35.7
424,1800000,PODKARPACKIE,2021,15-24,29.0
425,2000000,PODLASKIE,2021,15-24,30.4
426,2200000,POMORSKIE,2021,15-24,36.5
427,2400000,ŚLĄSKIE,2021,15-24,37.9
428,2600000,ŚWIĘTOKRZYSKIE,2021,15-24,33.3
429,2800000,WARMIŃSKO-MAZURSKIE,2021,15-24,30.9
430,3000000,WIELKOPOLSKIE,2021,15-24,48.3
431,3200000,ZACHODNIOPOMORSKIE,2021,15-24,30.7
432,200000,DOLNOŚLĄSKIE,2022,15-24,36.8
433,400000,KUJAWSKO-POMORSKIE,2022,15-24,34.0
434,600000,LUBELSKIE,2022,15-24,37.3
435,800000,LUBUSKIE,2022,15-24,29.8
436,1000000,ŁÓDZKIE,2022,15-24,36.4
437,1200000,MAŁOPOLSKIE,2022,15-24,35.5
438,1400000,MAZOWIECKIE,2022,15-24,35.4
439,1600000,OPOLSKIE,2022,15-24,33.3
440,1800000,PODKARPACKIE,2022,15-24,28.3
441,2000000,PODLASKIE,2022,15-24,36.4
442,2200000,POMORSKIE,2022,15-24,34.2
443,2400000,ŚLĄSKIE,2022,15-24,40.9
444,2600000,ŚWIĘTOKRZYSKIE,2022,15-24,35.7
445,2800000,WARMIŃSKO-MAZURSKIE,2022,15-24,34.3
446,3000000,WIELKOPOLSKIE,2022,15-24,42.9
447,3200000,ZACHODNIOPOMORSKIE,2022,15-24,29.3
448,200000,DOLNOŚLĄSKIE,2023,15-24,37.9
449,400000,KUJAWSKO-POMORSKIE,2023,15-24,28.9
450,600000,LUBELSKIE,2023,15-24,38.6
451,800000,LUBUSKIE,2023,15-24,36.2
452,1000000,ŁÓDZKIE,2023,15-24,41.8
453,1200000,MAŁOPOLSKIE,2023,15-24,32.1
454,1400000,MAZOWIECKIE,2023,15-24,35.1
455,1600000,OPOLSKIE,2023,15-24,36.6
456,1800000,PODKARPACKIE,2023,15-24,30.5
457,2000000,PODLASKIE,2023,15-24,33.3
458,2200000,POMORSKIE,2023,15-24,32.2
459,2400000,ŚLĄSKIE,2023,15-24,41.2
460,2600000,ŚWIĘTOKRZYSKIE,2023,15-24,32.1
461,2800000,WARMIŃSKO-MAZURSKIE,2023,15-24,30.9
462,3000000,WIELKOPOLSKIE,2023,15-24,46.0
463,3200000,ZACHODNIOPOMORSKIE,2023,15-24,29.3
464,200000,DOLNOŚLĄSKIE,2024,15-24,38.4
465,400000,KUJAWSKO-POMORSKIE,2024,15-24,39.8
466,600000,LUBELSKIE,2024,15-24,34.7
467,800000,LUBUSKIE,2024,15-24,36.2
468,1000000,ŁÓDZKIE,2024,15-24,37.8
469,1200000,MAŁOPOLSKIE,2024,15-24,35.5
470,1400000,MAZOWIECKIE,2024,15-24,35.6
471,1600000,OPOLSKIE,2024,15-24,36.6
472,1800000,PODKARPACKIE,2024,15-24,26.7
473,2000000,PODLASKIE,2024,15-24,31.5
474,2200000,POMORSKIE,2024,15-24,30.8
475,2400000,ŚLĄSKIE,2024,15-24,31.6
476,2600000,ŚWIĘTOKRZYSKIE,2024,15-24,32.1
477,2800000,WARMIŃSKO-MAZURSKIE,2024,15-24,32.4
478,3000000,WIELKOPOLSKIE,2024,15-24,36.5
479,3200000,ZACHODNIOPOMORSKIE,2024,15-24,30.7
480,200000,DOLNOŚLĄSKIE,2019,15-24,33.6
481,400000,KUJAWSKO-POMORSKIE,2019,15-24,33.7
482,600000,LUBELSKIE,2019,15-24,26.3
483,800000,LUBUSKIE,2019,15-24,26.7
484,1000000,ŁÓDZKIE,2019,15-24,29.6
485,1200000,MAŁOPOLSKIE,2019,15-24,33.7
486,1400000,MAZOWIECKIE,2019,15-24,33.2
487,1600000,OPOLSKIE,2019,15-24,31.7
488,1800000,PODKARPACKIE,2019,15-24,21.6
489,2000000,PODLASKIE,2019,15-24,27.8
490,2200000,POMORSKIE,2019,15-24,32.2
491,2400000,ŚLĄSKIE,2019,15-24,32.3
492,2600000,ŚWIĘTOKRZYSKIE,2019,15-24,24.1
493,2800000,WARMIŃSKO-MAZURSKIE,2019,15-24,24.6
494,3000000,WIELKOPOLSKIE,2019,15-24,39.0
495,3200000,ZACHODNIOPOMORSKIE,2019,15-24,27.4
496,200000,DOLNOŚLĄSKIE,2020,15-24,33.9
497,400000,KUJAWSKO-POMORSKIE,2020,15-24,28.7
498,600000,LUBELSKIE,2020,15-24,23.2
499,800000,LUBUSKIE,2020,15-24,22.2
500,1000000,ŁÓDZKIE,2020,15-24,29.0
501,1200000,MAŁOPOLSKIE,2020,15-24,25.9
502,1400000,MAZOWIECKIE,2020,15-24,28.5
503,1600000,OPOLSKIE,2020,15-24,26.8
504,1800000,PODKARPACKIE,2020,15-24,17.6
505,2000000,PODLASKIE,2020,15-24,25.9
506,2200000,POMORSKIE,2020,15-24,28.1
507,2400000,ŚLĄSKIE,2020,15-24,30.9
508,2600000,ŚWIĘTOKRZYSKIE,2020,15-24,25.9
509,2800000,WARMIŃSKO-MAZURSKIE,2020,15-24,21.9
510,3000000,WIELKOPOLSKIE,2020,15-24,30.6
511,3200000,ZACHODNIOPOMORSKIE,2020,15-24,28.8
512,200000,DOLNOŚLĄSKIE,2021,15-24,28.5
513,400000,KUJAWSKO-POMORSKIE,2021,15-24,30.1
514,600000,LUBELSKIE,2021,15-24,23.5
515,800000,LUBUSKIE,2021,15-24,22.7
516,1000000,ŁÓDZKIE,2021,15-24,33.0
517,1200000,MAŁOPOLSKIE,2021,15-24,21.1
518,1400000,MAZOWIECKIE,2021,15-24,30.2
519,1600000,OPOLSKIE,2021,15-24,32.5
520,1800000,PODKARPACKIE,2021,15-24,16.8
521,2000000,PODLASKIE,2021,15-24,22.6
522,2200000,POMORSKIE,2021,15-24,24.1
523,2400000,ŚLĄSKIE,2021,15-24,27.4
524,2600000,ŚWIĘTOKRZYSKIE,2021,15-24,20.8
525,2800000,WARMIŃSKO-MAZURSKIE,2021,15-24,17.2
526,3000000,WIELKOPOLSKIE,2021,15-24,35.3
527,3200000,ZACHODNIOPOMORSKIE,2021,15-24,23.9
528,200000,DOLNOŚLĄSKIE,2022,15-24,36.7
529,400000,KUJAWSKO-POMORSKIE,2022,15-24,27.2
530,600000,LUBELSKIE,2022,15-24,24.7
531,800000,LUBUSKIE,2022,15-24,22.7
532,1000000,ŁÓDZKIE,2022,15-24,35.6
533,1200000,MAŁOPOLSKIE,2022,15-24,22.7
534,1400000,MAZOWIECKIE,2022,15-24,30.4
535,1600000,OPOLSKIE,2022,15-24,25.0
536,1800000,PODKARPACKIE,2022,15-24,20.0
537,2000000,PODLASKIE,2022,15-24,21.2
538,2200000,POMORSKIE,2022,15-24,26.4
539,2400000,ŚLĄSKIE,2022,15-24,26.5
540,2600000,ŚWIĘTOKRZYSKIE,2022,15-24,20.8
541,2800000,WARMIŃSKO-MAZURSKIE,2022,15-24,17.5
542,3000000,WIELKOPOLSKIE,2022,15-24,30.7
543,3200000,ZACHODNIOPOMORSKIE,2022,15-24,25.4
544,200000,DOLNOŚLĄSKIE,2023,15-24,40.0
545,400000,KUJAWSKO-POMORSKIE,2023,15-24,27.2
546,600000,LUBELSKIE,2023,15-24,25.0
547,800000,LUBUSKIE,2023,15-24,0.0
548,1000000,ŁÓDZKIE,2023,15-24,36.5
549,1200000,MAŁOPOLSKIE,2023,15-24,27.0
550,1400000,MAZOWIECKIE,2023,15-24,30.3
551,1600000,OPOLSKIE,2023,15-24,33.3
552,1800000,PODKARPACKIE,2023,15-24,0.0
553,2000000,PODLASKIE,2023,15-24,15.4
554,2200000,POMORSKIE,2023,15-24,24.3
555,2400000,ŚLĄSKIE,2023,15-24,28.5
556,2600000,ŚWIĘTOKRZYSKIE,2023,15-24,20.8
557,2800000,WARMIŃSKO-MAZURSKIE,2023,15-24,21.9
558,3000000,WIELKOPOLSKIE,2023,15-24,28.7
559,3200000,ZACHODNIOPOMORSKIE,2023,15-24,33.8
560,200000,DOLNOŚLĄSKIE,2024,15-24,38.8
561,400000,KUJAWSKO-POMORSKIE,2024,15-24,31.2
562,600000,LUBELSKIE,2024,15-24,28.9
563,800000,LUBUSKIE,2024,15-24,24.4
564,1000000,ŁÓDZKIE,2024,15-24,29.5
565,1200000,MAŁOPOLSKIE,2024,15-24,28.8
566,1400000,MAZOWIECKIE,2024,15-24,32.9
567,1600000,OPOLSKIE,2024,15-24,25.6
568,1800000,PODKARPACKIE,2024,15-24,19.0
569,2000000,PODLASKIE,2024,15-24,19.2
570,2200000,POMORSKIE,2024,15-24,26.8
571,2400000,ŚLĄSKIE,2024,15-24,27.0
572,2600000,ŚWIĘTOKRZYSKIE,2024,15-24,26.4
573,2800000,WARMIŃSKO-MAZURSKIE,2024,15-24,25.0
574,3000000,WIELKOPOLSKIE,2024,15-24,32.1
575,3200000,ZACHODNIOPOMORSKIE,2024,15-24,33.3
576,200000,DOLNOŚLĄSKIE,2019,15-64,73.1
577,400000,KUJAWSKO-POMORSKIE,2019,15-64,69.3
578,600000,LUBELSKIE,2019,15-64,67.4
579,800000,LUBUSKIE,2019,15-64,69.0
580,1000000,ŁÓDZKIE,2019,15-64,70.9
581,1200000,MAŁOPOLSKIE,2019,15-64,67.9
582,1400000,MAZOWIECKIE,2019,15-64,74.7
583,1600000,OPOLSKIE,2019,15-64,70.8
584,1800000,PODKARPACKIE,2019,15-64,64.0
585,2000000,PODLASKIE,2019,15-64,69.6
586,2200000,POMORSKIE,2019,15-64,73.2
587,2400000,ŚLĄSKIE,2019,15-64,68.0
588,2600000,ŚWIĘTOKRZYSKIE,2019,15-64,66.0
589,2800000,WARMIŃSKO-MAZURSKIE,2019,15-64,65.0
590,3000000,WIELKOPOLSKIE,2019,15-64,72.5
591,3200000,ZACHODNIOPOMORSKIE,2019,15-64,68.7
592,200000,DOLNOŚLĄSKIE,2020,15-64,73.1
593,400000,KUJAWSKO-POMORSKIE,2020,15-64,69.1
594,600000,LUBELSKIE,2020,15-64,68.2
595,800000,LUBUSKIE,2020,15-64,69.7
596,1000000,ŁÓDZKIE,2020,15-64,72.0
597,1200000,MAŁOPOLSKIE,2020,15-64,67.8
598,1400000,MAZOWIECKIE,2020,15-64,74.7
599,1600000,OPOLSKIE,2020,15-64,71.3
600,1800000,PODKARPACKIE,2020,15-64,64.4
601,2000000,PODLASKIE,2020,15-64,69.6
602,2200000,POMORSKIE,2020,15-64,72.5
603,2400000,ŚLĄSKIE,2020,15-64,67.9
604,2600000,ŚWIĘTOKRZYSKIE,2020,15-64,68.2
605,2800000,WARMIŃSKO-MAZURSKIE,2020,15-64,65.7
606,3000000,WIELKOPOLSKIE,2020,15-64,71.6
607,3200000,ZACHODNIOPOMORSKIE,2020,15-64,69.3
608,200000,DOLNOŚLĄSKIE,2021,15-64,74.7
609,400000,KUJAWSKO-POMORSKIE,2021,15-64,72.7
610,600000,LUBELSKIE,2021,15-64,71.5
611,800000,LUBUSKIE,2021,15-64,70.1
612,1000000,ŁÓDZKIE,2021,15-64,74.2
613,1200000,MAŁOPOLSKIE,2021,15-64,70.6
614,1400000,MAZOWIECKIE,2021,15-64,77.2
615,1600000,OPOLSKIE,2021,15-64,74.9
616,1800000,PODKARPACKIE,2021,15-64,66.2
617,2000000,PODLASKIE,2021,15-64,72.9
618,2200000,POMORSKIE,2021,15-64,74.0
619,2400000,ŚLĄSKIE,2021,15-64,71.0
620,2600000,ŚWIĘTOKRZYSKIE,2021,15-64,71.6
621,2800000,WARMIŃSKO-MAZURSKIE,2021,15-64,69.5
622,3000000,WIELKOPOLSKIE,2021,15-64,75.6
623,3200000,ZACHODNIOPOMORSKIE,2021,15-64,70.9
624,200000,DOLNOŚLĄSKIE,2022,15-64,75.1
625,400000,KUJAWSKO-POMORSKIE,2022,15-64,73.9
626,600000,LUBELSKIE,2022,15-64,73.0
627,800000,LUBUSKIE,2022,15-64,71.3
628,1000000,ŁÓDZKIE,2022,15-64,76.0
629,1200000,MAŁOPOLSKIE,2022,15-64,70.4
630,1400000,MAZOWIECKIE,2022,15-64,78.1
631,1600000,OPOLSKIE,2022,15-64,73.3
632,1800000,PODKARPACKIE,2022,15-64,66.6
633,2000000,PODLASKIE,2022,15-64,74.2
634,2200000,POMORSKIE,2022,15-64,75.1
635,2400000,ŚLĄSKIE,2022,15-64,71.8
636,2600000,ŚWIĘTOKRZYSKIE,2022,15-64,72.8
637,2800000,WARMIŃSKO-MAZURSKIE,2022,15-64,70.0
638,3000000,WIELKOPOLSKIE,2022,15-64,75.2
639,3200000,ZACHODNIOPOMORSKIE,2022,15-64,72.1
640,200000,DOLNOŚLĄSKIE,2023,15-64,76.7
641,400000,KUJAWSKO-POMORSKIE,2023,15-64,74.3
642,600000,LUBELSKIE,2023,15-64,73.1
643,800000,LUBUSKIE,2023,15-64,73.3
644,1000000,ŁÓDZKIE,2023,15-64,76.0
645,1200000,MAŁOPOLSKIE,2023,15-64,71.8
646,1400000,MAZOWIECKIE,2023,15-64,78.9
647,1600000,OPOLSKIE,2023,15-64,73.8
648,1800000,PODKARPACKIE,2023,15-64,68.5
649,2000000,PODLASKIE,2023,15-64,74.5
650,2200000,POMORSKIE,2023,15-64,75.5
651,2400000,ŚLĄSKIE,2023,15-64,73.1
652,2600000,ŚWIĘTOKRZYSKIE,2023,15-64,72.6
653,2800000,WARMIŃSKO-MAZURSKIE,2023,15-64,70.5
654,3000000,WIELKOPOLSKIE,2023,15-64,75.8
655,3200000,ZACHODNIOPOMORSKIE,2023,15-64,73.5
656,200000,DOLNOŚLĄSKIE,2024,15-64,77.7
657,400000,KUJAWSKO-POMORSKIE,2024,15-64,75.5
658,600000,LUBELSKIE,2024,15-64,73.3
659,800000,LUBUSKIE,2024,15-64,72.8
660,1000000,ŁÓDZKIE,2024,15-64,74.4
661,1200000,MAŁOPOLSKIE,2024,15-64,73.2
662,1400000,MAZOWIECKIE,2024,15-64,79.3
663,1600000,OPOLSKIE,2024,15-64,74.5
664,1800000,PODKARPACKIE,2024,15-64,68.4
665,2000000,PODLASKIE,2024,15-64,73.2
666,2200000,POMORSKIE,2024,15-64,75.9
667,2400000,ŚLĄSKIE,2024,15-64,72.8
668,2600000,ŚWIĘTOKRZYSKIE,2024,15-64,72.9
669,2800000,WARMIŃSKO-MAZURSKIE,2024,15-64,71.4
670,3000000,WIELKOPOLSKIE,2024,15-64,75.6
671,3200000,ZACHODNIOPOMORSKIE,2024,15-64,74.1
672,200000,DOLNOŚLĄSKIE,2019,15-64,78.9
673,400000,KUJAWSKO-POMORSKIE,2019,15-64,77.2
674,600000,LUBELSKIE,2019,15-64,73.4
675,800000,LUBUSKIE,2019,15-64,76.3
676,1000000,ŁÓDZKIE,2019,15-64,77.6
677,1200000,MAŁOPOLSKIE,2019,15-64,74.9
678,1400000,MAZOWIECKIE,2019,15-64,80.1
679,1600000,OPOLSKIE,2019,15-64,79.5
680,1800000,PODKARPACKIE,2019,15-64,71.5
681,2000000,PODLASKIE,2019,15-64,76.2
682,2200000,POMORSKIE,2019,15-64,81.3
683,2400000,ŚLĄSKIE,2019,15-64,73.9
684,2600000,ŚWIĘTOKRZYSKIE,2019,15-64,72.9
685,2800000,WARMIŃSKO-MAZURSKIE,2019,15-64,72.5
686,3000000,WIELKOPOLSKIE,2019,15-64,80.5
687,3200000,ZACHODNIOPOMORSKIE,2019,15-64,75.8
688,200000,DOLNOŚLĄSKIE,2020,15-64,79.0
689,400000,KUJAWSKO-POMORSKIE,2020,15-64,76.9
690,600000,LUBELSKIE,2020,15-64,74.2
691,800000,LUBUSKIE,2020,15-64,77.4
692,1000000,ŁÓDZKIE,2020,15-64,78.8
693,1200000,MAŁOPOLSKIE,2020,15-64,75.1
694,1400000,MAZOWIECKIE,2020,15-64,80.4
695,1600000,OPOLSKIE,2020,15-64,79.7
696,1800000,PODKARPACKIE,2020,15-64,72.2
697,2000000,PODLASKIE,2020,15-64,76.4
698,2200000,POMORSKIE,2020,15-64,81.3
699,2400000,ŚLĄSKIE,2020,15-64,73.8
700,2600000,ŚWIĘTOKRZYSKIE,2020,15-64,75.5
701,2800000,WARMIŃSKO-MAZURSKIE,2020,15-64,73.0
702,3000000,WIELKOPOLSKIE,2020,15-64,80.7
703,3200000,ZACHODNIOPOMORSKIE,2020,15-64,76.1
704,200000,DOLNOŚLĄSKIE,2021,15-64,81.3
705,400000,KUJAWSKO-POMORSKIE,2021,15-64,79.4
706,600000,LUBELSKIE,2021,15-64,77.0
707,800000,LUBUSKIE,2021,15-64,77.7
708,1000000,ŁÓDZKIE,2021,15-64,80.2
709,1200000,MAŁOPOLSKIE,2021,15-64,77.3
710,1400000,MAZOWIECKIE,2021,15-64,82.9
711,1600000,OPOLSKIE,2021,15-64,82.0
712,1800000,PODKARPACKIE,2021,15-64,75.1
713,2000000,PODLASKIE,2021,15-64,78.6
714,2200000,POMORSKIE,2021,15-64,81.4
715,2400000,ŚLĄSKIE,2021,15-64,76.9
716,2600000,ŚWIĘTOKRZYSKIE,2021,15-64,78.8
717,2800000,WARMIŃSKO-MAZURSKIE,2021,15-64,76.5
718,3000000,WIELKOPOLSKIE,2021,15-64,83.7
719,3200000,ZACHODNIOPOMORSKIE,2021,15-64,76.9
720,200000,DOLNOŚLĄSKIE,2022,15-64,81.4
721,400000,KUJAWSKO-POMORSKIE,2022,15-64,80.1
722,600000,LUBELSKIE,2022,15-64,78.3
723,800000,LUBUSKIE,2022,15-64,79.0
724,1000000,ŁÓDZKIE,2022,15-64,81.7
725,1200000,MAŁOPOLSKIE,2022,15-64,77.5
726,1400000,MAZOWIECKIE,2022,15-64,82.9
727,1600000,OPOLSKIE,2022,15-64,79.3
728,1800000,PODKARPACKIE,2022,15-64,73.8
729,2000000,PODLASKIE,2022,15-64,79.7
730,2200000,POMORSKIE,2022,15-64,81.3
731,2400000,ŚLĄSKIE,2022,15-64,77.6
732,2600000,ŚWIĘTOKRZYSKIE,2022,15-64,79.5
733,2800000,WARMIŃSKO-MAZURSKIE,2022,15-64,77.3
734,3000000,WIELKOPOLSKIE,2022,15-64,82.2
735,3200000,ZACHODNIOPOMORSKIE,2022,15-64,77.3
736,200000,DOLNOŚLĄSKIE,2023,15-64,81.9
737,400000,KUJAWSKO-POMORSKIE,2023,15-64,79.7
738,600000,LUBELSKIE,2023,15-64,78.2
739,800000,LUBUSKIE,2023,15-64,80.7
740,1000000,ŁÓDZKIE,2023,15-64,81.3
741,1200000,MAŁOPOLSKIE,2023,15-64,77.2
742,1400000,MAZOWIECKIE,2023,15-64,82.8
743,1600000,OPOLSKIE,2023,15-64,80.1
744,1800000,PODKARPACKIE,2023,15-64,75.1
745,2000000,PODLASKIE,2023,15-64,80.0
746,2200000,POMORSKIE,2023,15-64,80.8
747,2400000,ŚLĄSKIE,2023,15-64,78.7
748,2600000,ŚWIĘTOKRZYSKIE,2023,15-64,78.4
749,2800000,WARMIŃSKO-MAZURSKIE,2023,15-64,76.5
750,3000000,WIELKOPOLSKIE,2023,15-64,84.1
751,3200000,ZACHODNIOPOMORSKIE,2023,15-64,79.4
752,200000,DOLNOŚLĄSKIE,2024,15-64,82.5
753,400000,KUJAWSKO-POMORSKIE,2024,15-64,81.0
754,600000,LUBELSKIE,2024,15-64,78.3
755,800000,LUBUSKIE,2024,15-64,79.9
756,1000000,ŁÓDZKIE,2024,15-64,79.6
757,1200000,MAŁOPOLSKIE,2024,15-64,78.1
758,1400000,MAZOWIECKIE,2024,15-64,82.9
759,1600000,OPOLSKIE,2024,15-64,81.6
760,1800000,PODKARPACKIE,2024,15-64,75.4
761,2000000,PODLASKIE,2024,15-64,79.2
762,2200000,POMORSKIE,2024,15-64,81.3
763,2400000,ŚLĄSKIE,2024,15-64,78.0
764,2600000,ŚWIĘTOKRZYSKIE,2024,15-64,78.3
765,2800000,WARMIŃSKO-MAZURSKIE,2024,15-64,76.9
766,3000000,WIELKOPOLSKIE,2024,15-64,82.1
767,3200000,ZACHODNIOPOMORSKIE,2024,15-64,80.4
768,200000,DOLNOŚLĄSKIE,2019,15-64,67.3
769,400000,KUJAWSKO-POMORSKIE,2019,15-64,61.3
770,600000,LUBELSKIE,2019,15-64,61.2
771,800000,LUBUSKIE,2019,15-64,61.6
772,1000000,ŁÓDZKIE,2019,15-64,64.2
773,1200000,MAŁOPOLSKIE,2019,15-64,60.8
774,1400000,MAZOWIECKIE,2019,15-64,69.4
775,1600000,OPOLSKIE,2019,15-64,62.1
776,1800000,PODKARPACKIE,2019,15-64,56.1
777,2000000,PODLASKIE,2019,15-64,62.8
778,2200000,POMORSKIE,2019,15-64,65.1
779,2400000,ŚLĄSKIE,2019,15-64,62.1
780,2600000,ŚWIĘTOKRZYSKIE,2019,15-64,58.9
781,2800000,WARMIŃSKO-MAZURSKIE,2019,15-64,57.3
782,3000000,WIELKOPOLSKIE,2019,15-64,64.5
783,3200000,ZACHODNIOPOMORSKIE,2019,15-64,61.5
784,200000,DOLNOŚLĄSKIE,2020,15-64,67.3
785,400000,KUJAWSKO-POMORSKIE,2020,15-64,61.3
786,600000,LUBELSKIE,2020,15-64,62.1
787,800000,LUBUSKIE,2020,15-64,61.8
788,1000000,ŁÓDZKIE,2020,15-64,65.4
789,1200000,MAŁOPOLSKIE,2020,15-64,60.4
790,1400000,MAZOWIECKIE,2020,15-64,68.9
791,1600000,OPOLSKIE,2020,15-64,62.5
792,1800000,PODKARPACKIE,2020,15-64,56.5
793,2000000,PODLASKIE,2020,15-64,62.9
794,2200000,POMORSKIE,2020,15-64,63.7
795,2400000,ŚLĄSKIE,2020,15-64,62.1
796,2600000,ŚWIĘTOKRZYSKIE,2020,15-64,60.7
797,2800000,WARMIŃSKO-MAZURSKIE,2020,15-64,58.1
798,3000000,WIELKOPOLSKIE,2020,15-64,62.5
799,3200000,ZACHODNIOPOMORSKIE,2020,15-64,62.6
800,200000,DOLNOŚLĄSKIE,2021,15-64,68.1
801,400000,KUJAWSKO-POMORSKIE,2021,15-64,65.8
802,600000,LUBELSKIE,2021,15-64,65.8
803,800000,LUBUSKIE,2021,15-64,62.5
804,1000000,ŁÓDZKIE,2021,15-64,68.4
805,1200000,MAŁOPOLSKIE,2021,15-64,63.9
806,1400000,MAZOWIECKIE,2021,15-64,71.6
807,1600000,OPOLSKIE,2021,15-64,67.5
808,1800000,PODKARPACKIE,2021,15-64,57.0
809,2000000,PODLASKIE,2021,15-64,67.0
810,2200000,POMORSKIE,2021,15-64,66.5
811,2400000,ŚLĄSKIE,2021,15-64,65.2
812,2600000,ŚWIĘTOKRZYSKIE,2021,15-64,64.2
813,2800000,WARMIŃSKO-MAZURSKIE,2021,15-64,62.3
814,3000000,WIELKOPOLSKIE,2021,15-64,67.4
815,3200000,ZACHODNIOPOMORSKIE,2021,15-64,64.7
816,200000,DOLNOŚLĄSKIE,2022,15-64,68.9
817,400000,KUJAWSKO-POMORSKIE,2022,15-64,67.7
818,600000,LUBELSKIE,2022,15-64,67.5
819,800000,LUBUSKIE,2022,15-64,63.8
820,1000000,ŁÓDZKIE,2022,15-64,70.4
821,1200000,MAŁOPOLSKIE,2022,15-64,63.4
822,1400000,MAZOWIECKIE,2022,15-64,73.5
823,1600000,OPOLSKIE,2022,15-64,66.9
824,1800000,PODKARPACKIE,2022,15-64,59.2
825,2000000,PODLASKIE,2022,15-64,68.3
826,2200000,POMORSKIE,2022,15-64,68.9
827,2400000,ŚLĄSKIE,2022,15-64,66.0
828,2600000,ŚWIĘTOKRZYSKIE,2022,15-64,65.8
829,2800000,WARMIŃSKO-MAZURSKIE,2022,15-64,62.6
830,3000000,WIELKOPOLSKIE,2022,15-64,68.3
831,3200000,ZACHODNIOPOMORSKIE,2022,15-64,66.7
832,200000,DOLNOŚLĄSKIE,2023,15-64,71.5
833,400000,KUJAWSKO-POMORSKIE,2023,15-64,69.1
834,600000,LUBELSKIE,2023,15-64,67.8
835,800000,LUBUSKIE,2023,15-64,65.8
836,1000000,ŁÓDZKIE,2023,15-64,70.9
837,1200000,MAŁOPOLSKIE,2023,15-64,66.4
838,1400000,MAZOWIECKIE,2023,15-64,75.2
839,1600000,OPOLSKIE,2023,15-64,67.5
840,1800000,PODKARPACKIE,2023,15-64,61.9
841,2000000,PODLASKIE,2023,15-64,68.7
842,2200000,POMORSKIE,2023,15-64,70.2
843,2400000,ŚLĄSKIE,2023,15-64,67.6
844,2600000,ŚWIĘTOKRZYSKIE,2023,15-64,66.8
845,2800000,WARMIŃSKO-MAZURSKIE,2023,15-64,64.2
846,3000000,WIELKOPOLSKIE,2023,15-64,67.4
847,3200000,ZACHODNIOPOMORSKIE,2023,15-64,67.6
848,200000,DOLNOŚLĄSKIE,2024,15-64,72.8
849,400000,KUJAWSKO-POMORSKIE,2024,15-64,69.9
850,600000,LUBELSKIE,2024,15-64,68.2
851,800000,LUBUSKIE,2024,15-64,65.7
852,1000000,ŁÓDZKIE,2024,15-64,69.1
853,1200000,MAŁOPOLSKIE,2024,15-64,68.1
854,1400000,MAZOWIECKIE,2024,15-64,75.7
855,1600000,OPOLSKIE,2024,15-64,67.0
856,1800000,PODKARPACKIE,2024,15-64,61.1
857,2000000,PODLASKIE,2024,15-64,67.5
858,2200000,POMORSKIE,2024,15-64,70.4
859,2400000,ŚLĄSKIE,2024,15-64,67.5
860,2600000,ŚWIĘTOKRZYSKIE,2024,15-64,67.6
861,2800000,WARMIŃSKO-MAZURSKIE,2024,15-64,65.8
862,3000000,WIELKOPOLSKIE,2024,15-64,69.0
863,3200000,ZACHODNIOPOMORSKIE,2024,15-64,67.8
864,200000,DOLNOŚLĄSKIE,2019,20-24,62.1
865,400000,KUJAWSKO-POMORSKIE,2019,20-24,64.7
866,600000,LUBELSKIE,2019,20-24,54.2
867,800000,LUBUSKIE,2019,20-24,55.1
868,1000000,ŁÓDZKIE,2019,20-24,59.3
869,1200000,MAŁOPOLSKIE,2019,20-24,61.7
870,1400000,MAZOWIECKIE,2019,20-24,62.5
871,1600000,OPOLSKIE,2019,20-24,57.8
872,1800000,PODKARPACKIE,2019,20-24,50.9
873,2000000,PODLASKIE,2019,20-24,57.6
874,2200000,POMORSKIE,2019,20-24,62.9
875,2400000,ŚLĄSKIE,2019,20-24,64.2
876,2600000,ŚWIĘTOKRZYSKIE,2019,20-24,52.5
877,2800000,WARMIŃSKO-MAZURSKIE,2019,20-24,55.1
878,3000000,WIELKOPOLSKIE,2019,20-24,69.7
879,3200000,ZACHODNIOPOMORSKIE,2019,20-24,53.8
880,200000,DOLNOŚLĄSKIE,2020,20-24,59.9
881,400000,KUJAWSKO-POMORSKIE,2020,20-24,55.4
882,600000,LUBELSKIE,2020,20-24,51.4
883,800000,LUBUSKIE,2020,20-24,52.1
884,1000000,ŁÓDZKIE,2020,20-24,59.8
885,1200000,MAŁOPOLSKIE,2020,20-24,52.7
886,1400000,MAZOWIECKIE,2020,20-24,58.4
887,1600000,OPOLSKIE,2020,20-24,53.3
888,1800000,PODKARPACKIE,2020,20-24,43.6
889,2000000,PODLASKIE,2020,20-24,52.5
890,2200000,POMORSKIE,2020,20-24,60.2
891,2400000,ŚLĄSKIE,2020,20-24,55.9
892,2600000,ŚWIĘTOKRZYSKIE,2020,20-24,53.4
893,2800000,WARMIŃSKO-MAZURSKIE,2020,20-24,48.5
894,3000000,WIELKOPOLSKIE,2020,20-24,60.0
895,3200000,ZACHODNIOPOMORSKIE,2020,20-24,48.1
896,200000,DOLNOŚLĄSKIE,2021,20-24,60.0
897,400000,KUJAWSKO-POMORSKIE,2021,20-24,57.4
898,600000,LUBELSKIE,2021,20-24,52.0
899,800000,LUBUSKIE,2021,20-24,50.0
900,1000000,ŁÓDZKIE,2021,20-24,58.3
901,1200000,MAŁOPOLSKIE,2021,20-24,50.0
902,1400000,MAZOWIECKIE,2021,20-24,57.6
903,1600000,OPOLSKIE,2021,20-24,62.5
904,1800000,PODKARPACKIE,2021,20-24,44.3
905,2000000,PODLASKIE,2021,20-24,47.3
906,2200000,POMORSKIE,2021,20-24,53.8
907,2400000,ŚLĄSKIE,2021,20-24,54.7
908,2600000,ŚWIĘTOKRZYSKIE,2021,20-24,52.8
909,2800000,WARMIŃSKO-MAZURSKIE,2021,20-24,50.0
910,3000000,WIELKOPOLSKIE,2021,20-24,64.5
911,3200000,ZACHODNIOPOMORSKIE,2021,20-24,50.0
912,200000,DOLNOŚLĄSKIE,2022,20-24,62.8
913,400000,KUJAWSKO-POMORSKIE,2022,20-24,59.3
914,600000,LUBELSKIE,2022,20-24,57.4
915,800000,LUBUSKIE,2022,20-24,52.3
916,1000000,ŁÓDZKIE,2022,20-24,64.3
917,1200000,MAŁOPOLSKIE,2022,20-24,51.5
918,1400000,MAZOWIECKIE,2022,20-24,59.8
919,1600000,OPOLSKIE,2022,20-24,50.0
920,1800000,PODKARPACKIE,2022,20-24,44.8
921,2000000,PODLASKIE,2022,20-24,50.0
922,2200000,POMORSKIE,2022,20-24,51.8
923,2400000,ŚLĄSKIE,2022,20-24,57.3
924,2600000,ŚWIĘTOKRZYSKIE,2022,20-24,56.0
925,2800000,WARMIŃSKO-MAZURSKIE,2022,20-24,52.5
926,3000000,WIELKOPOLSKIE,2022,20-24,60.6
927,3200000,ZACHODNIOPOMORSKIE,2022,20-24,52.1
928,200000,DOLNOŚLĄSKIE,2023,20-24,71.8
929,400000,KUJAWSKO-POMORSKIE,2023,20-24,55.6
930,600000,LUBELSKIE,2023,20-24,61.3
931,800000,LUBUSKIE,2023,20-24,53.5
932,1000000,ŁÓDZKIE,2023,20-24,66.9
933,1200000,MAŁOPOLSKIE,2023,20-24,53.6
934,1400000,MAZOWIECKIE,2023,20-24,60.3
935,1600000,OPOLSKIE,2023,20-24,64.1
936,1800000,PODKARPACKIE,2023,20-24,46.4
937,2000000,PODLASKIE,2023,20-24,48.1
938,2200000,POMORSKIE,2023,20-24,48.2
939,2400000,ŚLĄSKIE,2023,20-24,61.4
940,2600000,ŚWIĘTOKRZYSKIE,2023,20-24,54.0
941,2800000,WARMIŃSKO-MAZURSKIE,2023,20-24,57.1
942,3000000,WIELKOPOLSKIE,2023,20-24,63.2
943,3200000,ZACHODNIOPOMORSKIE,2023,20-24,58.1
944,200000,DOLNOŚLĄSKIE,2024,20-24,68.3
945,400000,KUJAWSKO-POMORSKIE,2024,20-24,65.2
946,600000,LUBELSKIE,2024,20-24,60.0
947,800000,LUBUSKIE,2024,20-24,62.5
948,1000000,ŁÓDZKIE,2024,20-24,65.7
949,1200000,MAŁOPOLSKIE,2024,20-24,54.6
950,1400000,MAZOWIECKIE,2024,20-24,62.3
951,1600000,OPOLSKIE,2024,20-24,62.9
952,1800000,PODKARPACKIE,2024,20-24,44.4
953,2000000,PODLASKIE,2024,20-24,49.0
954,2200000,POMORSKIE,2024,20-24,53.1
955,2400000,ŚLĄSKIE,2024,20-24,57.4
956,2600000,ŚWIĘTOKRZYSKIE,2024,20-24,59.2
957,2800000,WARMIŃSKO-MAZURSKIE,2024,20-24,55.4
958,3000000,WIELKOPOLSKIE,2024,20-24,63.9
959,3200000,ZACHODNIOPOMORSKIE,2024,20-24,59.7
960,200000,DOLNOŚLĄSKIE,2019,20-24,67.1
961,400000,KUJAWSKO-POMORSKIE,2019,20-24,69.8
962,600000,LUBELSKIE,2019,20-24,61.8
963,800000,LUBUSKIE,2019,20-24,64.0
964,1000000,ŁÓDZKIE,2019,20-24,65.6
965,1200000,MAŁOPOLSKIE,2019,20-24,65.3
966,1400000,MAZOWIECKIE,2019,20-24,66.7
967,1600000,OPOLSKIE,2019,20-24,69.6
968,1800000,PODKARPACKIE,2019,20-24,63.2
969,2000000,PODLASKIE,2019,20-24,61.3
970,2200000,POMORSKIE,2019,20-24,71.4
971,2400000,ŚLĄSKIE,2019,20-24,70.5
972,2600000,ŚWIĘTOKRZYSKIE,2019,20-24,63.3
973,2800000,WARMIŃSKO-MAZURSKIE,2019,20-24,63.9
974,3000000,WIELKOPOLSKIE,2019,20-24,71.9
975,3200000,ZACHODNIOPOMORSKIE,2019,20-24,61.0
976,200000,DOLNOŚLĄSKIE,2020,20-24,61.1
977,400000,KUJAWSKO-POMORSKIE,2020,20-24,63.5
978,600000,LUBELSKIE,2020,20-24,58.2
979,800000,LUBUSKIE,2020,20-24,64.0
980,1000000,ŁÓDZKIE,2020,20-24,66.7
981,1200000,MAŁOPOLSKIE,2020,20-24,62.8
982,1400000,MAZOWIECKIE,2020,20-24,67.6
983,1600000,OPOLSKIE,2020,20-24,65.2
984,1800000,PODKARPACKIE,2020,20-24,52.6
985,2000000,PODLASKIE,2020,20-24,63.3
986,2200000,POMORSKIE,2020,20-24,71.0
987,2400000,ŚLĄSKIE,2020,20-24,58.7
988,2600000,ŚWIĘTOKRZYSKIE,2020,20-24,60.0
989,2800000,WARMIŃSKO-MAZURSKIE,2020,20-24,57.1
990,3000000,WIELKOPOLSKIE,2020,20-24,66.3
991,3200000,ZACHODNIOPOMORSKIE,2020,20-24,46.3
992,200000,DOLNOŚLĄSKIE,2021,20-24,65.1
993,400000,KUJAWSKO-POMORSKIE,2021,20-24,59.6
994,600000,LUBELSKIE,2021,20-24,59.3
995,800000,LUBUSKIE,2021,20-24,58.3
996,1000000,ŁÓDZKIE,2021,20-24,59.3
997,1200000,MAŁOPOLSKIE,2021,20-24,61.0
998,1400000,MAZOWIECKIE,2021,20-24,62.4
999,1600000,OPOLSKIE,2021,20-24,68.4
1000,1800000,PODKARPACKIE,2021,20-24,61.2
1001,2000000,PODLASKIE,2021,20-24,53.6
1002,2200000,POMORSKIE,2021,20-24,63.9
1003,2400000,ŚLĄSKIE,2021,20-24,61.3
1004,2600000,ŚWIĘTOKRZYSKIE,2021,20-24,62.1
1005,2800000,WARMIŃSKO-MAZURSKIE,2021,20-24,63.3
1006,3000000,WIELKOPOLSKIE,2021,20-24,71.7
1007,3200000,ZACHODNIOPOMORSKIE,2021,20-24,55.3
1008,200000,DOLNOŚLĄSKIE,2022,20-24,64.1
1009,400000,KUJAWSKO-POMORSKIE,2022,20-24,67.4
1010,600000,LUBELSKIE,2022,20-24,64.3
1011,800000,LUBUSKIE,2022,20-24,59.1
1012,1000000,ŁÓDZKIE,2022,20-24,62.9
1013,1200000,MAŁOPOLSKIE,2022,20-24,60.9
1014,1400000,MAZOWIECKIE,2022,20-24,66.4
1015,1600000,OPOLSKIE,2022,20-24,63.2
1016,1800000,PODKARPACKIE,2022,20-24,50.9
1017,2000000,PODLASKIE,2022,20-24,65.5
1018,2200000,POMORSKIE,2022,20-24,55.9
1019,2400000,ŚLĄSKIE,2022,20-24,68.8
1020,2600000,ŚWIĘTOKRZYSKIE,2022,20-24,69.2
1021,2800000,WARMIŃSKO-MAZURSKIE,2022,20-24,71.0
1022,3000000,WIELKOPOLSKIE,2022,20-24,66.7
1023,3200000,ZACHODNIOPOMORSKIE,2022,20-24,56.8
1024,200000,DOLNOŚLĄSKIE,2023,20-24,65.6
1025,400000,KUJAWSKO-POMORSKIE,2023,20-24,63.9
1026,600000,LUBELSKIE,2023,20-24,76.1
1027,800000,LUBUSKIE,2023,20-24,65.2
1028,1000000,ŁÓDZKIE,2023,20-24,70.0
1029,1200000,MAŁOPOLSKIE,2023,20-24,57.0
1030,1400000,MAZOWIECKIE,2023,20-24,65.4
1031,1600000,OPOLSKIE,2023,20-24,65.0
1032,1800000,PODKARPACKIE,2023,20-24,47.5
1033,2000000,PODLASKIE,2023,20-24,60.7
1034,2200000,POMORSKIE,2023,20-24,52.5
1035,2400000,ŚLĄSKIE,2023,20-24,69.2
1036,2600000,ŚWIĘTOKRZYSKIE,2023,20-24,68.0
1037,2800000,WARMIŃSKO-MAZURSKIE,2023,20-24,70.4
1038,3000000,WIELKOPOLSKIE,2023,20-24,74.4
1039,3200000,ZACHODNIOPOMORSKIE,2023,20-24,55.6
1040,200000,DOLNOŚLĄSKIE,2024,20-24,66.7
1041,400000,KUJAWSKO-POMORSKIE,2024,20-24,73.9
1042,600000,LUBELSKIE,2024,20-24,70.5
1043,800000,LUBUSKIE,2024,20-24,76.2
1044,1000000,ŁÓDZKIE,2024,20-24,70.4
1045,1200000,MAŁOPOLSKIE,2024,20-24,56.7
1046,1400000,MAZOWIECKIE,2024,20-24,65.9
1047,1600000,OPOLSKIE,2024,20-24,70.0
1048,1800000,PODKARPACKIE,2024,20-24,51.0
1049,2000000,PODLASKIE,2024,20-24,57.7
1050,2200000,POMORSKIE,2024,20-24,57.9
1051,2400000,ŚLĄSKIE,2024,20-24,58.1
1052,2600000,ŚWIĘTOKRZYSKIE,2024,20-24,65.4
1053,2800000,WARMIŃSKO-MAZURSKIE,2024,20-24,65.5
1054,3000000,WIELKOPOLSKIE,2024,20-24,67.9
1055,3200000,ZACHODNIOPOMORSKIE,2024,20-24,57.1
1056,200000,DOLNOŚLĄSKIE,2019,20-24,56.3
1057,400000,KUJAWSKO-POMORSKIE,2019,20-24,56.0
1058,600000,LUBELSKIE,2019,20-24,46.2
1059,800000,LUBUSKIE,2019,20-24,47.8
1060,1000000,ŁÓDZKIE,2019,20-24,52.6
1061,1200000,MAŁOPOLSKIE,2019,20-24,58.1
1062,1400000,MAZOWIECKIE,2019,20-24,58.9
1063,1600000,OPOLSKIE,2019,20-24,50.0
1064,1800000,PODKARPACKIE,2019,20-24,39.6
1065,2000000,PODLASKIE,2019,20-24,53.6
1066,2200000,POMORSKIE,2019,20-24,53.2
1067,2400000,ŚLĄSKIE,2019,20-24,57.6
1068,2600000,ŚWIĘTOKRZYSKIE,2019,20-24,42.9
1069,2800000,WARMIŃSKO-MAZURSKIE,2019,20-24,45.5
1070,3000000,WIELKOPOLSKIE,2019,20-24,67.4
1071,3200000,ZACHODNIOPOMORSKIE,2019,20-24,48.7
1072,200000,DOLNOŚLĄSKIE,2020,20-24,58.6
1073,400000,KUJAWSKO-POMORSKIE,2020,20-24,46.9
1074,600000,LUBELSKIE,2020,20-24,44.2
1075,800000,LUBUSKIE,2020,20-24,0.0
1076,1000000,ŁÓDZKIE,2020,20-24,52.6
1077,1200000,MAŁOPOLSKIE,2020,20-24,43.5
1078,1400000,MAZOWIECKIE,2020,20-24,49.6
1079,1600000,OPOLSKIE,2020,20-24,0.0
1080,1800000,PODKARPACKIE,2020,20-24,34.0
1081,2000000,PODLASKIE,2020,20-24,46.4
1082,2200000,POMORSKIE,2020,20-24,49.2
1083,2400000,ŚLĄSKIE,2020,20-24,53.1
1084,2600000,ŚWIĘTOKRZYSKIE,2020,20-24,46.4
1085,2800000,WARMIŃSKO-MAZURSKIE,2020,20-24,39.4
1086,3000000,WIELKOPOLSKIE,2020,20-24,52.7
1087,3200000,ZACHODNIOPOMORSKIE,2020,20-24,50.0
1088,200000,DOLNOŚLĄSKIE,2021,20-24,54.8
1089,400000,KUJAWSKO-POMORSKIE,2021,20-24,53.2
1090,600000,LUBELSKIE,2021,20-24,44.7
1091,800000,LUBUSKIE,2021,20-24,41.7
1092,1000000,ŁÓDZKIE,2021,20-24,57.1
1093,1200000,MAŁOPOLSKIE,2021,20-24,39.5
1094,1400000,MAZOWIECKIE,2021,20-24,52.1
1095,1600000,OPOLSKIE,2021,20-24,52.4
1096,1800000,PODKARPACKIE,2021,20-24,29.8
1097,2000000,PODLASKIE,2021,20-24,40.7
1098,2200000,POMORSKIE,2021,20-24,43.1
1099,2400000,ŚLĄSKIE,2021,20-24,46.5
1100,2600000,ŚWIĘTOKRZYSKIE,2021,20-24,40.0
1101,2800000,WARMIŃSKO-MAZURSKIE,2021,20-24,37.9
1102,3000000,WIELKOPOLSKIE,2021,20-24,55.8
1103,3200000,ZACHODNIOPOMORSKIE,2021,20-24,44.1
1104,200000,DOLNOŚLĄSKIE,2022,20-24,61.5
1105,400000,KUJAWSKO-POMORSKIE,2022,20-24,50.0
1106,600000,LUBELSKIE,2022,20-24,48.9
1107,800000,LUBUSKIE,2022,20-24,45.5
1108,1000000,ŁÓDZKIE,2022,20-24,69.2
1109,1200000,MAŁOPOLSKIE,2022,20-24,41.2
1110,1400000,MAZOWIECKIE,2022,20-24,53.3
1111,1600000,OPOLSKIE,2022,20-24,0.0
1112,1800000,PODKARPACKIE,2022,20-24,36.0
1113,2000000,PODLASKIE,2022,20-24,35.7
1114,2200000,POMORSKIE,2022,20-24,47.3
1115,2400000,ŚLĄSKIE,2022,20-24,46.2
1116,2600000,ŚWIĘTOKRZYSKIE,2022,20-24,41.7
1117,2800000,WARMIŃSKO-MAZURSKIE,2022,20-24,33.3
1118,3000000,WIELKOPOLSKIE,2022,20-24,54.0
1119,3200000,ZACHODNIOPOMORSKIE,2022,20-24,47.1
1120,200000,DOLNOŚLĄSKIE,2023,20-24,77.2
1121,400000,KUJAWSKO-POMORSKIE,2023,20-24,48.9
1122,600000,LUBELSKIE,2023,20-24,47.8
1123,800000,LUBUSKIE,2023,20-24,0.0
1124,1000000,ŁÓDZKIE,2023,20-24,63.2
1125,1200000,MAŁOPOLSKIE,2023,20-24,48.8
1126,1400000,MAZOWIECKIE,2023,20-24,54.5
1127,1600000,OPOLSKIE,2023,20-24,63.2
1128,1800000,PODKARPACKIE,2023,20-24,0.0
1129,2000000,PODLASKIE,2023,20-24,32.0
1130,2200000,POMORSKIE,2023,20-24,43.1
1131,2400000,ŚLĄSKIE,2023,20-24,53.2
1132,2600000,ŚWIĘTOKRZYSKIE,2023,20-24,40.0
1133,2800000,WARMIŃSKO-MAZURSKIE,2023,20-24,41.4
1134,3000000,WIELKOPOLSKIE,2023,20-24,51.2
1135,3200000,ZACHODNIOPOMORSKIE,2023,20-24,60.5
1136,200000,DOLNOŚLĄSKIE,2024,20-24,70.2
1137,400000,KUJAWSKO-POMORSKIE,2024,20-24,59.5
1138,600000,LUBELSKIE,2024,20-24,51.0
1139,800000,LUBUSKIE,2024,20-24,0.0
1140,1000000,ŁÓDZKIE,2024,20-24,60.4
1141,1200000,MAŁOPOLSKIE,2024,20-24,52.9
1142,1400000,MAZOWIECKIE,2024,20-24,59.4
1143,1600000,OPOLSKIE,2024,20-24,0.0
1144,1800000,PODKARPACKIE,2024,20-24,37.5
1145,2000000,PODLASKIE,2024,20-24,0.0
1146,2200000,POMORSKIE,2024,20-24,49.1
1147,2400000,ŚLĄSKIE,2024,20-24,56.6
1148,2600000,ŚWIĘTOKRZYSKIE,2024,20-24,50.0
1149,2800000,WARMIŃSKO-MAZURSKIE,2024,20-24,48.1
1150,3000000,WIELKOPOLSKIE,2024,20-24,60.2
1151,3200000,ZACHODNIOPOMORSKIE,2024,20-24,59.5
1152,200000,DOLNOŚLĄSKIE,2019,20-64,77.6
1153,400000,KUJAWSKO-POMORSKIE,2019,20-64,74.1
1154,600000,LUBELSKIE,2019,20-64,72.5
1155,800000,LUBUSKIE,2019,20-64,73.6
1156,1000000,ŁÓDZKIE,2019,20-64,75.6
1157,1200000,MAŁOPOLSKIE,2019,20-64,72.8
1158,1400000,MAZOWIECKIE,2019,20-64,80.0
1159,1600000,OPOLSKIE,2019,20-64,75.0
1160,1800000,PODKARPACKIE,2019,20-64,69.2
1161,2000000,PODLASKIE,2019,20-64,74.9
1162,2200000,POMORSKIE,2019,20-64,78.2
1163,2400000,ŚLĄSKIE,2019,20-64,72.4
1164,2600000,ŚWIĘTOKRZYSKIE,2019,20-64,70.9
1165,2800000,WARMIŃSKO-MAZURSKIE,2019,20-64,69.8
1166,3000000,WIELKOPOLSKIE,2019,20-64,77.4
1167,3200000,ZACHODNIOPOMORSKIE,2019,20-64,73.3
1168,200000,DOLNOŚLĄSKIE,2020,20-64,77.8
1169,400000,KUJAWSKO-POMORSKIE,2020,20-64,73.9
1170,600000,LUBELSKIE,2020,20-64,73.6
1171,800000,LUBUSKIE,2020,20-64,74.4
1172,1000000,ŁÓDZKIE,2020,20-64,77.1
1173,1200000,MAŁOPOLSKIE,2020,20-64,72.7
1174,1400000,MAZOWIECKIE,2020,20-64,80.0
1175,1600000,OPOLSKIE,2020,20-64,75.4
1176,1800000,PODKARPACKIE,2020,20-64,69.7
1177,2000000,PODLASKIE,2020,20-64,74.8
1178,2200000,POMORSKIE,2020,20-64,77.9
1179,2400000,ŚLĄSKIE,2020,20-64,72.2
1180,2600000,ŚWIĘTOKRZYSKIE,2020,20-64,73.1
1181,2800000,WARMIŃSKO-MAZURSKIE,2020,20-64,70.6
1182,3000000,WIELKOPOLSKIE,2020,20-64,76.5
1183,3200000,ZACHODNIOPOMORSKIE,2020,20-64,74.1
1184,200000,DOLNOŚLĄSKIE,2021,20-64,80.0
1185,400000,KUJAWSKO-POMORSKIE,2021,20-64,78.2
1186,600000,LUBELSKIE,2021,20-64,77.0
1187,800000,LUBUSKIE,2021,20-64,75.0
1188,1000000,ŁÓDZKIE,2021,20-64,79.2
1189,1200000,MAŁOPOLSKIE,2021,20-64,76.2
1190,1400000,MAZOWIECKIE,2021,20-64,82.2
1191,1600000,OPOLSKIE,2021,20-64,80.1
1192,1800000,PODKARPACKIE,2021,20-64,71.8
1193,2000000,PODLASKIE,2021,20-64,78.4
1194,2200000,POMORSKIE,2021,20-64,79.4
1195,2400000,ŚLĄSKIE,2021,20-64,75.3
1196,2600000,ŚWIĘTOKRZYSKIE,2021,20-64,77.3
1197,2800000,WARMIŃSKO-MAZURSKIE,2021,20-64,75.5
1198,3000000,WIELKOPOLSKIE,2021,20-64,80.1
1199,3200000,ZACHODNIOPOMORSKIE,2021,20-64,76.1
1200,200000,DOLNOŚLĄSKIE,2022,20-64,79.7
1201,400000,KUJAWSKO-POMORSKIE,2022,20-64,80.0
1202,600000,LUBELSKIE,2022,20-64,78.8
1203,800000,LUBUSKIE,2022,20-64,77.1
1204,1000000,ŁÓDZKIE,2022,20-64,81.3
1205,1200000,MAŁOPOLSKIE,2022,20-64,75.8
1206,1400000,MAZOWIECKIE,2022,20-64,83.8
1207,1600000,OPOLSKIE,2022,20-64,78.3
1208,1800000,PODKARPACKIE,2022,20-64,72.0
1209,2000000,PODLASKIE,2022,20-64,79.5
1210,2200000,POMORSKIE,2022,20-64,80.6
1211,2400000,ŚLĄSKIE,2022,20-64,76.2
1212,2600000,ŚWIĘTOKRZYSKIE,2022,20-64,78.9
1213,2800000,WARMIŃSKO-MAZURSKIE,2022,20-64,76.1
1214,3000000,WIELKOPOLSKIE,2022,20-64,80.3
1215,3200000,ZACHODNIOPOMORSKIE,2022,20-64,77.5
1216,200000,DOLNOŚLĄSKIE,2023,20-64,81.8
1217,400000,KUJAWSKO-POMORSKIE,2023,20-64,80.9
1218,600000,LUBELSKIE,2023,20-64,79.4
1219,800000,LUBUSKIE,2023,20-64,79.4
1220,1000000,ŁÓDZKIE,2023,20-64,81.0
1221,1200000,MAŁOPOLSKIE,2023,20-64,77.3
1222,1400000,MAZOWIECKIE,2023,20-64,84.8
1223,1600000,OPOLSKIE,2023,20-64,78.9
1224,1800000,PODKARPACKIE,2023,20-64,73.6
1225,2000000,PODLASKIE,2023,20-64,80.3
1226,2200000,POMORSKIE,2023,20-64,81.2
1227,2400000,ŚLĄSKIE,2023,20-64,78.0
1228,2600000,ŚWIĘTOKRZYSKIE,2023,20-64,79.0
1229,2800000,WARMIŃSKO-MAZURSKIE,2023,20-64,76.9
1230,3000000,WIELKOPOLSKIE,2023,20-64,81.1
1231,3200000,ZACHODNIOPOMORSKIE,2023,20-64,78.8
1232,200000,DOLNOŚLĄSKIE,2024,20-64,82.8
1233,400000,KUJAWSKO-POMORSKIE,2024,20-64,81.5
1234,600000,LUBELSKIE,2024,20-64,79.5
1235,800000,LUBUSKIE,2024,20-64,79.2
1236,1000000,ŁÓDZKIE,2024,20-64,80.4
1237,1200000,MAŁOPOLSKIE,2024,20-64,78.4
1238,1400000,MAZOWIECKIE,2024,20-64,85.3
1239,1600000,OPOLSKIE,2024,20-64,80.4
1240,1800000,PODKARPACKIE,2024,20-64,74.5
1241,2000000,PODLASKIE,2024,20-64,79.6
1242,2200000,POMORSKIE,2024,20-64,82.0
1243,2400000,ŚLĄSKIE,2024,20-64,78.5
1244,2600000,ŚWIĘTOKRZYSKIE,2024,20-64,79.3
1245,2800000,WARMIŃSKO-MAZURSKIE,2024,20-64,77.7
1246,3000000,WIELKOPOLSKIE,2024,20-64,81.7
1247,3200000,ZACHODNIOPOMORSKIE,2024,20-64,79.7
1248,200000,DOLNOŚLĄSKIE,2019,20-64,83.8
1249,400000,KUJAWSKO-POMORSKIE,2019,20-64,82.7
1250,600000,LUBELSKIE,2019,20-64,79.0
1251,800000,LUBUSKIE,2019,20-64,81.9
1252,1000000,ŁÓDZKIE,2019,20-64,83.0
1253,1200000,MAŁOPOLSKIE,2019,20-64,80.4
1254,1400000,MAZOWIECKIE,2019,20-64,86.0
1255,1600000,OPOLSKIE,2019,20-64,84.3
1256,1800000,PODKARPACKIE,2019,20-64,77.5
1257,2000000,PODLASKIE,2019,20-64,82.0
1258,2200000,POMORSKIE,2019,20-64,87.0
1259,2400000,ŚLĄSKIE,2019,20-64,78.9
1260,2600000,ŚWIĘTOKRZYSKIE,2019,20-64,78.0
1261,2800000,WARMIŃSKO-MAZURSKIE,2019,20-64,77.8
1262,3000000,WIELKOPOLSKIE,2019,20-64,85.9
1263,3200000,ZACHODNIOPOMORSKIE,2019,20-64,81.0
1264,200000,DOLNOŚLĄSKIE,2020,20-64,84.0
1265,400000,KUJAWSKO-POMORSKIE,2020,20-64,82.5
1266,600000,LUBELSKIE,2020,20-64,80.1
1267,800000,LUBUSKIE,2020,20-64,82.8
1268,1000000,ŁÓDZKIE,2020,20-64,84.4
1269,1200000,MAŁOPOLSKIE,2020,20-64,80.7
1270,1400000,MAZOWIECKIE,2020,20-64,86.5
1271,1600000,OPOLSKIE,2020,20-64,84.6
1272,1800000,PODKARPACKIE,2020,20-64,78.1
1273,2000000,PODLASKIE,2020,20-64,82.0
1274,2200000,POMORSKIE,2020,20-64,87.4
1275,2400000,ŚLĄSKIE,2020,20-64,78.7
1276,2600000,ŚWIĘTOKRZYSKIE,2020,20-64,81.0
1277,2800000,WARMIŃSKO-MAZURSKIE,2020,20-64,78.9
1278,3000000,WIELKOPOLSKIE,2020,20-64,86.0
1279,3200000,ZACHODNIOPOMORSKIE,2020,20-64,81.5
1280,200000,DOLNOŚLĄSKIE,2021,20-64,87.1
1281,400000,KUJAWSKO-POMORSKIE,2021,20-64,85.9
1282,600000,LUBELSKIE,2021,20-64,82.7
1283,800000,LUBUSKIE,2021,20-64,83.2
1284,1000000,ŁÓDZKIE,2021,20-64,85.9
1285,1200000,MAŁOPOLSKIE,2021,20-64,83.6
1286,1400000,MAZOWIECKIE,2021,20-64,88.3
1287,1600000,OPOLSKIE,2021,20-64,88.2
1288,1800000,PODKARPACKIE,2021,20-64,82.3
1289,2000000,PODLASKIE,2021,20-64,84.3
1290,2200000,POMORSKIE,2021,20-64,87.4
1291,2400000,ŚLĄSKIE,2021,20-64,81.5
1292,2600000,ŚWIĘTOKRZYSKIE,2021,20-64,85.0
1293,2800000,WARMIŃSKO-MAZURSKIE,2021,20-64,83.3
1294,3000000,WIELKOPOLSKIE,2021,20-64,88.4
1295,3200000,ZACHODNIOPOMORSKIE,2021,20-64,82.4
1296,200000,DOLNOŚLĄSKIE,2022,20-64,86.6
1297,400000,KUJAWSKO-POMORSKIE,2022,20-64,87.2
1298,600000,LUBELSKIE,2022,20-64,84.2
1299,800000,LUBUSKIE,2022,20-64,85.3
1300,1000000,ŁÓDZKIE,2022,20-64,87.2
1301,1200000,MAŁOPOLSKIE,2022,20-64,83.1
1302,1400000,MAZOWIECKIE,2022,20-64,89.4
1303,1600000,OPOLSKIE,2022,20-64,85.4
1304,1800000,PODKARPACKIE,2022,20-64,79.8
1305,2000000,PODLASKIE,2022,20-64,85.4
1306,2200000,POMORSKIE,2022,20-64,87.0
1307,2400000,ŚLĄSKIE,2022,20-64,82.4
1308,2600000,ŚWIĘTOKRZYSKIE,2022,20-64,85.8
1309,2800000,WARMIŃSKO-MAZURSKIE,2022,20-64,84.4
1310,3000000,WIELKOPOLSKIE,2022,20-64,87.5
1311,3200000,ZACHODNIOPOMORSKIE,2022,20-64,83.3
1312,200000,DOLNOŚLĄSKIE,2023,20-64,87.1
1313,400000,KUJAWSKO-POMORSKIE,2023,20-64,87.6
1314,600000,LUBELSKIE,2023,20-64,85.1
1315,800000,LUBUSKIE,2023,20-64,86.9
1316,1000000,ŁÓDZKIE,2023,20-64,86.6
1317,1200000,MAŁOPOLSKIE,2023,20-64,83.1
1318,1400000,MAZOWIECKIE,2023,20-64,89.3
1319,1600000,OPOLSKIE,2023,20-64,85.6
1320,1800000,PODKARPACKIE,2023,20-64,80.3
1321,2000000,PODLASKIE,2023,20-64,86.4
1322,2200000,POMORSKIE,2023,20-64,86.8
1323,2400000,ŚLĄSKIE,2023,20-64,83.6
1324,2600000,ŚWIĘTOKRZYSKIE,2023,20-64,85.5
1325,2800000,WARMIŃSKO-MAZURSKIE,2023,20-64,84.0
1326,3000000,WIELKOPOLSKIE,2023,20-64,89.8
1327,3200000,ZACHODNIOPOMORSKIE,2023,20-64,85.4
1328,200000,DOLNOŚLĄSKIE,2024,20-64,88.0
1329,400000,KUJAWSKO-POMORSKIE,2024,20-64,87.5
1330,600000,LUBELSKIE,2024,20-64,85.6
1331,800000,LUBUSKIE,2024,20-64,87.0
1332,1000000,ŁÓDZKIE,2024,20-64,86.0
1333,1200000,MAŁOPOLSKIE,2024,20-64,83.3
1334,1400000,MAZOWIECKIE,2024,20-64,89.5
1335,1600000,OPOLSKIE,2024,20-64,87.7
1336,1800000,PODKARPACKIE,2024,20-64,82.1
1337,2000000,PODLASKIE,2024,20-64,85.5
1338,2200000,POMORSKIE,2024,20-64,87.9
1339,2400000,ŚLĄSKIE,2024,20-64,83.9
1340,2600000,ŚWIĘTOKRZYSKIE,2024,20-64,85.0
1341,2800000,WARMIŃSKO-MAZURSKIE,2024,20-64,84.1
1342,3000000,WIELKOPOLSKIE,2024,20-64,89.2
1343,3200000,ZACHODNIOPOMORSKIE,2024,20-64,86.7
1344,200000,DOLNOŚLĄSKIE,2019,20-64,71.4
1345,400000,KUJAWSKO-POMORSKIE,2019,20-64,65.4
1346,600000,LUBELSKIE,2019,20-64,65.9
1347,800000,LUBUSKIE,2019,20-64,65.6
1348,1000000,ŁÓDZKIE,2019,20-64,68.4
1349,1200000,MAŁOPOLSKIE,2019,20-64,65.2
1350,1400000,MAZOWIECKIE,2019,20-64,74.1
1351,1600000,OPOLSKIE,2019,20-64,65.6
1352,1800000,PODKARPACKIE,2019,20-64,60.8
1353,2000000,PODLASKIE,2019,20-64,67.6
1354,2200000,POMORSKIE,2019,20-64,69.6
1355,2400000,ŚLĄSKIE,2019,20-64,66.0
1356,2600000,ŚWIĘTOKRZYSKIE,2019,20-64,63.5
1357,2800000,WARMIŃSKO-MAZURSKIE,2019,20-64,61.2
1358,3000000,WIELKOPOLSKIE,2019,20-64,68.9
1359,3200000,ZACHODNIOPOMORSKIE,2019,20-64,65.5
1360,200000,DOLNOŚLĄSKIE,2020,20-64,71.5
1361,400000,KUJAWSKO-POMORSKIE,2020,20-64,65.3
1362,600000,LUBELSKIE,2020,20-64,67.1
1363,800000,LUBUSKIE,2020,20-64,66.1
1364,1000000,ŁÓDZKIE,2020,20-64,69.9
1365,1200000,MAŁOPOLSKIE,2020,20-64,64.7
1366,1400000,MAZOWIECKIE,2020,20-64,73.6
1367,1600000,OPOLSKIE,2020,20-64,66.1
1368,1800000,PODKARPACKIE,2020,20-64,61.1
1369,2000000,PODLASKIE,2020,20-64,67.4
1370,2200000,POMORSKIE,2020,20-64,68.3
1371,2400000,ŚLĄSKIE,2020,20-64,65.8
1372,2600000,ŚWIĘTOKRZYSKIE,2020,20-64,65.1
1373,2800000,WARMIŃSKO-MAZURSKIE,2020,20-64,62.7
1374,3000000,WIELKOPOLSKIE,2020,20-64,66.9
1375,3200000,ZACHODNIOPOMORSKIE,2020,20-64,66.5
1376,200000,DOLNOŚLĄSKIE,2021,20-64,72.9
1377,400000,KUJAWSKO-POMORSKIE,2021,20-64,70.6
1378,600000,LUBELSKIE,2021,20-64,71.0
1379,800000,LUBUSKIE,2021,20-64,66.8
1380,1000000,ŁÓDZKIE,2021,20-64,72.8
1381,1200000,MAŁOPOLSKIE,2021,20-64,69.0
1382,1400000,MAZOWIECKIE,2021,20-64,76.3
1383,1600000,OPOLSKIE,2021,20-64,72.1
1384,1800000,PODKARPACKIE,2021,20-64,61.1
1385,2000000,PODLASKIE,2021,20-64,72.1
1386,2200000,POMORSKIE,2021,20-64,71.5
1387,2400000,ŚLĄSKIE,2021,20-64,69.1
1388,2600000,ŚWIĘTOKRZYSKIE,2021,20-64,69.3
1389,2800000,WARMIŃSKO-MAZURSKIE,2021,20-64,67.6
1390,3000000,WIELKOPOLSKIE,2021,20-64,71.6
1391,3200000,ZACHODNIOPOMORSKIE,2021,20-64,69.7
1392,200000,DOLNOŚLĄSKIE,2022,20-64,72.8
1393,400000,KUJAWSKO-POMORSKIE,2022,20-64,72.6
1394,600000,LUBELSKIE,2022,20-64,73.5
1395,800000,LUBUSKIE,2022,20-64,68.4
1396,1000000,ŁÓDZKIE,2022,20-64,75.4
1397,1200000,MAŁOPOLSKIE,2022,20-64,68.4
1398,1400000,MAZOWIECKIE,2022,20-64,78.4
1399,1600000,OPOLSKIE,2022,20-64,71.3
1400,1800000,PODKARPACKIE,2022,20-64,64.1
1401,2000000,PODLASKIE,2022,20-64,73.4
1402,2200000,POMORSKIE,2022,20-64,74.1
1403,2400000,ŚLĄSKIE,2022,20-64,70.1
1404,2600000,ŚWIĘTOKRZYSKIE,2022,20-64,71.7
1405,2800000,WARMIŃSKO-MAZURSKIE,2022,20-64,67.7
1406,3000000,WIELKOPOLSKIE,2022,20-64,73.0
1407,3200000,ZACHODNIOPOMORSKIE,2022,20-64,71.6
1408,200000,DOLNOŚLĄSKIE,2023,20-64,76.5
1409,400000,KUJAWSKO-POMORSKIE,2023,20-64,74.4
1410,600000,LUBELSKIE,2023,20-64,73.3
1411,800000,LUBUSKIE,2023,20-64,71.7
1412,1000000,ŁÓDZKIE,2023,20-64,75.5
1413,1200000,MAŁOPOLSKIE,2023,20-64,71.5
1414,1400000,MAZOWIECKIE,2023,20-64,80.5
1415,1600000,OPOLSKIE,2023,20-64,71.9
1416,1800000,PODKARPACKIE,2023,20-64,66.7
1417,2000000,PODLASKIE,2023,20-64,74.1
1418,2200000,POMORSKIE,2023,20-64,75.7
1419,2400000,ŚLĄSKIE,2023,20-64,72.3
1420,2600000,ŚWIĘTOKRZYSKIE,2023,20-64,72.3
1421,2800000,WARMIŃSKO-MAZURSKIE,2023,20-64,69.5
1422,3000000,WIELKOPOLSKIE,2023,20-64,72.5
1423,3200000,ZACHODNIOPOMORSKIE,2023,20-64,72.0
1424,200000,DOLNOŚLĄSKIE,2024,20-64,77.7
1425,400000,KUJAWSKO-POMORSKIE,2024,20-64,75.6
1426,600000,LUBELSKIE,2024,20-64,73.5
1427,800000,LUBUSKIE,2024,20-64,71.2
1428,1000000,ŁÓDZKIE,2024,20-64,74.8
1429,1200000,MAŁOPOLSKIE,2024,20-64,73.3
1430,1400000,MAZOWIECKIE,2024,20-64,81.1
1431,1600000,OPOLSKIE,2024,20-64,73.2
1432,1800000,PODKARPACKIE,2024,20-64,66.6
1433,2000000,PODLASKIE,2024,20-64,73.5
1434,2200000,POMORSKIE,2024,20-64,75.9
1435,2400000,ŚLĄSKIE,2024,20-64,73.0
1436,2600000,ŚWIĘTOKRZYSKIE,2024,20-64,73.0
1437,2800000,WARMIŃSKO-MAZURSKIE,2024,20-64,71.3
1438,3000000,WIELKOPOLSKIE,2024,20-64,74.3
1439,3200000,ZACHODNIOPOMORSKIE,2024,20-64,72.4
1440,200000,DOLNOŚLĄSKIE,2019,55-64,51.2
1441,400000,KUJAWSKO-POMORSKIE,2019,55-64,48.0
1442,600000,LUBELSKIE,2019,55-64,47.1
1443,800000,LUBUSKIE,2019,55-64,50.0
1444,1000000,ŁÓDZKIE,2019,55-64,49.7
1445,1200000,MAŁOPOLSKIE,2019,55-64,45.5
1446,1400000,MAZOWIECKIE,2019,55-64,58.6
1447,1600000,OPOLSKIE,2019,55-64,52.3
1448,1800000,PODKARPACKIE,2019,55-64,44.9
1449,2000000,PODLASKIE,2019,55-64,50.0
1450,2200000,POMORSKIE,2019,55-64,54.5
1451,2400000,ŚLĄSKIE,2019,55-64,39.8
1452,2600000,ŚWIĘTOKRZYSKIE,2019,55-64,48.2
1453,2800000,WARMIŃSKO-MAZURSKIE,2019,55-64,51.3
1454,3000000,WIELKOPOLSKIE,2019,55-64,51.0
1455,3200000,ZACHODNIOPOMORSKIE,2019,55-64,49.6
1456,200000,DOLNOŚLĄSKIE,2020,55-64,53.0
1457,400000,KUJAWSKO-POMORSKIE,2020,55-64,47.4
1458,600000,LUBELSKIE,2020,55-64,51.3
1459,800000,LUBUSKIE,2020,55-64,53.0
1460,1000000,ŁÓDZKIE,2020,55-64,54.4
1461,1200000,MAŁOPOLSKIE,2020,55-64,49.1
1462,1400000,MAZOWIECKIE,2020,55-64,60.8
1463,1600000,OPOLSKIE,2020,55-64,55.0
1464,1800000,PODKARPACKIE,2020,55-64,47.1
1465,2000000,PODLASKIE,2020,55-64,52.3
1466,2200000,POMORSKIE,2020,55-64,56.2
1467,2400000,ŚLĄSKIE,2020,55-64,41.7
1468,2600000,ŚWIĘTOKRZYSKIE,2020,55-64,51.5
1469,2800000,WARMIŃSKO-MAZURSKIE,2020,55-64,51.3
1470,3000000,WIELKOPOLSKIE,2020,55-64,50.9
1471,3200000,ZACHODNIOPOMORSKIE,2020,55-64,53.9
1472,200000,DOLNOŚLĄSKIE,2021,55-64,56.5
1473,400000,KUJAWSKO-POMORSKIE,2021,55-64,55.1
1474,600000,LUBELSKIE,2021,55-64,56.7
1475,800000,LUBUSKIE,2021,55-64,52.7
1476,1000000,ŁÓDZKIE,2021,55-64,57.4
1477,1200000,MAŁOPOLSKIE,2021,55-64,52.6
1478,1400000,MAZOWIECKIE,2021,55-64,63.8
1479,1600000,OPOLSKIE,2021,55-64,59.8
1480,1800000,PODKARPACKIE,2021,55-64,50.0
1481,2000000,PODLASKIE,2021,55-64,60.1
1482,2200000,POMORSKIE,2021,55-64,61.1
1483,2400000,ŚLĄSKIE,2021,55-64,48.7
1484,2600000,ŚWIĘTOKRZYSKIE,2021,55-64,57.4
1485,2800000,WARMIŃSKO-MAZURSKIE,2021,55-64,53.6
1486,3000000,WIELKOPOLSKIE,2021,55-64,57.7
1487,3200000,ZACHODNIOPOMORSKIE,2021,55-64,55.9
1488,200000,DOLNOŚLĄSKIE,2022,55-64,56.2
1489,400000,KUJAWSKO-POMORSKIE,2022,55-64,57.3
1490,600000,LUBELSKIE,2022,55-64,59.3
1491,800000,LUBUSKIE,2022,55-64,56.3
1492,1000000,ŁÓDZKIE,2022,55-64,60.3
1493,1200000,MAŁOPOLSKIE,2022,55-64,52.5
1494,1400000,MAZOWIECKIE,2022,55-64,66.2
1495,1600000,OPOLSKIE,2022,55-64,57.4
1496,1800000,PODKARPACKIE,2022,55-64,51.2
1497,2000000,PODLASKIE,2022,55-64,60.6
1498,2200000,POMORSKIE,2022,55-64,63.4
1499,2400000,ŚLĄSKIE,2022,55-64,48.8
1500,2600000,ŚWIĘTOKRZYSKIE,2022,55-64,60.8
1501,2800000,WARMIŃSKO-MAZURSKIE,2022,55-64,57.3
1502,3000000,WIELKOPOLSKIE,2022,55-64,58.8
1503,3200000,ZACHODNIOPOMORSKIE,2022,55-64,56.6
1504,200000,DOLNOŚLĄSKIE,2023,55-64,59.3
1505,400000,KUJAWSKO-POMORSKIE,2023,55-64,58.9
1506,600000,LUBELSKIE,2023,55-64,60.2
1507,800000,LUBUSKIE,2023,55-64,60.0
1508,1000000,ŁÓDZKIE,2023,55-64,60.0
1509,1200000,MAŁOPOLSKIE,2023,55-64,55.1
1510,1400000,MAZOWIECKIE,2023,55-64,68.1
1511,1600000,OPOLSKIE,2023,55-64,57.9
1512,1800000,PODKARPACKIE,2023,55-64,53.5
1513,2000000,PODLASKIE,2023,55-64,64.8
1514,2200000,POMORSKIE,2023,55-64,61.4
1515,2400000,ŚLĄSKIE,2023,55-64,50.6
1516,2600000,ŚWIĘTOKRZYSKIE,2023,55-64,62.8
1517,2800000,WARMIŃSKO-MAZURSKIE,2023,55-64,57.1
1518,3000000,WIELKOPOLSKIE,2023,55-64,61.6
1519,3200000,ZACHODNIOPOMORSKIE,2023,55-64,56.3
1520,200000,DOLNOŚLĄSKIE,2024,55-64,59.8
1521,400000,KUJAWSKO-POMORSKIE,2024,55-64,61.7
1522,600000,LUBELSKIE,2024,55-64,61.5
1523,800000,LUBUSKIE,2024,55-64,61.6
1524,1000000,ŁÓDZKIE,2024,55-64,62.0
1525,1200000,MAŁOPOLSKIE,2024,55-64,56.7
1526,1400000,MAZOWIECKIE,2024,55-64,68.4
1527,1600000,OPOLSKIE,2024,55-64,56.9
1528,1800000,PODKARPACKIE,2024,55-64,55.8
1529,2000000,PODLASKIE,2024,55-64,64.0
1530,2200000,POMORSKIE,2024,55-64,61.5
1531,2400000,ŚLĄSKIE,2024,55-64,52.2
1532,2600000,ŚWIĘTOKRZYSKIE,2024,55-64,61.4
1533,2800000,WARMIŃSKO-MAZURSKIE,2024,55-64,56.8
1534,3000000,WIELKOPOLSKIE,2024,55-64,63.4
1535,3200000,ZACHODNIOPOMORSKIE,2024,55-64,57.8
1536,200000,DOLNOŚLĄSKIE,2019,55-64,61.5
1537,400000,KUJAWSKO-POMORSKIE,2019,55-64,60.8
1538,600000,LUBELSKIE,2019,55-64,56.5
1539,800000,LUBUSKIE,2019,55-64,63.1
1540,1000000,ŁÓDZKIE,2019,55-64,64.3
1541,1200000,MAŁOPOLSKIE,2019,55-64,56.1
1542,1400000,MAZOWIECKIE,2019,55-64,71.0
1543,1600000,OPOLSKIE,2019,55-64,68.8
1544,1800000,PODKARPACKIE,2019,55-64,56.6
1545,2000000,PODLASKIE,2019,55-64,61.3
1546,2200000,POMORSKIE,2019,55-64,69.3
1547,2400000,ŚLĄSKIE,2019,55-64,48.8
1548,2600000,ŚWIĘTOKRZYSKIE,2019,55-64,58.0
1549,2800000,WARMIŃSKO-MAZURSKIE,2019,55-64,62.4
1550,3000000,WIELKOPOLSKIE,2019,55-64,63.8
1551,3200000,ZACHODNIOPOMORSKIE,2019,55-64,60.0
1552,200000,DOLNOŚLĄSKIE,2020,55-64,64.2
1553,400000,KUJAWSKO-POMORSKIE,2020,55-64,61.7
1554,600000,LUBELSKIE,2020,55-64,61.5
1555,800000,LUBUSKIE,2020,55-64,67.2
1556,1000000,ŁÓDZKIE,2020,55-64,69.7
1557,1200000,MAŁOPOLSKIE,2020,55-64,58.5
1558,1400000,MAZOWIECKIE,2020,55-64,72.2
1559,1600000,OPOLSKIE,2020,55-64,68.8
1560,1800000,PODKARPACKIE,2020,55-64,59.4
1561,2000000,PODLASKIE,2020,55-64,64.0
1562,2200000,POMORSKIE,2020,55-64,71.1
1563,2400000,ŚLĄSKIE,2020,55-64,50.0
1564,2600000,ŚWIĘTOKRZYSKIE,2020,55-64,65.0
1565,2800000,WARMIŃSKO-MAZURSKIE,2020,55-64,62.0
1566,3000000,WIELKOPOLSKIE,2020,55-64,65.9
1567,3200000,ZACHODNIOPOMORSKIE,2020,55-64,66.1
1568,200000,DOLNOŚLĄSKIE,2021,55-64,69.8
1569,400000,KUJAWSKO-POMORSKIE,2021,55-64,69.9
1570,600000,LUBELSKIE,2021,55-64,68.3
1571,800000,LUBUSKIE,2021,55-64,68.9
1572,1000000,ŁÓDZKIE,2021,55-64,74.6
1573,1200000,MAŁOPOLSKIE,2021,55-64,64.5
1574,1400000,MAZOWIECKIE,2021,55-64,77.2
1575,1600000,OPOLSKIE,2021,55-64,75.9
1576,1800000,PODKARPACKIE,2021,55-64,63.8
1577,2000000,PODLASKIE,2021,55-64,73.0
1578,2200000,POMORSKIE,2021,55-64,77.2
1579,2400000,ŚLĄSKIE,2021,55-64,56.8
1580,2600000,ŚWIĘTOKRZYSKIE,2021,55-64,70.5
1581,2800000,WARMIŃSKO-MAZURSKIE,2021,55-64,67.4
1582,3000000,WIELKOPOLSKIE,2021,55-64,73.0
1583,3200000,ZACHODNIOPOMORSKIE,2021,55-64,68.2
1584,200000,DOLNOŚLĄSKIE,2022,55-64,72.5
1585,400000,KUJAWSKO-POMORSKIE,2022,55-64,73.5
1586,600000,LUBELSKIE,2022,55-64,70.0
1587,800000,LUBUSKIE,2022,55-64,70.5
1588,1000000,ŁÓDZKIE,2022,55-64,77.0
1589,1200000,MAŁOPOLSKIE,2022,55-64,64.4
1590,1400000,MAZOWIECKIE,2022,55-64,78.7
1591,1600000,OPOLSKIE,2022,55-64,71.2
1592,1800000,PODKARPACKIE,2022,55-64,64.8
1593,2000000,PODLASKIE,2022,55-64,73.9
1594,2200000,POMORSKIE,2022,55-64,78.6
1595,2400000,ŚLĄSKIE,2022,55-64,57.7
1596,2600000,ŚWIĘTOKRZYSKIE,2022,55-64,74.3
1597,2800000,WARMIŃSKO-MAZURSKIE,2022,55-64,72.7
1598,3000000,WIELKOPOLSKIE,2022,55-64,73.2
1599,3200000,ZACHODNIOPOMORSKIE,2022,55-64,68.4
1600,200000,DOLNOŚLĄSKIE,2023,55-64,72.8
1601,400000,KUJAWSKO-POMORSKIE,2023,55-64,77.0
1602,600000,LUBELSKIE,2023,55-64,72.4
1603,800000,LUBUSKIE,2023,55-64,74.1
1604,1000000,ŁÓDZKIE,2023,55-64,73.8
1605,1200000,MAŁOPOLSKIE,2023,55-64,64.7
1606,1400000,MAZOWIECKIE,2023,55-64,78.5
1607,1600000,OPOLSKIE,2023,55-64,74.1
1608,1800000,PODKARPACKIE,2023,55-64,63.8
1609,2000000,PODLASKIE,2023,55-64,78.6
1610,2200000,POMORSKIE,2023,55-64,73.7
1611,2400000,ŚLĄSKIE,2023,55-64,59.6
1612,2600000,ŚWIĘTOKRZYSKIE,2023,55-64,76.8
1613,2800000,WARMIŃSKO-MAZURSKIE,2023,55-64,70.5
1614,3000000,WIELKOPOLSKIE,2023,55-64,77.8
1615,3200000,ZACHODNIOPOMORSKIE,2023,55-64,69.5
1616,200000,DOLNOŚLĄSKIE,2024,55-64,71.4
1617,400000,KUJAWSKO-POMORSKIE,2024,55-64,76.1
1618,600000,LUBELSKIE,2024,55-64,72.9
1619,800000,LUBUSKIE,2024,55-64,73.7
1620,1000000,ŁÓDZKIE,2024,55-64,73.6
1621,1200000,MAŁOPOLSKIE,2024,55-64,66.1
1622,1400000,MAZOWIECKIE,2024,55-64,79.3
1623,1600000,OPOLSKIE,2024,55-64,78.6
1624,1800000,PODKARPACKIE,2024,55-64,69.1
1625,2000000,PODLASKIE,2024,55-64,76.5
1626,2200000,POMORSKIE,2024,55-64,77.3
1627,2400000,ŚLĄSKIE,2024,55-64,61.7
1628,2600000,ŚWIĘTOKRZYSKIE,2024,55-64,73.1
1629,2800000,WARMIŃSKO-MAZURSKIE,2024,55-64,65.5
1630,3000000,WIELKOPOLSKIE,2024,55-64,77.1
1631,3200000,ZACHODNIOPOMORSKIE,2024,55-64,75.3
1632,200000,DOLNOŚLĄSKIE,2019,55-64,41.7
1633,400000,KUJAWSKO-POMORSKIE,2019,55-64,36.4
1634,600000,LUBELSKIE,2019,55-64,38.5
1635,800000,LUBUSKIE,2019,55-64,38.0
1636,1000000,ŁÓDZKIE,2019,55-64,37.1
1637,1200000,MAŁOPOLSKIE,2019,55-64,36.2
1638,1400000,MAZOWIECKIE,2019,55-64,47.7
1639,1600000,OPOLSKIE,2019,55-64,38.2
1640,1800000,PODKARPACKIE,2019,55-64,33.8
1641,2000000,PODLASKIE,2019,55-64,39.5
1642,2200000,POMORSKIE,2019,55-64,40.7
1643,2400000,ŚLĄSKIE,2019,55-64,32.1
1644,2600000,ŚWIĘTOKRZYSKIE,2019,55-64,39.1
1645,2800000,WARMIŃSKO-MAZURSKIE,2019,55-64,40.6
1646,3000000,WIELKOPOLSKIE,2019,55-64,39.7
1647,3200000,ZACHODNIOPOMORSKIE,2019,55-64,40.5
1648,200000,DOLNOŚLĄSKIE,2020,55-64,43.0
1649,400000,KUJAWSKO-POMORSKIE,2020,55-64,34.5
1650,600000,LUBELSKIE,2020,55-64,41.5
1651,800000,LUBUSKIE,2020,55-64,38.6
1652,1000000,ŁÓDZKIE,2020,55-64,40.6
1653,1200000,MAŁOPOLSKIE,2020,55-64,40.8
1654,1400000,MAZOWIECKIE,2020,55-64,50.7
1655,1600000,OPOLSKIE,2020,55-64,41.2
1656,1800000,PODKARPACKIE,2020,55-64,36.3
1657,2000000,PODLASKIE,2020,55-64,42.5
1658,2200000,POMORSKIE,2020,55-64,42.6
1659,2400000,ŚLĄSKIE,2020,55-64,34.4
1660,2600000,ŚWIĘTOKRZYSKIE,2020,55-64,38.8
1661,2800000,WARMIŃSKO-MAZURSKIE,2020,55-64,41.4
1662,3000000,WIELKOPOLSKIE,2020,55-64,37.4
1663,3200000,ZACHODNIOPOMORSKIE,2020,55-64,42.9
1664,200000,DOLNOŚLĄSKIE,2021,55-64,44.2
1665,400000,KUJAWSKO-POMORSKIE,2021,55-64,41.2
1666,600000,LUBELSKIE,2021,55-64,46.8
1667,800000,LUBUSKIE,2021,55-64,38.2
1668,1000000,ŁÓDZKIE,2021,55-64,43.1
1669,1200000,MAŁOPOLSKIE,2021,55-64,41.7
1670,1400000,MAZOWIECKIE,2021,55-64,52.2
1671,1600000,OPOLSKIE,2021,55-64,45.3
1672,1800000,PODKARPACKIE,2021,55-64,36.8
1673,2000000,PODLASKIE,2021,55-64,47.3
1674,2200000,POMORSKIE,2021,55-64,45.9
1675,2400000,ŚLĄSKIE,2021,55-64,41.3
1676,2600000,ŚWIĘTOKRZYSKIE,2021,55-64,45.2
1677,2800000,WARMIŃSKO-MAZURSKIE,2021,55-64,41.1
1678,3000000,WIELKOPOLSKIE,2021,55-64,43.0
1679,3200000,ZACHODNIOPOMORSKIE,2021,55-64,43.4
1680,200000,DOLNOŚLĄSKIE,2022,55-64,42.9
1681,400000,KUJAWSKO-POMORSKIE,2022,55-64,42.7
1682,600000,LUBELSKIE,2022,55-64,49.2
1683,800000,LUBUSKIE,2022,55-64,41.8
1684,1000000,ŁÓDZKIE,2022,55-64,46.0
1685,1200000,MAŁOPOLSKIE,2022,55-64,41.9
1686,1400000,MAZOWIECKIE,2022,55-64,54.7
1687,1600000,OPOLSKIE,2022,55-64,43.8
1688,1800000,PODKARPACKIE,2022,55-64,39.4
1689,2000000,PODLASKIE,2022,55-64,47.9
1690,2200000,POMORSKIE,2022,55-64,50.4
1691,2400000,ŚLĄSKIE,2022,55-64,40.3
1692,2600000,ŚWIĘTOKRZYSKIE,2022,55-64,48.1
1693,2800000,WARMIŃSKO-MAZURSKIE,2022,55-64,42.2
1694,3000000,WIELKOPOLSKIE,2022,55-64,44.6
1695,3200000,ZACHODNIOPOMORSKIE,2022,55-64,45.4
1696,200000,DOLNOŚLĄSKIE,2023,55-64,48.7
1697,400000,KUJAWSKO-POMORSKIE,2023,55-64,43.0
1698,600000,LUBELSKIE,2023,55-64,48.4
1699,800000,LUBUSKIE,2023,55-64,46.8
1700,1000000,ŁÓDZKIE,2023,55-64,47.1
1701,1200000,MAŁOPOLSKIE,2023,55-64,45.6
1702,1400000,MAZOWIECKIE,2023,55-64,58.7
1703,1600000,OPOLSKIE,2023,55-64,41.3
1704,1800000,PODKARPACKIE,2023,55-64,43.4
1705,2000000,PODLASKIE,2023,55-64,52.8
1706,2200000,POMORSKIE,2023,55-64,49.6
1707,2400000,ŚLĄSKIE,2023,55-64,42.7
1708,2600000,ŚWIĘTOKRZYSKIE,2023,55-64,50.7
1709,2800000,WARMIŃSKO-MAZURSKIE,2023,55-64,43.7
1710,3000000,WIELKOPOLSKIE,2023,55-64,46.9
1711,3200000,ZACHODNIOPOMORSKIE,2023,55-64,44.1
1712,200000,DOLNOŚLĄSKIE,2024,55-64,49.7
1713,400000,KUJAWSKO-POMORSKIE,2024,55-64,47.5
1714,600000,LUBELSKIE,2024,55-64,51.5
1715,800000,LUBUSKIE,2024,55-64,47.3
1716,1000000,ŁÓDZKIE,2024,55-64,51.3
1717,1200000,MAŁOPOLSKIE,2024,55-64,47.4
1718,1400000,MAZOWIECKIE,2024,55-64,59.0
1719,1600000,OPOLSKIE,2024,55-64,38.3
1720,1800000,PODKARPACKIE,2024,55-64,42.2
1721,2000000,PODLASKIE,2024,55-64,50.7
1722,2200000,POMORSKIE,2024,55-64,48.4
1723,2400000,ŚLĄSKIE,2024,55-64,43.7
1724,2600000,ŚWIĘTOKRZYSKIE,2024,55-64,50.7
1725,2800000,WARMIŃSKO-MAZURSKIE,2024,55-64,46.7
1726,3000000,WIELKOPOLSKIE,2024,55-64,50.7
1727,3200000,ZACHODNIOPOMORSKIE,2024,55-64,42.7
1728,200000,DOLNOŚLĄSKIE,2019,18-59/64,79.3
1729,400000,KUJAWSKO-POMORSKIE,2019,18-59/64,76.0
1730,600000,LUBELSKIE,2019,18-59/64,73.9
1731,800000,LUBUSKIE,2019,18-59/64,75.3
1732,1000000,ŁÓDZKIE,2019,18-59/64,78.0
1733,1200000,MAŁOPOLSKIE,2019,18-59/64,74.0
1734,1400000,MAZOWIECKIE,2019,18-59/64,81.0
1735,1600000,OPOLSKIE,2019,18-59/64,77.3
1736,1800000,PODKARPACKIE,2019,18-59/64,70.2
1737,2000000,PODLASKIE,2019,18-59/64,76.1
1738,2200000,POMORSKIE,2019,18-59/64,79.4
1739,2400000,ŚLĄSKIE,2019,18-59/64,74.7
1740,2600000,ŚWIĘTOKRZYSKIE,2019,18-59/64,72.3
1741,2800000,WARMIŃSKO-MAZURSKIE,2019,18-59/64,71.3
1742,3000000,WIELKOPOLSKIE,2019,18-59/64,79.1
1743,3200000,ZACHODNIOPOMORSKIE,2019,18-59/64,75.1
1744,200000,DOLNOŚLĄSKIE,2020,18-59/64,79.1
1745,400000,KUJAWSKO-POMORSKIE,2020,18-59/64,75.6
1746,600000,LUBELSKIE,2020,18-59/64,75.0
1747,800000,LUBUSKIE,2020,18-59/64,76.1
1748,1000000,ŁÓDZKIE,2020,18-59/64,79.2
1749,1200000,MAŁOPOLSKIE,2020,18-59/64,73.4
1750,1400000,MAZOWIECKIE,2020,18-59/64,80.6
1751,1600000,OPOLSKIE,2020,18-59/64,77.5
1752,1800000,PODKARPACKIE,2020,18-59/64,70.6
1753,2000000,PODLASKIE,2020,18-59/64,76.2
1754,2200000,POMORSKIE,2020,18-59/64,78.9
1755,2400000,ŚLĄSKIE,2020,18-59/64,74.5
1756,2600000,ŚWIĘTOKRZYSKIE,2020,18-59/64,74.9
1757,2800000,WARMIŃSKO-MAZURSKIE,2020,18-59/64,71.7
1758,3000000,WIELKOPOLSKIE,2020,18-59/64,78.1
1759,3200000,ZACHODNIOPOMORSKIE,2020,18-59/64,75.3
1760,200000,DOLNOŚLĄSKIE,2021,18-59/64,81.6
1761,400000,KUJAWSKO-POMORSKIE,2021,18-59/64,79.5
1762,600000,LUBELSKIE,2021,18-59/64,78.3
1763,800000,LUBUSKIE,2021,18-59/64,76.9
1764,1000000,ŁÓDZKIE,2021,18-59/64,81.4
1765,1200000,MAŁOPOLSKIE,2021,18-59/64,77.0
1766,1400000,MAZOWIECKIE,2021,18-59/64,83.3
1767,1600000,OPOLSKIE,2021,18-59/64,82.1
1768,1800000,PODKARPACKIE,2021,18-59/64,72.5
1769,2000000,PODLASKIE,2021,18-59/64,79.4
1770,2200000,POMORSKIE,2021,18-59/64,80.0
1771,2400000,ŚLĄSKIE,2021,18-59/64,76.9
1772,2600000,ŚWIĘTOKRZYSKIE,2021,18-59/64,78.6
1773,2800000,WARMIŃSKO-MAZURSKIE,2021,18-59/64,76.8
1774,3000000,WIELKOPOLSKIE,2021,18-59/64,82.0
1775,3200000,ZACHODNIOPOMORSKIE,2021,18-59/64,77.5
1776,200000,DOLNOŚLĄSKIE,2022,18-59/64,81.9
1777,400000,KUJAWSKO-POMORSKIE,2022,18-59/64,81.4
1778,600000,LUBELSKIE,2022,18-59/64,79.7
1779,800000,LUBUSKIE,2022,18-59/64,78.3
1780,1000000,ŁÓDZKIE,2022,18-59/64,83.5
1781,1200000,MAŁOPOLSKIE,2022,18-59/64,76.7
1782,1400000,MAZOWIECKIE,2022,18-59/64,84.6
1783,1600000,OPOLSKIE,2022,18-59/64,80.6
1784,1800000,PODKARPACKIE,2022,18-59/64,72.7
1785,2000000,PODLASKIE,2022,18-59/64,80.6
1786,2200000,POMORSKIE,2022,18-59/64,80.8
1787,2400000,ŚLĄSKIE,2022,18-59/64,78.0
1788,2600000,ŚWIĘTOKRZYSKIE,2022,18-59/64,79.7
1789,2800000,WARMIŃSKO-MAZURSKIE,2022,18-59/64,76.9
1790,3000000,WIELKOPOLSKIE,2022,18-59/64,81.9
1791,3200000,ZACHODNIOPOMORSKIE,2022,18-59/64,78.2
1792,200000,DOLNOŚLĄSKIE,2023,18-59/64,83.7
1793,400000,KUJAWSKO-POMORSKIE,2023,18-59/64,82.0
1794,600000,LUBELSKIE,2023,18-59/64,80.0
1795,800000,LUBUSKIE,2023,18-59/64,80.6
1796,1000000,ŁÓDZKIE,2023,18-59/64,82.8
1797,1200000,MAŁOPOLSKIE,2023,18-59/64,78.3
1798,1400000,MAZOWIECKIE,2023,18-59/64,85.2
1799,1600000,OPOLSKIE,2023,18-59/64,81.2
1800,1800000,PODKARPACKIE,2023,18-59/64,74.6
1801,2000000,PODLASKIE,2023,18-59/64,80.8
1802,2200000,POMORSKIE,2023,18-59/64,81.7
1803,2400000,ŚLĄSKIE,2023,18-59/64,79.8
1804,2600000,ŚWIĘTOKRZYSKIE,2023,18-59/64,79.9
1805,2800000,WARMIŃSKO-MAZURSKIE,2023,18-59/64,77.5
1806,3000000,WIELKOPOLSKIE,2023,18-59/64,82.7
1807,3200000,ZACHODNIOPOMORSKIE,2023,18-59/64,80.2
1808,200000,DOLNOŚLĄSKIE,2024,18-59/64,84.5
1809,400000,KUJAWSKO-POMORSKIE,2024,18-59/64,82.6
1810,600000,LUBELSKIE,2024,18-59/64,80.2
1811,800000,LUBUSKIE,2024,18-59/64,79.9
1812,1000000,ŁÓDZKIE,2024,18-59/64,81.8
1813,1200000,MAŁOPOLSKIE,2024,18-59/64,79.1
1814,1400000,MAZOWIECKIE,2024,18-59/64,85.4
1815,1600000,OPOLSKIE,2024,18-59/64,83.0
1816,1800000,PODKARPACKIE,2024,18-59/64,75.6
1817,2000000,PODLASKIE,2024,18-59/64,79.9
1818,2200000,POMORSKIE,2024,18-59/64,82.4
1819,2400000,ŚLĄSKIE,2024,18-59/64,79.4
1820,2600000,ŚWIĘTOKRZYSKIE,2024,18-59/64,80.3
1821,2800000,WARMIŃSKO-MAZURSKIE,2024,18-59/64,79.7
1822,3000000,WIELKOPOLSKIE,2024,18-59/64,82.3
1823,3200000,ZACHODNIOPOMORSKIE,2024,18-59/64,81.0
1824,200000,DOLNOŚLĄSKIE,2019,18-59/64,81.9
1825,400000,KUJAWSKO-POMORSKIE,2019,18-59/64,80.6
1826,600000,LUBELSKIE,2019,18-59/64,76.7
1827,800000,LUBUSKIE,2019,18-59/64,79.5
1828,1000000,ŁÓDZKIE,2019,18-59/64,81.0
1829,1200000,MAŁOPOLSKIE,2019,18-59/64,78.4
1830,1400000,MAZOWIECKIE,2019,18-59/64,83.7
1831,1600000,OPOLSKIE,2019,18-59/64,82.4
1832,1800000,PODKARPACKIE,2019,18-59/64,75.1
1833,2000000,PODLASKIE,2019,18-59/64,79.5
1834,2200000,POMORSKIE,2019,18-59/64,85.0
1835,2400000,ŚLĄSKIE,2019,18-59/64,76.9
1836,2600000,ŚWIĘTOKRZYSKIE,2019,18-59/64,76.2
1837,2800000,WARMIŃSKO-MAZURSKIE,2019,18-59/64,75.7
1838,3000000,WIELKOPOLSKIE,2019,18-59/64,84.0
1839,3200000,ZACHODNIOPOMORSKIE,2019,18-59/64,79.0
1840,200000,DOLNOŚLĄSKIE,2020,18-59/64,82.0
1841,400000,KUJAWSKO-POMORSKIE,2020,18-59/64,80.1
1842,600000,LUBELSKIE,2020,18-59/64,77.7
1843,800000,LUBUSKIE,2020,18-59/64,80.7
1844,1000000,ŁÓDZKIE,2020,18-59/64,82.1
1845,1200000,MAŁOPOLSKIE,2020,18-59/64,78.5
1846,1400000,MAZOWIECKIE,2020,18-59/64,84.0
1847,1600000,OPOLSKIE,2020,18-59/64,83.0
1848,1800000,PODKARPACKIE,2020,18-59/64,75.6
1849,2000000,PODLASKIE,2020,18-59/64,79.7
1850,2200000,POMORSKIE,2020,18-59/64,85.1
1851,2400000,ŚLĄSKIE,2020,18-59/64,76.8
1852,2600000,ŚWIĘTOKRZYSKIE,2020,18-59/64,78.8
1853,2800000,WARMIŃSKO-MAZURSKIE,2020,18-59/64,76.5
1854,3000000,WIELKOPOLSKIE,2020,18-59/64,84.1
1855,3200000,ZACHODNIOPOMORSKIE,2020,18-59/64,79.3
1856,200000,DOLNOŚLĄSKIE,2021,18-59/64,85.1
1857,400000,KUJAWSKO-POMORSKIE,2021,18-59/64,83.1
1858,600000,LUBELSKIE,2021,18-59/64,80.7
1859,800000,LUBUSKIE,2021,18-59/64,80.7
1860,1000000,ŁÓDZKIE,2021,18-59/64,83.4
1861,1200000,MAŁOPOLSKIE,2021,18-59/64,81.3
1862,1400000,MAZOWIECKIE,2021,18-59/64,86.5
1863,1600000,OPOLSKIE,2021,18-59/64,86.1
1864,1800000,PODKARPACKIE,2021,18-59/64,78.9
1865,2000000,PODLASKIE,2021,18-59/64,82.0
1866,2200000,POMORSKIE,2021,18-59/64,84.8
1867,2400000,ŚLĄSKIE,2021,18-59/64,79.5
1868,2600000,ŚWIĘTOKRZYSKIE,2021,18-59/64,82.4
1869,2800000,WARMIŃSKO-MAZURSKIE,2021,18-59/64,80.6
1870,3000000,WIELKOPOLSKIE,2021,18-59/64,87.0
1871,3200000,ZACHODNIOPOMORSKIE,2021,18-59/64,80.3
1872,200000,DOLNOŚLĄSKIE,2022,18-59/64,84.8
1873,400000,KUJAWSKO-POMORSKIE,2022,18-59/64,84.2
1874,600000,LUBELSKIE,2022,18-59/64,82.4
1875,800000,LUBUSKIE,2022,18-59/64,83.1
1876,1000000,ŁÓDZKIE,2022,18-59/64,85.0
1877,1200000,MAŁOPOLSKIE,2022,18-59/64,81.1
1878,1400000,MAZOWIECKIE,2022,18-59/64,87.3
1879,1600000,OPOLSKIE,2022,18-59/64,83.3
1880,1800000,PODKARPACKIE,2022,18-59/64,77.0
1881,2000000,PODLASKIE,2022,18-59/64,83.2
1882,2200000,POMORSKIE,2022,18-59/64,84.6
1883,2400000,ŚLĄSKIE,2022,18-59/64,80.7
1884,2600000,ŚWIĘTOKRZYSKIE,2022,18-59/64,83.2
1885,2800000,WARMIŃSKO-MAZURSKIE,2022,18-59/64,81.5
1886,3000000,WIELKOPOLSKIE,2022,18-59/64,86.0
1887,3200000,ZACHODNIOPOMORSKIE,2022,18-59/64,81.0
1888,200000,DOLNOŚLĄSKIE,2023,18-59/64,85.5
1889,400000,KUJAWSKO-POMORSKIE,2023,18-59/64,84.0
1890,600000,LUBELSKIE,2023,18-59/64,82.8
1891,800000,LUBUSKIE,2023,18-59/64,84.9
1892,1000000,ŁÓDZKIE,2023,18-59/64,85.0
1893,1200000,MAŁOPOLSKIE,2023,18-59/64,81.1
1894,1400000,MAZOWIECKIE,2023,18-59/64,87.1
1895,1600000,OPOLSKIE,2023,18-59/64,83.8
1896,1800000,PODKARPACKIE,2023,18-59/64,78.3
1897,2000000,PODLASKIE,2023,18-59/64,84.1
1898,2200000,POMORSKIE,2023,18-59/64,84.7
1899,2400000,ŚLĄSKIE,2023,18-59/64,81.9
1900,2600000,ŚWIĘTOKRZYSKIE,2023,18-59/64,83.0
1901,2800000,WARMIŃSKO-MAZURSKIE,2023,18-59/64,81.1
1902,3000000,WIELKOPOLSKIE,2023,18-59/64,88.2
1903,3200000,ZACHODNIOPOMORSKIE,2023,18-59/64,83.4
1904,200000,DOLNOŚLĄSKIE,2024,18-59/64,86.5
1905,400000,KUJAWSKO-POMORSKIE,2024,18-59/64,84.8
1906,600000,LUBELSKIE,2024,18-59/64,82.9
1907,800000,LUBUSKIE,2024,18-59/64,84.9
1908,1000000,ŁÓDZKIE,2024,18-59/64,84.0
1909,1200000,MAŁOPOLSKIE,2024,18-59/64,80.9
1910,1400000,MAZOWIECKIE,2024,18-59/64,87.4
1911,1600000,OPOLSKIE,2024,18-59/64,85.8
1912,1800000,PODKARPACKIE,2024,18-59/64,80.0
1913,2000000,PODLASKIE,2024,18-59/64,83.0
1914,2200000,POMORSKIE,2024,18-59/64,85.2
1915,2400000,ŚLĄSKIE,2024,18-59/64,82.1
1916,2600000,ŚWIĘTOKRZYSKIE,2024,18-59/64,82.5
1917,2800000,WARMIŃSKO-MAZURSKIE,2024,18-59/64,82.0
1918,3000000,WIELKOPOLSKIE,2024,18-59/64,86.8
1919,3200000,ZACHODNIOPOMORSKIE,2024,18-59/64,84.4
1920,200000,DOLNOŚLĄSKIE,2019,18-59/64,76.5
1921,400000,KUJAWSKO-POMORSKIE,2019,18-59/64,70.7
1922,600000,LUBELSKIE,2019,18-59/64,70.7
1923,800000,LUBUSKIE,2019,18-59/64,70.3
1924,1000000,ŁÓDZKIE,2019,18-59/64,74.6
1925,1200000,MAŁOPOLSKIE,2019,18-59/64,69.0
1926,1400000,MAZOWIECKIE,2019,18-59/64,77.9
1927,1600000,OPOLSKIE,2019,18-59/64,71.3
1928,1800000,PODKARPACKIE,2019,18-59/64,64.4
1929,2000000,PODLASKIE,2019,18-59/64,72.1
1930,2200000,POMORSKIE,2019,18-59/64,73.3
1931,2400000,ŚLĄSKIE,2019,18-59/64,72.2
1932,2600000,ŚWIĘTOKRZYSKIE,2019,18-59/64,68.1
1933,2800000,WARMIŃSKO-MAZURSKIE,2019,18-59/64,66.1
1934,3000000,WIELKOPOLSKIE,2019,18-59/64,73.5
1935,3200000,ZACHODNIOPOMORSKIE,2019,18-59/64,70.4
1936,200000,DOLNOŚLĄSKIE,2020,18-59/64,75.8
1937,400000,KUJAWSKO-POMORSKIE,2020,18-59/64,70.4
1938,600000,LUBELSKIE,2020,18-59/64,72.0
1939,800000,LUBUSKIE,2020,18-59/64,70.6
1940,1000000,ŁÓDZKIE,2020,18-59/64,75.8
1941,1200000,MAŁOPOLSKIE,2020,18-59/64,67.7
1942,1400000,MAZOWIECKIE,2020,18-59/64,76.8
1943,1600000,OPOLSKIE,2020,18-59/64,71.2
1944,1800000,PODKARPACKIE,2020,18-59/64,64.7
1945,2000000,PODLASKIE,2020,18-59/64,72.1
1946,2200000,POMORSKIE,2020,18-59/64,72.0
1947,2400000,ŚLĄSKIE,2020,18-59/64,71.9
1948,2600000,ŚWIĘTOKRZYSKIE,2020,18-59/64,70.2
1949,2800000,WARMIŃSKO-MAZURSKIE,2020,18-59/64,66.5
1950,3000000,WIELKOPOLSKIE,2020,18-59/64,71.4
1951,3200000,ZACHODNIOPOMORSKIE,2020,18-59/64,70.7
1952,200000,DOLNOŚLĄSKIE,2021,18-59/64,77.8
1953,400000,KUJAWSKO-POMORSKIE,2021,18-59/64,75.3
1954,600000,LUBELSKIE,2021,18-59/64,75.2
1955,800000,LUBUSKIE,2021,18-59/64,72.0
1956,1000000,ŁÓDZKIE,2021,18-59/64,78.9
1957,1200000,MAŁOPOLSKIE,2021,18-59/64,72.1
1958,1400000,MAZOWIECKIE,2021,18-59/64,79.9
1959,1600000,OPOLSKIE,2021,18-59/64,77.6
1960,1800000,PODKARPACKIE,2021,18-59/64,65.0
1961,2000000,PODLASKIE,2021,18-59/64,76.1
1962,2200000,POMORSKIE,2021,18-59/64,74.6
1963,2400000,ŚLĄSKIE,2021,18-59/64,73.8
1964,2600000,ŚWIĘTOKRZYSKIE,2021,18-59/64,74.3
1965,2800000,WARMIŃSKO-MAZURSKIE,2021,18-59/64,72.1
1966,3000000,WIELKOPOLSKIE,2021,18-59/64,76.3
1967,3200000,ZACHODNIOPOMORSKIE,2021,18-59/64,73.9
1968,200000,DOLNOŚLĄSKIE,2022,18-59/64,78.5
1969,400000,KUJAWSKO-POMORSKIE,2022,18-59/64,78.2
1970,600000,LUBELSKIE,2022,18-59/64,76.9
1971,800000,LUBUSKIE,2022,18-59/64,73.1
1972,1000000,ŁÓDZKIE,2022,18-59/64,81.7
1973,1200000,MAŁOPOLSKIE,2022,18-59/64,71.9
1974,1400000,MAZOWIECKIE,2022,18-59/64,81.6
1975,1600000,OPOLSKIE,2022,18-59/64,77.7
1976,1800000,PODKARPACKIE,2022,18-59/64,67.8
1977,2000000,PODLASKIE,2022,18-59/64,77.3
1978,2200000,POMORSKIE,2022,18-59/64,76.4
1979,2400000,ŚLĄSKIE,2022,18-59/64,74.9
1980,2600000,ŚWIĘTOKRZYSKIE,2022,18-59/64,75.6
1981,2800000,WARMIŃSKO-MAZURSKIE,2022,18-59/64,71.5
1982,3000000,WIELKOPOLSKIE,2022,18-59/64,77.2
1983,3200000,ZACHODNIOPOMORSKIE,2022,18-59/64,75.2
1984,200000,DOLNOŚLĄSKIE,2023,18-59/64,81.6
1985,400000,KUJAWSKO-POMORSKIE,2023,18-59/64,79.7
1986,600000,LUBELSKIE,2023,18-59/64,76.7
1987,800000,LUBUSKIE,2023,18-59/64,75.6
1988,1000000,ŁÓDZKIE,2023,18-59/64,80.2
1989,1200000,MAŁOPOLSKIE,2023,18-59/64,75.1
1990,1400000,MAZOWIECKIE,2023,18-59/64,83.2
1991,1600000,OPOLSKIE,2023,18-59/64,78.2
1992,1800000,PODKARPACKIE,2023,18-59/64,70.6
1993,2000000,PODLASKIE,2023,18-59/64,77.1
1994,2200000,POMORSKIE,2023,18-59/64,78.6
1995,2400000,ŚLĄSKIE,2023,18-59/64,77.4
1996,2600000,ŚWIĘTOKRZYSKIE,2023,18-59/64,76.3
1997,2800000,WARMIŃSKO-MAZURSKIE,2023,18-59/64,73.4
1998,3000000,WIELKOPOLSKIE,2023,18-59/64,76.6
1999,3200000,ZACHODNIOPOMORSKIE,2023,18-59/64,76.6
2000,200000,DOLNOŚLĄSKIE,2024,18-59/64,82.2
2001,400000,KUJAWSKO-POMORSKIE,2024,18-59/64,80.2
2002,600000,LUBELSKIE,2024,18-59/64,77.1
2003,800000,LUBUSKIE,2024,18-59/64,74.1
2004,1000000,ŁÓDZKIE,2024,18-59/64,79.2
2005,1200000,MAŁOPOLSKIE,2024,18-59/64,77.2
2006,1400000,MAZOWIECKIE,2024,18-59/64,83.4
2007,1600000,OPOLSKIE,2024,18-59/64,79.7
2008,1800000,PODKARPACKIE,2024,18-59/64,70.6
2009,2000000,PODLASKIE,2024,18-59/64,76.5
2010,2200000,POMORSKIE,2024,18-59/64,79.3
2011,2400000,ŚLĄSKIE,2024,18-59/64,76.4
2012,2600000,ŚWIĘTOKRZYSKIE,2024,18-59/64,77.6
2013,2800000,WARMIŃSKO-MAZURSKIE,2024,18-59/64,76.9
2014,3000000,WIELKOPOLSKIE,2024,18-59/64,77.4
2015,3200000,ZACHODNIOPOMORSKIE,2024,18-59/64,77.2
2016,200000,DOLNOŚLĄSKIE,2019,50-89,33.6
2017,400000,KUJAWSKO-POMORSKIE,2019,50-89,32.8
2018,600000,LUBELSKIE,2019,50-89,32.6
2019,800000,LUBUSKIE,2019,50-89,33.6
2020,1000000,ŁÓDZKIE,2019,50-89,32.3
2021,1200000,MAŁOPOLSKIE,2019,50-89,31.1
2022,1400000,MAZOWIECKIE,2019,50-89,37.6
2023,1600000,OPOLSKIE,2019,50-89,33.7
2024,1800000,PODKARPACKIE,2019,50-89,29.8
2025,2000000,PODLASKIE,2019,50-89,34.3
2026,2200000,POMORSKIE,2019,50-89,36.7
2027,2400000,ŚLĄSKIE,2019,50-89,27.2
2028,2600000,ŚWIĘTOKRZYSKIE,2019,50-89,30.4
2029,2800000,WARMIŃSKO-MAZURSKIE,2019,50-89,33.2
2030,3000000,WIELKOPOLSKIE,2019,50-89,34.3
2031,3200000,ZACHODNIOPOMORSKIE,2019,50-89,32.9
2032,200000,DOLNOŚLĄSKIE,2020,50-89,33.7
2033,400000,KUJAWSKO-POMORSKIE,2020,50-89,32.7
2034,600000,LUBELSKIE,2020,50-89,34.0
2035,800000,LUBUSKIE,2020,50-89,33.9
2036,1000000,ŁÓDZKIE,2020,50-89,33.4
2037,1200000,MAŁOPOLSKIE,2020,50-89,32.8
2038,1400000,MAZOWIECKIE,2020,50-89,38.2
2039,1600000,OPOLSKIE,2020,50-89,34.8
2040,1800000,PODKARPACKIE,2020,50-89,31.2
2041,2000000,PODLASKIE,2020,50-89,35.4
2042,2200000,POMORSKIE,2020,50-89,37.4
2043,2400000,ŚLĄSKIE,2020,50-89,28.1
2044,2600000,ŚWIĘTOKRZYSKIE,2020,50-89,32.3
2045,2800000,WARMIŃSKO-MAZURSKIE,2020,50-89,34.3
2046,3000000,WIELKOPOLSKIE,2020,50-89,33.7
2047,3200000,ZACHODNIOPOMORSKIE,2020,50-89,34.1
2048,200000,DOLNOŚLĄSKIE,2021,50-89,35.2
2049,400000,KUJAWSKO-POMORSKIE,2021,50-89,36.1
2050,600000,LUBELSKIE,2021,50-89,35.7
2051,800000,LUBUSKIE,2021,50-89,33.8
2052,1000000,ŁÓDZKIE,2021,50-89,35.5
2053,1200000,MAŁOPOLSKIE,2021,50-89,35.1
2054,1400000,MAZOWIECKIE,2021,50-89,40.5
2055,1600000,OPOLSKIE,2021,50-89,37.4
2056,1800000,PODKARPACKIE,2021,50-89,33.2
2057,2000000,PODLASKIE,2021,50-89,38.0
2058,2200000,POMORSKIE,2021,50-89,38.5
2059,2400000,ŚLĄSKIE,2021,50-89,31.6
2060,2600000,ŚWIĘTOKRZYSKIE,2021,50-89,35.7
2061,2800000,WARMIŃSKO-MAZURSKIE,2021,50-89,35.1
2062,3000000,WIELKOPOLSKIE,2021,50-89,36.6
2063,3200000,ZACHODNIOPOMORSKIE,2021,50-89,34.8
2064,200000,DOLNOŚLĄSKIE,2022,50-89,35.7
2065,400000,KUJAWSKO-POMORSKIE,2022,50-89,36.9
2066,600000,LUBELSKIE,2022,50-89,36.7
2067,800000,LUBUSKIE,2022,50-89,35.9
2068,1000000,ŁÓDZKIE,2022,50-89,37.1
2069,1200000,MAŁOPOLSKIE,2022,50-89,33.7
2070,1400000,MAZOWIECKIE,2022,50-89,40.5
2071,1600000,OPOLSKIE,2022,50-89,36.4
2072,1800000,PODKARPACKIE,2022,50-89,32.9
2073,2000000,PODLASKIE,2022,50-89,38.0
2074,2200000,POMORSKIE,2022,50-89,38.6
2075,2400000,ŚLĄSKIE,2022,50-89,31.2
2076,2600000,ŚWIĘTOKRZYSKIE,2022,50-89,36.2
2077,2800000,WARMIŃSKO-MAZURSKIE,2022,50-89,36.4
2078,3000000,WIELKOPOLSKIE,2022,50-89,37.4
2079,3200000,ZACHODNIOPOMORSKIE,2022,50-89,35.4
2080,200000,DOLNOŚLĄSKIE,2023,50-89,36.3
2081,400000,KUJAWSKO-POMORSKIE,2023,50-89,37.3
2082,600000,LUBELSKIE,2023,50-89,35.2
2083,800000,LUBUSKIE,2023,50-89,37.3
2084,1000000,ŁÓDZKIE,2023,50-89,35.9
2085,1200000,MAŁOPOLSKIE,2023,50-89,34.8
2086,1400000,MAZOWIECKIE,2023,50-89,40.6
2087,1600000,OPOLSKIE,2023,50-89,37.2
2088,1800000,PODKARPACKIE,2023,50-89,33.2
2089,2000000,PODLASKIE,2023,50-89,39.6
2090,2200000,POMORSKIE,2023,50-89,38.4
2091,2400000,ŚLĄSKIE,2023,50-89,32.3
2092,2600000,ŚWIĘTOKRZYSKIE,2023,50-89,36.8
2093,2800000,WARMIŃSKO-MAZURSKIE,2023,50-89,36.3
2094,3000000,WIELKOPOLSKIE,2023,50-89,37.1
2095,3200000,ZACHODNIOPOMORSKIE,2023,50-89,35.1
2096,200000,DOLNOŚLĄSKIE,2024,50-89,35.1
2097,400000,KUJAWSKO-POMORSKIE,2024,50-89,37.8
2098,600000,LUBELSKIE,2024,50-89,35.9
2099,800000,LUBUSKIE,2024,50-89,36.4
2100,1000000,ŁÓDZKIE,2024,50-89,36.7
2101,1200000,MAŁOPOLSKIE,2024,50-89,35.7
2102,1400000,MAZOWIECKIE,2024,50-89,41.5
2103,1600000,OPOLSKIE,2024,50-89,36.6
2104,1800000,PODKARPACKIE,2024,50-89,33.2
2105,2000000,PODLASKIE,2024,50-89,38.5
2106,2200000,POMORSKIE,2024,50-89,38.7
2107,2400000,ŚLĄSKIE,2024,50-89,33.1
2108,2600000,ŚWIĘTOKRZYSKIE,2024,50-89,35.7
2109,2800000,WARMIŃSKO-MAZURSKIE,2024,50-89,36.0
2110,3000000,WIELKOPOLSKIE,2024,50-89,37.5
2111,3200000,ZACHODNIOPOMORSKIE,2024,50-89,35.2
2112,200000,DOLNOŚLĄSKIE,2019,50-89,43.1
2113,400000,KUJAWSKO-POMORSKIE,2019,50-89,42.4
2114,600000,LUBELSKIE,2019,50-89,40.0
2115,800000,LUBUSKIE,2019,50-89,43.2
2116,1000000,ŁÓDZKIE,2019,50-89,42.5
2117,1200000,MAŁOPOLSKIE,2019,50-89,39.3
2118,1400000,MAZOWIECKIE,2019,50-89,46.8
2119,1600000,OPOLSKIE,2019,50-89,44.5
2120,1800000,PODKARPACKIE,2019,50-89,38.2
2121,2000000,PODLASKIE,2019,50-89,42.9
2122,2200000,POMORSKIE,2019,50-89,46.5
2123,2400000,ŚLĄSKIE,2019,50-89,33.1
2124,2600000,ŚWIĘTOKRZYSKIE,2019,50-89,37.9
2125,2800000,WARMIŃSKO-MAZURSKIE,2019,50-89,41.5
2126,3000000,WIELKOPOLSKIE,2019,50-89,44.6
2127,3200000,ZACHODNIOPOMORSKIE,2019,50-89,41.2
2128,200000,DOLNOŚLĄSKIE,2020,50-89,43.2
2129,400000,KUJAWSKO-POMORSKIE,2020,50-89,42.6
2130,600000,LUBELSKIE,2020,50-89,41.9
2131,800000,LUBUSKIE,2020,50-89,44.4
2132,1000000,ŁÓDZKIE,2020,50-89,45.5
2133,1200000,MAŁOPOLSKIE,2020,50-89,40.2
2134,1400000,MAZOWIECKIE,2020,50-89,46.9
2135,1600000,OPOLSKIE,2020,50-89,45.7
2136,1800000,PODKARPACKIE,2020,50-89,40.5
2137,2000000,PODLASKIE,2020,50-89,43.7
2138,2200000,POMORSKIE,2020,50-89,47.2
2139,2400000,ŚLĄSKIE,2020,50-89,34.0
2140,2600000,ŚWIĘTOKRZYSKIE,2020,50-89,41.9
2141,2800000,WARMIŃSKO-MAZURSKIE,2020,50-89,43.3
2142,3000000,WIELKOPOLSKIE,2020,50-89,43.9
2143,3200000,ZACHODNIOPOMORSKIE,2020,50-89,42.9
2144,200000,DOLNOŚLĄSKIE,2021,50-89,45.4
2145,400000,KUJAWSKO-POMORSKIE,2021,50-89,46.3
2146,600000,LUBELSKIE,2021,50-89,44.9
2147,800000,LUBUSKIE,2021,50-89,44.1
2148,1000000,ŁÓDZKIE,2021,50-89,45.8
2149,1200000,MAŁOPOLSKIE,2021,50-89,43.6
2150,1400000,MAZOWIECKIE,2021,50-89,49.9
2151,1600000,OPOLSKIE,2021,50-89,48.4
2152,1800000,PODKARPACKIE,2021,50-89,43.9
2153,2000000,PODLASKIE,2021,50-89,47.4
2154,2200000,POMORSKIE,2021,50-89,48.0
2155,2400000,ŚLĄSKIE,2021,50-89,37.8
2156,2600000,ŚWIĘTOKRZYSKIE,2021,50-89,44.5
2157,2800000,WARMIŃSKO-MAZURSKIE,2021,50-89,45.1
2158,3000000,WIELKOPOLSKIE,2021,50-89,46.5
2159,3200000,ZACHODNIOPOMORSKIE,2021,50-89,43.6
2160,200000,DOLNOŚLĄSKIE,2022,50-89,45.9
2161,400000,KUJAWSKO-POMORSKIE,2022,50-89,47.3
2162,600000,LUBELSKIE,2022,50-89,45.3
2163,800000,LUBUSKIE,2022,50-89,46.3
2164,1000000,ŁÓDZKIE,2022,50-89,48.7
2165,1200000,MAŁOPOLSKIE,2022,50-89,41.5
2166,1400000,MAZOWIECKIE,2022,50-89,50.1
2167,1600000,OPOLSKIE,2022,50-89,47.2
2168,1800000,PODKARPACKIE,2022,50-89,42.3
2169,2000000,PODLASKIE,2022,50-89,47.6
2170,2200000,POMORSKIE,2022,50-89,48.7
2171,2400000,ŚLĄSKIE,2022,50-89,37.5
2172,2600000,ŚWIĘTOKRZYSKIE,2022,50-89,45.7
2173,2800000,WARMIŃSKO-MAZURSKIE,2022,50-89,46.9
2174,3000000,WIELKOPOLSKIE,2022,50-89,47.2
2175,3200000,ZACHODNIOPOMORSKIE,2022,50-89,45.2
2176,200000,DOLNOŚLĄSKIE,2023,50-89,45.2
2177,400000,KUJAWSKO-POMORSKIE,2023,50-89,48.1
2178,600000,LUBELSKIE,2023,50-89,43.6
2179,800000,LUBUSKIE,2023,50-89,46.3
2180,1000000,ŁÓDZKIE,2023,50-89,46.2
2181,1200000,MAŁOPOLSKIE,2023,50-89,41.9
2182,1400000,MAZOWIECKIE,2023,50-89,49.2
2183,1600000,OPOLSKIE,2023,50-89,48.1
2184,1800000,PODKARPACKIE,2023,50-89,40.9
2185,2000000,PODLASKIE,2023,50-89,48.7
2186,2200000,POMORSKIE,2023,50-89,48.1
2187,2400000,ŚLĄSKIE,2023,50-89,39.1
2188,2600000,ŚWIĘTOKRZYSKIE,2023,50-89,45.9
2189,2800000,WARMIŃSKO-MAZURSKIE,2023,50-89,45.7
2190,3000000,WIELKOPOLSKIE,2023,50-89,47.3
2191,3200000,ZACHODNIOPOMORSKIE,2023,50-89,44.8
2192,200000,DOLNOŚLĄSKIE,2024,50-89,43.6
2193,400000,KUJAWSKO-POMORSKIE,2024,50-89,47.6
2194,600000,LUBELSKIE,2024,50-89,44.2
2195,800000,LUBUSKIE,2024,50-89,45.9
2196,1000000,ŁÓDZKIE,2024,50-89,45.7
2197,1200000,MAŁOPOLSKIE,2024,50-89,43.4
2198,1400000,MAZOWIECKIE,2024,50-89,49.7
2199,1600000,OPOLSKIE,2024,50-89,47.9
2200,1800000,PODKARPACKIE,2024,50-89,42.0
2201,2000000,PODLASKIE,2024,50-89,47.6
2202,2200000,POMORSKIE,2024,50-89,47.4
2203,2400000,ŚLĄSKIE,2024,50-89,40.4
2204,2600000,ŚWIĘTOKRZYSKIE,2024,50-89,43.1
2205,2800000,WARMIŃSKO-MAZURSKIE,2024,50-89,44.1
2206,3000000,WIELKOPOLSKIE,2024,50-89,46.6
2207,3200000,ZACHODNIOPOMORSKIE,2024,50-89,44.3
2208,200000,DOLNOŚLĄSKIE,2019,50-89,26.1
2209,400000,KUJAWSKO-POMORSKIE,2019,50-89,25.1
2210,600000,LUBELSKIE,2019,50-89,26.5
2211,800000,LUBUSKIE,2019,50-89,25.9
2212,1000000,ŁÓDZKIE,2019,50-89,24.8
2213,1200000,MAŁOPOLSKIE,2019,50-89,24.5
2214,1400000,MAZOWIECKIE,2019,50-89,30.3
2215,1600000,OPOLSKIE,2019,50-89,24.9
2216,1800000,PODKARPACKIE,2019,50-89,22.8
2217,2000000,PODLASKIE,2019,50-89,27.2
2218,2200000,POMORSKIE,2019,50-89,28.7
2219,2400000,ŚLĄSKIE,2019,50-89,22.4
2220,2600000,ŚWIĘTOKRZYSKIE,2019,50-89,24.3
2221,2800000,WARMIŃSKO-MAZURSKIE,2019,50-89,26.4
2222,3000000,WIELKOPOLSKIE,2019,50-89,26.1
2223,3200000,ZACHODNIOPOMORSKIE,2019,50-89,26.0
2224,200000,DOLNOŚLĄSKIE,2020,50-89,26.3
2225,400000,KUJAWSKO-POMORSKIE,2020,50-89,24.8
2226,600000,LUBELSKIE,2020,50-89,27.7
2227,800000,LUBUSKIE,2020,50-89,25.4
2228,1000000,ŁÓDZKIE,2020,50-89,24.6
2229,1200000,MAŁOPOLSKIE,2020,50-89,26.7
2230,1400000,MAZOWIECKIE,2020,50-89,31.4
2231,1600000,OPOLSKIE,2020,50-89,25.9
2232,1800000,PODKARPACKIE,2020,50-89,23.6
2233,2000000,PODLASKIE,2020,50-89,28.6
2234,2200000,POMORSKIE,2020,50-89,29.4
2235,2400000,ŚLĄSKIE,2020,50-89,23.4
2236,2600000,ŚWIĘTOKRZYSKIE,2020,50-89,24.6
2237,2800000,WARMIŃSKO-MAZURSKIE,2020,50-89,27.1
2238,3000000,WIELKOPOLSKIE,2020,50-89,25.4
2239,3200000,ZACHODNIOPOMORSKIE,2020,50-89,26.7
2240,200000,DOLNOŚLĄSKIE,2021,50-89,27.0
2241,400000,KUJAWSKO-POMORSKIE,2021,50-89,27.9
2242,600000,LUBELSKIE,2021,50-89,28.3
2243,800000,LUBUSKIE,2021,50-89,25.5
2244,1000000,ŁÓDZKIE,2021,50-89,27.9
2245,1200000,MAŁOPOLSKIE,2021,50-89,28.1
2246,1400000,MAZOWIECKIE,2021,50-89,33.1
2247,1600000,OPOLSKIE,2021,50-89,28.8
2248,1800000,PODKARPACKIE,2021,50-89,24.3
2249,2000000,PODLASKIE,2021,50-89,30.7
2250,2200000,POMORSKIE,2021,50-89,30.8
2251,2400000,ŚLĄSKIE,2021,50-89,26.8
2252,2600000,ŚWIĘTOKRZYSKIE,2021,50-89,28.5
2253,2800000,WARMIŃSKO-MAZURSKIE,2021,50-89,26.9
2254,3000000,WIELKOPOLSKIE,2021,50-89,28.5
2255,3200000,ZACHODNIOPOMORSKIE,2021,50-89,27.4
2256,200000,DOLNOŚLĄSKIE,2022,50-89,27.7
2257,400000,KUJAWSKO-POMORSKIE,2022,50-89,28.2
2258,600000,LUBELSKIE,2022,50-89,29.5
2259,800000,LUBUSKIE,2022,50-89,27.4
2260,1000000,ŁÓDZKIE,2022,50-89,28.5
2261,1200000,MAŁOPOLSKIE,2022,50-89,27.5
2262,1400000,MAZOWIECKIE,2022,50-89,32.9
2263,1600000,OPOLSKIE,2022,50-89,28.1
2264,1800000,PODKARPACKIE,2022,50-89,25.1
2265,2000000,PODLASKIE,2022,50-89,30.0
2266,2200000,POMORSKIE,2022,50-89,30.1
2267,2400000,ŚLĄSKIE,2022,50-89,26.3
2268,2600000,ŚWIĘTOKRZYSKIE,2022,50-89,28.5
2269,2800000,WARMIŃSKO-MAZURSKIE,2022,50-89,27.7
2270,3000000,WIELKOPOLSKIE,2022,50-89,29.5
2271,3200000,ZACHODNIOPOMORSKIE,2022,50-89,27.4
2272,200000,DOLNOŚLĄSKIE,2023,50-89,29.5
2273,400000,KUJAWSKO-POMORSKIE,2023,50-89,28.6
2274,600000,LUBELSKIE,2023,50-89,28.5
2275,800000,LUBUSKIE,2023,50-89,29.6
2276,1000000,ŁÓDZKIE,2023,50-89,27.9
2277,1200000,MAŁOPOLSKIE,2023,50-89,28.8
2278,1400000,MAZOWIECKIE,2023,50-89,33.9
2279,1600000,OPOLSKIE,2023,50-89,28.7
2280,1800000,PODKARPACKIE,2023,50-89,26.7
2281,2000000,PODLASKIE,2023,50-89,32.2
2282,2200000,POMORSKIE,2023,50-89,30.4
2283,2400000,ŚLĄSKIE,2023,50-89,27.1
2284,2600000,ŚWIĘTOKRZYSKIE,2023,50-89,29.2
2285,2800000,WARMIŃSKO-MAZURSKIE,2023,50-89,27.9
2286,3000000,WIELKOPOLSKIE,2023,50-89,29.1
2287,3200000,ZACHODNIOPOMORSKIE,2023,50-89,26.9
2288,200000,DOLNOŚLĄSKIE,2024,50-89,28.3
2289,400000,KUJAWSKO-POMORSKIE,2024,50-89,29.9
2290,600000,LUBELSKIE,2024,50-89,29.1
2291,800000,LUBUSKIE,2024,50-89,28.2
2292,1000000,ŁÓDZKIE,2024,50-89,29.6
2293,1200000,MAŁOPOLSKIE,2024,50-89,29.5
2294,1400000,MAZOWIECKIE,2024,50-89,35.2
2295,1600000,OPOLSKIE,2024,50-89,27.6
2296,1800000,PODKARPACKIE,2024,50-89,25.9
2297,2000000,PODLASKIE,2024,50-89,31.5
2298,2200000,POMORSKIE,2024,50-89,31.6
2299,2400000,ŚLĄSKIE,2024,50-89,27.4
2300,2600000,ŚWIĘTOKRZYSKIE,2024,50-89,29.5
2301,2800000,WARMIŃSKO-MAZURSKIE,2024,50-89,29.3
2302,3000000,WIELKOPOLSKIE,2024,50-89,30.2
2303,3200000,ZACHODNIOPOMORSKIE,2024,50-89,28.0
